Lake Water Quality Report - 1950 to 2017


Lake Name,County Name,Waterbody ID(WBIC),Region Code,County Code,Station Name,Station ID,Geo Region,Lake Type
Little Dummy Lake,Barron,1861400,NO,3,,033184,NW,SEEPAGE



Group Seq No, Start Date, Secchi (Feet),Secchi Hit Bottom?,Secchi (Meters),Chlorophyll(ug/l),Total Phosphorus(ug/l),Secchi TSI,Total Phosphorus TSI,Chlorophyll TSI,Lake Level,Staff Gauge,Appearance,Color,Perception
8190851,05/15/1988,5.5,NO,1.7,,,53,,,1.5 FT. LOW,,,BROWN,
8190851,05/30/1988,5.75,NO,1.7,,,52,,,1.5 FT. LOW,,,BROWN,5-Enjoyment substantially impaired (algae)
8190851,07/04/1988,9.25,NO,2.8,,,45,,,DOWN 3',,,BROWN,
8190851,07/20/1988,9.5,NO,2.9,,,45,,,DOWN 3',,,BROWN,2-Very minor aesthetic problems
8190851,08/07/1988,8.5,NO,2.6,,,46,,,DOWN 2.5',,,BROWN,3-Enjoyment somewhat impaired (algae)
1,03/06/1989,,,,,20,,51,,,,,,
1,05/01/1989,11.2,,3.4,7,18,42,51,50,,,,,
1,04/18/1990,12.1,,3.7,5,,41,,47,,,,,
1,07/10/1990,9.8,,3,7,20,44,51,50,,,,,
8189101,06/17/2000,7.5,NO,2.3,,,48,,,NORMAL,,CLEAR,BROWN,2-Very minor aesthetic problems
8189101,07/17/2000,7,NO,2.1,,,49,,,HIGH,,MURKY,BROWN,2-Very minor aesthetic problems
8189101,09/03/2000,10.5,NO,3.2,,,43,,,HIGH,,CLEAR,BROWN,2-Very minor aesthetic problems
8188878,08/11/2002,8.25,NO,2.5,,,47,,,NORMAL,,CLEAR,BLUE,
8188878,10/05/2002,8.25,NO,2.5,,,47,,,HIGH,,CLEAR,BLUE,
8188878,11/03/2002,9,NO,2.7,,,45,,,HIGH,,CLEAR,BLUE,
8188878,04/15/2003,8,NO,2.4,,,47,,,NORMAL,,CLEAR,GREEN,
8188878,06/19/2003,8.75,NO,2.7,,,46,,,HIGH,,CLEAR,GREEN,
8188878,07/06/2003,6,NO,1.8,,,51,,,HIGH,,CLEAR,GREEN,
8188878,07/23/2003,7,NO,2.1,,,49,,,NORMAL,,CLEAR,GREEN,
8188878,08/09/2003,9.25,NO,2.8,,,45,,,NORMAL,,CLEAR,GREEN,
8188878,08/26/2003,9.5,NO,2.9,,,45,,,LOW,,CLEAR,GREEN,
8188878,09/03/2003,10.5,NO,3.2,,,43,,,LOW,,CLEAR,GREEN,
8188878,09/10/2003,11,NO,3.3,,,43,,,LOW,,CLEAR,GREEN,
8188878,09/25/2003,13,NO,4,,,40,,,LOW,,CLEAR,GREEN,
8188878,10/08/2003,12.5,NO,3.8,,,41,,,LOW,,CLEAR,GREEN,
8188878,10/29/2003,7.5,NO,2.3,,,48,,,LOW,,CLEAR,GREEN,
8188878,11/19/2003,10,NO,3,,,44,,,LOW,,CLEAR,GREEN,
8188878,04/24/2004,9,NO,2.7,,26,45,53,,NORMAL,,CLEAR,GREEN,1-Beautiful, could not be nicer
8188878,06/15/2004,7,NO,2.1,13.5,32,49,55,54,HIGH,,CLEAR,GREEN,1-Beautiful, could not be nicer
8188878,07/13/2004,6.5,NO,2,86.5,75,50,62,69,NORMAL,,CLEAR,GREEN,1-Beautiful, could not be nicer
8188878,08/17/2004,7.5,NO,2.3,10.2,,48,,52,HIGH,,MURKY,GREEN,2-Very minor aesthetic problems
8188878,10/06/2004,11,NO,3.3,4.95,17,43,50,47,LOW,,CLEAR,GREEN,1-Beautiful, could not be nicer
8188878,04/24/2005,7,NO,2.1,,24,49,53,,LOW,,CLEAR,GREEN,1-Beautiful, could not be nicer
8188878,06/20/2005,8.5,NO,2.6,7.4,19,46,51,50,NORMAL,,CLEAR,GREEN,1-Beautiful, could not be nicer
8188878,07/06/2005,8.5,NO,2.6,,,46,,,NORMAL,,CLEAR,GREEN,1-Beautiful, could not be nicer
8188878,07/17/2005,6.75,NO,2.1,4.41,20,50,51,46,LOW,,CLEAR,GREEN,1-Beautiful, could not be nicer
8188878,08/23/2005,8,NO,2.4,3.28,16,47,50,44,LOW,,CLEAR,GREEN,1-Beautiful, could not be nicer
8188878,10/11/2005,13.25,NO,4,3.19,13,40,48,44,NORMAL,,CLEAR,GREEN,1-Beautiful, could not be nicer
8188878,05/08/2006,8,NO,2.4,,28,47,54,,NORMAL,,CLEAR,GREEN,1-Beautiful, could not be nicer
8188878,06/19/2006,6.5,NO,2,7.31,21,50,52,50,NORMAL,,CLEAR,GREEN,1-Beautiful, could not be nicer
8188878,07/17/2006,9.5,NO,2.9,3.93,18,45,51,45,LOW,,CLEAR,GREEN,1-Beautiful, could not be nicer
8188878,08/15/2006,9,NO,2.7,4.31,15,45,49,46,LOW,,CLEAR,GREEN,1-Beautiful, could not be nicer
8188878,10/15/2006,9,NO,2.7,4.44,18,45,51,46,LOW,,CLEAR,GREEN,1-Beautiful, could not be nicer
8188878,04/23/2007,7.5,NO,2.3,,22,48,52,,LOW,,CLEAR,BLUE,5-Enjoyment substantially impaired (algae)
8188878,06/05/2007,13,NO,4,,,40,,,LOW,,CLEAR,BLUE,5-Enjoyment substantially impaired (algae)
8188878,06/12/2007,9,NO,2.7,3.84,21,45,52,45,LOW,,CLEAR,BLUE,5-Enjoyment substantially impaired (algae)
8188878,06/22/2007,9.5,NO,2.9,,,45,,,LOW,,CLEAR,BLUE,5-Enjoyment substantially impaired (algae)
8188878,06/29/2007,8.5,NO,2.6,,,46,,,LOW,,CLEAR,BLUE,5-Enjoyment substantially impaired (algae)
8188878,07/07/2007,9.5,NO,2.9,,,45,,,LOW,,CLEAR,BLUE,5-Enjoyment substantially impaired (algae)
8188878,07/17/2007,8,NO,2.4,5.33,18,47,51,47,LOW,,CLEAR,BLUE,
8188878,07/30/2007,10.5,NO,3.2,,,43,,,LOW,,CLEAR,BLUE,
8188878,08/08/2007,10,NO,3,,,44,,,LOW,,CLEAR,BLUE,
8188878,08/15/2007,10,NO,3,,,44,,,LOW,,CLEAR,BLUE,
8188878,08/20/2007,9,NO,2.7,9.11,16,45,50,52,LOW,,CLEAR,BLUE,
8188878,10/20/2007,9.5,NO,2.9,,,45,,,NORMAL,,CLEAR,BLUE,
8188878,05/06/2008,9.5,NO,2.9,,28,45,54,,NORMAL,,CLEAR,BLUE,1-Beautiful, could not be nicer
8188878,06/23/2008,9.5,NO,2.9,5.13,27,45,54,47,NORMAL,,CLEAR,GREEN,1-Beautiful, could not be nicer
8188878,07/01/2008,8,NO,2.4,,,47,,,NORMAL,,CLEAR,GREEN,1-Beautiful, could not be nicer
8188878,07/21/2008,7.5,NO,2.3,2.19,19,48,51,41,NORMAL,,CLEAR,GREEN,1-Beautiful, could not be nicer
8188878,08/25/2008,10,NO,3,3.36,12,44,47,44,LOW,,CLEAR,BLUE,1-Beautiful, could not be nicer
8188878,10/29/2008,12,NO,3.6,,,41,,,LOW,,CLEAR,BLUE,1-Beautiful, could not be nicer
8188878,05/04/2009,12,NO,3.6,,27,41,54,,LOW,,CLEAR,GREEN,1-Beautiful, could not be nicer
8188878,06/23/2009,13.5,NO,4.1,5.69,24,40,53,48,LOW,,CLEAR,GREEN,1-Beautiful, could not be nicer
8188878,07/07/2009,11,NO,3.3,,,43,,,LOW,,CLEAR,BLUE,1-Beautiful, could not be nicer
8188878,07/20/2009,11,NO,3.3,4.28,20,43,51,46,LOW,,CLEAR,BLUE,1-Beautiful, could not be nicer
8188878,08/24/2009,11,NO,3.3,5,18,43,51,47,LOW,,CLEAR,BLUE,1-Beautiful, could not be nicer
8188878,04/20/2010,14,NO,4.3,,25,39,53,,LOW,,CLEAR,BLUE,1-Beautiful, could not be nicer
8188878,06/22/2010,11,NO,3.3,4.3,20,43,51,46,LOW,,CLEAR,BLUE,1-Beautiful, could not be nicer
8188878,07/25/2010,12.5,NO,3.8,,,41,,,LOW,,CLEAR,BLUE,1-Beautiful, could not be nicer
8188878,07/26/2010,,,,2.92,14,,49,43,,,,,
8188878,08/30/2010,11,NO,3.3,4.14,20,43,51,46,LOW,,CLEAR,BLUE,1-Beautiful, could not be nicer
8188878,05/10/2011,10,NO,3,,27,44,54,,NORMAL,,CLEAR,BLUE,1-Beautiful, could not be nicer
8188878,06/28/2011,9,NO,2.7,9.24,22,45,52,52,NORMAL,,CLEAR,BLUE,1-Beautiful, could not be nicer
8188878,07/25/2011,8,NO,2.4,8.39,17,47,50,51,LOW,,CLEAR,BLUE,1-Beautiful, could not be nicer
8188878,08/22/2011,10.5,NO,3.2,8.39,19,43,51,51,NORMAL,,CLEAR,BLUE,1-Beautiful, could not be nicer
8188878,05/01/2012,8.25,NO,2.5,,29,47,54,,LOW,,CLEAR,GREEN,1-Beautiful, could not be nicer
8188878,06/27/2012,8.25,NO,2.5,4.12,22,47,52,46,NORMAL,,CLEAR,BLUE,1-Beautiful, could not be nicer
8188878,07/24/2012,8.5,NO,2.6,5.21,16,46,50,47,NORMAL,,CLEAR,GREEN,1-Beautiful, could not be nicer
8188878,08/14/2012,12,NO,3.6,3.44,11,41,47,44,LOW,,CLEAR,GREEN,1-Beautiful, could not be nicer
8188878,06/24/2013,8,NO,2.4,10.7,25.4,47,53,53,LOW,,CLEAR,GREEN,1-Beautiful, could not be nicer
8188878,07/29/2013,9.5,NO,2.9,6.37,16.5,45,50,49,LOW,,CLEAR,GREEN,1-Beautiful, could not be nicer
8188878,08/27/2013,9.5,NO,2.9,5.26,24.1,45,53,47,LOW,,CLEAR,GREEN,1-Beautiful, could not be nicer
8188878,05/18/2014,6.5,NO,2,,34.5,50,56,,NORMAL,,CLEAR,GREEN,1-Beautiful, could not be nicer
8188878,06/23/2014,9,NO,2.7,8.79,25.2,45,53,51,NORMAL,,CLEAR,GREEN,1-Beautiful, could not be nicer
8188878,07/28/2014,6.5,NO,2,10.3,29.2,50,54,52,NORMAL,,CLEAR,GREEN,1-Beautiful, could not be nicer
8188878,08/25/2014,7.5,NO,2.3,8.26,22.3,48,52,51,NORMAL,,CLEAR,GREEN,1-Beautiful, could not be nicer
8188878,04/20/2015,9,NO,2.7,,25.3,45,53,,NORMAL,,CLEAR,GREEN,1-Beautiful, could not be nicer
8188878,06/29/2015,9,NO,2.7,4.93,27.3,45,54,47,NORMAL,,CLEAR,GREEN,1-Beautiful, could not be nicer
8188878,07/29/2015,,,,4.99,30.8,,55,47,,,,,
8188878,07/30/2015,10.5,NO,3.2,,,43,,,NORMAL,,CLEAR,GREEN,1-Beautiful, could not be nicer
8188878,08/31/2015,12,NO,3.6,4.26,16.4,41,50,46,NORMAL,,CLEAR,GREEN,1-Beautiful, could not be nicer
8188878,05/03/2016,10,NO,3,,51.9,44,59,,HIGH,,CLEAR,BLUE,1-Beautiful, could not be nicer
8188878,06/21/2016,10,NO,3,4.18,19.2,44,51,46,NORMAL,,CLEAR,BLUE,1-Beautiful, could not be nicer
8188878,08/01/2016,10,NO,3,3.24,18,44,51,44,NORMAL,,CLEAR,GREEN,1-Beautiful, could not be nicer
8188878,08/29/2016,13,NO,4,2.1,12.7,40,48,40,NORMAL,,CLEAR,GREEN,1-Beautiful, could not be nicer
8188878,04/17/2017,10,NO,3,,22.4,44,52,,HIGH,,CLEAR,BLUE,1-Beautiful, could not be nicer
8188878,06/26/2017,11.5,NO,3.5,5.88,25.3,42,53,48,HIGH,,CLEAR,GREEN,1-Beautiful, could not be nicer
8188878,07/24/2017,10,NO,3,4.12,21,44,52,46,NORMAL,,CLEAR,GREEN,1-Beautiful, could not be nicer
8188878,08/28/2017,10,NO,3,5.99,14.9,44,49,48,NORMAL,,CLEAR,GREEN,1-Beautiful, could not be nicer



Start Date,Depth,Depth Units,Temperature,Temperature Units,Dissolved Oxygen,Dissolved Oxygen Units
03/06/1989,,,0.1,C,0.2,MG/L
05/01/1989,,,5.6,C,3.5,MG/L
04/18/1990,,,6.1,C,9.6,MG/L
07/10/1990,,,24.3,C,0.3,MG/L
04/24/2004,0,FEET,48.5,DEGREES F,,
04/24/2004,5,FEET,48.5,DEGREES F,8,MG/L
04/24/2004,10,FEET,48.3,DEGREES F,,
04/24/2004,15,FEET,47.1,DEGREES F,8,MG/L
04/24/2004,20,FEET,45.3,DEGREES F,7,MG/L
04/24/2004,25,FEET,44,DEGREES F,7,MG/L
04/24/2004,30,FEET,42.8,DEGREES F,6,MG/L
04/24/2004,35,FEET,42.7,DEGREES F,,
04/24/2004,40,FEET,41.7,DEGREES F,,
04/24/2004,44,FEET,41.1,DEGREES F,6,MG/L
06/15/2004,0,FEET,71.6,DEGREES F,,
06/15/2004,5,FEET,70.1,DEGREES F,8,MG/L
06/15/2004,10,FEET,65.1,DEGREES F,,
06/15/2004,15,FEET,58.2,DEGREES F,7,MG/L
06/15/2004,20,FEET,52.5,DEGREES F,5,MG/L
06/15/2004,25,FEET,46.4,DEGREES F,4,MG/L
06/15/2004,30,FEET,44.6,DEGREES F,1,MG/L
06/15/2004,35,FEET,44,DEGREES F,,
06/15/2004,40,FEET,44,DEGREES F,,
06/15/2004,44,FEET,43.5,DEGREES F,1,MG/L
07/13/2004,0,FEET,76.1,DEGREES F,,
07/13/2004,5,FEET,73.4,DEGREES F,8,MG/L
07/13/2004,10,FEET,66.3,DEGREES F,,
07/13/2004,15,FEET,59,DEGREES F,2,MG/L
07/13/2004,20,FEET,51.4,DEGREES F,1,MG/L
07/13/2004,25,FEET,46.4,DEGREES F,1,MG/L
07/13/2004,30,FEET,44.6,DEGREES F,1,MG/L
07/13/2004,35,FEET,44.2,DEGREES F,,
07/13/2004,40,FEET,44,DEGREES F,,
07/13/2004,44,FEET,43.8,DEGREES F,1,MG/L
08/17/2004,0,FEET,67.2,DEGREES F,,
08/17/2004,5,FEET,66.2,DEGREES F,7,MG/L
08/17/2004,10,FEET,64.7,DEGREES F,,
08/17/2004,15,FEET,60.6,DEGREES F,4,MG/L
08/17/2004,20,FEET,52.1,DEGREES F,2,MG/L
08/17/2004,25,FEET,47.4,DEGREES F,1,MG/L
08/17/2004,30,FEET,45.3,DEGREES F,1,MG/L
08/17/2004,35,FEET,44.6,DEGREES F,,
08/17/2004,40,FEET,44.4,DEGREES F,,
08/17/2004,44,FEET,44,DEGREES F,1,MG/L
10/06/2004,0,FEET,55.4,DEGREES F,,
10/06/2004,5,FEET,54.5,DEGREES F,8,MG/L
10/06/2004,10,FEET,54.3,DEGREES F,,
10/06/2004,15,FEET,54.3,DEGREES F,8,MG/L
10/06/2004,20,FEET,54.1,DEGREES F,8,MG/L
10/06/2004,25,FEET,48.2,DEGREES F,4,MG/L
10/06/2004,30,FEET,45.8,DEGREES F,1,MG/L
10/06/2004,35,FEET,45.1,DEGREES F,,
10/06/2004,40,FEET,44.9,DEGREES F,,
10/06/2004,44,FEET,44.6,DEGREES F,1,MG/L
04/24/2005,5,FEET,52.8,DEGREES F,10,MG/L
04/24/2005,10,FEET,52.5,DEGREES F,,
04/24/2005,15,FEET,44.4,DEGREES F,10,MG/L
04/24/2005,20,FEET,42.2,DEGREES F,10,MG/L
04/24/2005,25,FEET,42,DEGREES F,10,MG/L
04/24/2005,30,FEET,42,DEGREES F,10,MG/L
04/24/2005,35,FEET,42,DEGREES F,,
04/24/2005,40,FEET,41.7,DEGREES F,,
04/24/2005,44,FEET,41.5,DEGREES F,10,MG/L
06/20/2005,5,FEET,76.4,DEGREES F,8,MG/L
06/20/2005,10,FEET,67.8,DEGREES F,,
06/20/2005,15,FEET,54.5,DEGREES F,4,MG/L
06/20/2005,20,FEET,47.4,DEGREES F,2,MG/L
06/20/2005,25,FEET,44,DEGREES F,1.5,MG/L
06/20/2005,30,FEET,43.1,DEGREES F,1,MG/L
06/20/2005,35,FEET,42.6,DEGREES F,,
06/20/2005,40,FEET,42.4,DEGREES F,,
06/20/2005,44,FEET,42.2,DEGREES F,1,MG/L
07/17/2005,5,FEET,84.7,DEGREES F,7,MG/L
07/17/2005,10,FEET,72.6,DEGREES F,,
07/17/2005,15,FEET,58.4,DEGREES F,1,MG/L
07/17/2005,20,FEET,51,DEGREES F,1,MG/L
07/17/2005,25,FEET,46.5,DEGREES F,1,MG/L
07/17/2005,30,FEET,43.3,DEGREES F,1,MG/L
07/17/2005,35,FEET,42.8,DEGREES F,,
07/17/2005,40,FEET,42.8,DEGREES F,,
07/17/2005,44,FEET,42.6,DEGREES F,1,MG/L
08/23/2005,5,FEET,69.8,DEGREES F,8,MG/L
08/23/2005,10,FEET,69.6,DEGREES F,8,MG/L
08/23/2005,15,FEET,60.6,DEGREES F,3,MG/L
08/23/2005,20,FEET,49.4,DEGREES F,1,MG/L
08/23/2005,25,FEET,45.6,DEGREES F,1,MG/L
08/23/2005,30,FEET,43.8,DEGREES F,1,MG/L
08/23/2005,35,FEET,43.1,DEGREES F,,
08/23/2005,40,FEET,42.8,DEGREES F,,
08/23/2005,44,FEET,42.8,DEGREES F,.5,MG/L
10/11/2005,5,FEET,56,DEGREES F,10,MG/L
10/11/2005,10,FEET,55.4,DEGREES F,,
10/11/2005,15,FEET,55.2,DEGREES F,10,MG/L
10/11/2005,20,FEET,54.3,DEGREES F,10,MG/L
10/11/2005,25,FEET,47.4,DEGREES F,3,MG/L
10/11/2005,30,FEET,44.6,DEGREES F,1,MG/L
10/11/2005,35,FEET,44,DEGREES F,,
10/11/2005,40,FEET,43.7,DEGREES F,,
10/11/2005,44,FEET,43.5,DEGREES F,1,MG/L
05/08/2006,0,FEET,59.3,DEGREES F,,
05/08/2006,5,FEET,59.3,DEGREES F,10,MG/L
05/08/2006,10,FEET,57.2,DEGREES F,,
05/08/2006,15,FEET,53.9,DEGREES F,8,MG/L
05/08/2006,20,FEET,45.1,DEGREES F,5,MG/L
05/08/2006,25,FEET,41.3,DEGREES F,3,MG/L
05/08/2006,30,FEET,40.8,DEGREES F,2,MG/L
05/08/2006,35,FEET,40.4,DEGREES F,,
05/08/2006,40,FEET,40.4,DEGREES F,,
05/08/2006,45,FEET,40.4,DEGREES F,1,MG/L
06/19/2006,0,FEET,74.3,DEGREES F,,
06/19/2006,5,FEET,74.3,DEGREES F,10,MG/L
06/19/2006,10,FEET,68,DEGREES F,,
06/19/2006,15,FEET,55,DEGREES F,10,MG/L
06/19/2006,20,FEET,48,DEGREES F,2,MG/L
06/19/2006,25,FEET,42.8,DEGREES F,1,MG/L
06/19/2006,30,FEET,41.7,DEGREES F,1,MG/L
06/19/2006,35,FEET,41.1,DEGREES F,,
06/19/2006,40,FEET,41,DEGREES F,,
06/19/2006,45,FEET,41,DEGREES F,1,MG/L
07/17/2006,0,FEET,80.9,DEGREES F,,
07/17/2006,5,FEET,80.9,DEGREES F,9,MG/L
07/17/2006,10,FEET,73.2,DEGREES F,,
07/17/2006,15,FEET,58.9,DEGREES F,6,MG/L
07/17/2006,20,FEET,48.5,DEGREES F,1,MG/L
07/17/2006,25,FEET,43.5,DEGREES F,1,MG/L
07/17/2006,30,FEET,42,DEGREES F,1,MG/L
07/17/2006,35,FEET,41.7,DEGREES F,,
07/17/2006,40,FEET,41.3,DEGREES F,,
07/17/2006,45,FEET,41.3,DEGREES F,.5,MG/L
08/15/2006,0,FEET,73.4,DEGREES F,,
08/15/2006,5,FEET,72.8,DEGREES F,8,MG/L
08/15/2006,10,FEET,72.6,DEGREES F,,
08/15/2006,15,FEET,61.3,DEGREES F,3,MG/L
08/15/2006,20,FEET,49.4,DEGREES F,2,MG/L
08/15/2006,25,FEET,44,DEGREES F,1,MG/L
08/15/2006,30,FEET,42.8,DEGREES F,1,MG/L
08/15/2006,35,FEET,42,DEGREES F,,
08/15/2006,40,FEET,41.9,DEGREES F,,
08/15/2006,45,FEET,41.7,DEGREES F,.5,MG/L
10/15/2006,0,FEET,46.8,DEGREES F,,
10/15/2006,5,FEET,46.2,DEGREES F,10,MG/L
10/15/2006,10,FEET,45.8,DEGREES F,,
10/15/2006,15,FEET,45.8,DEGREES F,10,MG/L
10/15/2006,20,FEET,45.8,DEGREES F,10,MG/L
10/15/2006,25,FEET,45.6,DEGREES F,10,MG/L
10/15/2006,30,FEET,45.6,DEGREES F,10,MG/L
10/15/2006,35,FEET,45.5,DEGREES F,,
10/15/2006,40,FEET,45.3,DEGREES F,,
10/15/2006,45,FEET,44.6,DEGREES F,10,MG/L
04/23/2007,0,FEET,57.7,DEGREES F,,
04/23/2007,5,FEET,57.3,DEGREES F,10,MG/L
04/23/2007,10,FEET,55.2,DEGREES F,,
04/23/2007,15,FEET,42.6,DEGREES F,10,MG/L
04/23/2007,20,FEET,40.6,DEGREES F,10,MG/L
04/23/2007,25,FEET,39.9,DEGREES F,10,MG/L
04/23/2007,30,FEET,39.7,DEGREES F,10,MG/L
04/23/2007,35,FEET,39.7,DEGREES F,,
04/23/2007,40,FEET,39.7,DEGREES F,,
04/23/2007,44,FEET,39.7,DEGREES F,10,MG/L
06/12/2007,0,FEET,75,DEGREES F,,
06/12/2007,5,FEET,74.4,DEGREES F,10,MG/L
06/12/2007,10,FEET,67.6,DEGREES F,,
06/12/2007,15,FEET,61.1,DEGREES F,8,MG/L
06/12/2007,20,FEET,47.1,DEGREES F,8,MG/L
06/12/2007,25,FEET,42.2,DEGREES F,8,MG/L
06/12/2007,30,FEET,40.8,DEGREES F,3,MG/L
06/12/2007,35,FEET,40.6,DEGREES F,,
06/12/2007,40,FEET,40.4,DEGREES F,,
06/12/2007,44,FEET,40.4,DEGREES F,2,MG/L
07/17/2007,0,FEET,74.4,DEGREES F,,
07/17/2007,5,FEET,73.7,DEGREES F,10,MG/L
07/17/2007,10,FEET,72.3,DEGREES F,,
07/17/2007,15,FEET,63.3,DEGREES F,5,MG/L
07/17/2007,20,FEET,49.4,DEGREES F,1,MG/L
07/17/2007,25,FEET,42.6,DEGREES F,1,MG/L
07/17/2007,30,FEET,41.3,DEGREES F,.5,MG/L
07/17/2007,35,FEET,41,DEGREES F,,
07/17/2007,40,FEET,41,DEGREES F,,
07/17/2007,44,FEET,40.8,DEGREES F,1,MG/L
08/20/2007,0,FEET,67.4,DEGREES F,,
08/20/2007,5,FEET,67.4,DEGREES F,8,MG/L
08/20/2007,10,FEET,67.2,DEGREES F,,
08/20/2007,15,FEET,67.2,DEGREES F,8,MG/L
08/20/2007,20,FEET,51.9,DEGREES F,1,MG/L
08/20/2007,25,FEET,44.6,DEGREES F,.5,MG/L
08/20/2007,30,FEET,42.6,DEGREES F,.5,MG/L
08/20/2007,35,FEET,42,DEGREES F,,
08/20/2007,40,FEET,41.7,DEGREES F,,
08/20/2007,44,FEET,41.7,DEGREES F,.5,MG/L
10/20/2007,0,FEET,53.6,DEGREES F,,
10/20/2007,5,FEET,53.2,DEGREES F,10,MG/L
10/20/2007,10,FEET,52.8,DEGREES F,,
10/20/2007,15,FEET,52.8,DEGREES F,10,MG/L
10/20/2007,20,FEET,52.8,DEGREES F,10,MG/L
10/20/2007,25,FEET,52.5,DEGREES F,10,MG/L
10/20/2007,30,FEET,46.4,DEGREES F,3,MG/L
10/20/2007,35,FEET,43.8,DEGREES F,,
10/20/2007,40,FEET,43.1,DEGREES F,,
10/20/2007,44,FEET,42.9,DEGREES F,1,MG/L
05/06/2008,0,FEET,53.9,DEGREES F,,
05/06/2008,5,FEET,51.6,DEGREES F,10,MG/L
05/06/2008,10,FEET,48.2,DEGREES F,,
05/06/2008,15,FEET,46.2,DEGREES F,10,MG/L
05/06/2008,20,FEET,44.4,DEGREES F,10,MG/L
05/06/2008,25,FEET,42.4,DEGREES F,10,MG/L
05/06/2008,30,FEET,41.7,DEGREES F,10,MG/L
05/06/2008,35,FEET,41.3,DEGREES F,,
05/06/2008,40,FEET,40.8,DEGREES F,,
05/06/2008,44,FEET,40.4,DEGREES F,10,MG/L
06/23/2008,0,FEET,71.9,DEGREES F,,
06/23/2008,5,FEET,70.5,DEGREES F,10,MG/L
06/23/2008,10,FEET,67.2,DEGREES F,,
06/23/2008,15,FEET,56.1,DEGREES F,10,MG/L
06/23/2008,20,FEET,46.4,DEGREES F,8,MG/L
06/23/2008,25,FEET,43.5,DEGREES F,4,MG/L
06/23/2008,30,FEET,42.6,DEGREES F,2,MG/L
06/23/2008,35,FEET,42,DEGREES F,,
06/23/2008,40,FEET,42,DEGREES F,,
06/23/2008,44,FEET,41.9,DEGREES F,2,MG/L
07/21/2008,0,FEET,74.6,DEGREES F,,
07/21/2008,5,FEET,74.1,DEGREES F,10,MG/L
07/21/2008,10,FEET,70.8,DEGREES F,,
07/21/2008,15,FEET,57.9,DEGREES F,1,MG/L
07/21/2008,20,FEET,47.1,DEGREES F,2,MG/L
07/21/2008,25,FEET,43.8,DEGREES F,1,MG/L
07/21/2008,30,FEET,42.6,DEGREES F,1,MG/L
07/21/2008,35,FEET,42.2,DEGREES F,,
07/21/2008,40,FEET,42,DEGREES F,,
07/21/2008,44,FEET,42,DEGREES F,1,MG/L
08/25/2008,0,FEET,71.6,DEGREES F,,
08/25/2008,5,FEET,71.2,DEGREES F,10,MG/L
08/25/2008,10,FEET,70.8,DEGREES F,,
08/25/2008,15,FEET,60,DEGREES F,5,MG/L
08/25/2008,20,FEET,48.9,DEGREES F,1,MG/L
08/25/2008,25,FEET,44.2,DEGREES F,.5,MG/L
08/25/2008,30,FEET,42.9,DEGREES F,.5,MG/L
08/25/2008,35,FEET,42.6,DEGREES F,,
08/25/2008,40,FEET,42.4,DEGREES F,,
08/25/2008,44,FEET,42.2,DEGREES F,.5,MG/L
10/29/2008,0,FEET,8.3,DEGREES C,9.1,MG/L
10/29/2008,5,FEET,7.5,DEGREES C,8.79,MG/L
10/29/2008,10,FEET,7.4,DEGREES C,8.67,MG/L
10/29/2008,15,FEET,7.4,DEGREES C,8.72,MG/L
10/29/2008,20,FEET,7.4,DEGREES C,8.65,MG/L
10/29/2008,25,FEET,7.3,DEGREES C,8.61,MG/L
10/29/2008,30,FEET,7.2,DEGREES C,8.63,MG/L
10/29/2008,35,FEET,7.2,DEGREES C,8.62,MG/L
10/29/2008,40,FEET,7,DEGREES C,8.52,MG/L
10/29/2008,44,FEET,7,DEGREES C,8.62,MG/L
05/04/2009,0,FEET,13.2,DEGREES C,10.2,MG/L
05/04/2009,5,FEET,12.8,DEGREES C,10.15,MG/L
05/04/2009,10,FEET,12.2,DEGREES C,9.8,MG/L
05/04/2009,15,FEET,11.2,DEGREES C,9.76,MG/L
05/04/2009,20,FEET,10.3,DEGREES C,8.6,MG/L
05/04/2009,25,FEET,10,DEGREES C,8.35,MG/L
05/04/2009,30,FEET,6.4,DEGREES C,1.6,MG/L
05/04/2009,35,FEET,5.7,DEGREES C,.36,MG/L
05/04/2009,40,FEET,5.7,DEGREES C,.12,MG/L
05/04/2009,44,FEET,5.7,DEGREES C,.12,MG/L
06/23/2009,0,FEET,26,DEGREES C,7.49,MG/L
06/23/2009,5,FEET,24.5,DEGREES C,7.87,MG/L
06/23/2009,10,FEET,17.9,DEGREES C,6.6,MG/L
06/23/2009,15,FEET,15.6,DEGREES C,4.55,MG/L
06/23/2009,20,FEET,11.8,DEGREES C,1.1,MG/L
06/23/2009,25,FEET,7.9,DEGREES C,.09,MG/L
06/23/2009,30,FEET,6.7,DEGREES C,.07,MG/L
06/23/2009,35,FEET,6.4,DEGREES C,.06,MG/L
06/23/2009,40,FEET,6.3,DEGREES C,.06,MG/L
06/23/2009,44,FEET,6.5,DEGREES C,.04,MG/L
07/07/2009,0,FEET,22.9,DEGREES C,8.3,MG/L
07/07/2009,5,FEET,22.5,DEGREES C,8.1,MG/L
07/07/2009,10,FEET,19.3,DEGREES C,7.2,MG/L
07/07/2009,15,FEET,15.9,DEGREES C,.65,MG/L
07/07/2009,20,FEET,11.5,DEGREES C,.07,MG/L
07/07/2009,25,FEET,7.8,DEGREES C,.07,MG/L
07/07/2009,30,FEET,6.8,DEGREES C,.07,MG/L
07/07/2009,35,FEET,6.5,DEGREES C,.05,MG/L
07/07/2009,40,FEET,6.3,DEGREES C,.04,MG/L
07/07/2009,44,FEET,6.4,DEGREES C,.03,MG/L
07/20/2009,0,FEET,67.2,DEGREES F,7.58,MG/L
07/20/2009,5,FEET,67.2,DEGREES F,7.56,MG/L
07/20/2009,10,FEET,66,DEGREES F,6.93,MG/L
07/20/2009,15,FEET,62.6,DEGREES F,.35,MG/L
07/20/2009,20,FEET,52,DEGREES F,.07,MG/L
07/20/2009,25,FEET,47,DEGREES F,.07,MG/L
07/20/2009,30,FEET,44.2,DEGREES F,.07,MG/L
07/20/2009,35,FEET,43.8,DEGREES F,.05,MG/L
07/20/2009,40,FEET,43.6,DEGREES F,.05,MG/L
07/20/2009,44,FEET,43.7,DEGREES F,.04,MG/L
08/24/2009,0,FEET,70.4,DEGREES F,7.82,MG/L
08/24/2009,5,FEET,70.3,DEGREES F,7.81,MG/L
08/24/2009,10,FEET,69,DEGREES F,6.85,MG/L
08/24/2009,15,FEET,65.7,DEGREES F,2.06,MG/L
08/24/2009,20,FEET,54.6,DEGREES F,.07,MG/L
08/24/2009,25,FEET,47.6,DEGREES F,.07,MG/L
08/24/2009,30,FEET,45.3,DEGREES F,.06,MG/L
08/24/2009,35,FEET,44.9,DEGREES F,.04,MG/L
08/24/2009,40,FEET,44.6,DEGREES F,.03,MG/L
08/24/2009,44,FEET,44.8,DEGREES F,.02,MG/L
04/20/2010,0,FEET,61.2,DEGREES F,9.86,MG/L
04/20/2010,5,FEET,57.5,DEGREES F,9.71,MG/L
04/20/2010,10,FEET,54.5,DEGREES F,10.2,MG/L
04/20/2010,15,FEET,53,DEGREES F,9.55,MG/L
04/20/2010,20,FEET,49,DEGREES F,8,MG/L
04/20/2010,25,FEET,43,DEGREES F,4.88,MG/L
04/20/2010,30,FEET,42,DEGREES F,4.06,MG/L
04/20/2010,35,FEET,41.8,DEGREES F,3.32,MG/L
04/20/2010,40,FEET,41.7,DEGREES F,.15,MG/L
04/20/2010,44,FEET,41.8,DEGREES F,.11,MG/L
06/22/2010,0,FEET,73.6,DEGREES F,8.15,MG/L
06/22/2010,5,FEET,72.3,DEGREES F,8.23,MG/L
06/22/2010,10,FEET,69,DEGREES F,7.52,MG/L
06/22/2010,15,FEET,57.2,DEGREES F,6.62,MG/L
06/22/2010,20,FEET,52,DEGREES F,3,MG/L
06/22/2010,25,FEET,47.8,DEGREES F,.16,MG/L
06/22/2010,30,FEET,44.6,DEGREES F,.12,MG/L
06/22/2010,35,FEET,44.1,DEGREES F,.14,MG/L
06/22/2010,40,FEET,43.9,DEGREES F,.09,MG/L
06/22/2010,44,FEET,44.1,DEGREES F,.08,MG/L
07/25/2010,0,FEET,77.9,DEGREES F,7.02,MG/L
07/25/2010,5,FEET,77.7,DEGREES F,7.02,MG/L
07/25/2010,10,FEET,76.1,DEGREES F,4.71,MG/L
07/25/2010,15,FEET,62.8,DEGREES F,.2,MG/L
07/25/2010,20,FEET,53.6,DEGREES F,.12,MG/L
07/25/2010,25,FEET,48,DEGREES F,.12,MG/L
07/25/2010,30,FEET,46,DEGREES F,.11,MG/L
07/25/2010,35,FEET,45.4,DEGREES F,.11,MG/L
07/25/2010,40,FEET,45.2,DEGREES F,.1,MG/L
07/25/2010,44,FEET,45.3,DEGREES F,.1,MG/L
08/30/2010,0,FEET,75.3,DEGREES F,6.91,MG/L
08/30/2010,5,FEET,75.2,DEGREES F,6.91,MG/L
08/30/2010,10,FEET,74.9,DEGREES F,6.62,MG/L
08/30/2010,15,FEET,69.2,DEGREES F,.87,MG/L
08/30/2010,20,FEET,56.7,DEGREES F,.15,MG/L
08/30/2010,25,FEET,49.2,DEGREES F,.14,MG/L
08/30/2010,30,FEET,47.1,DEGREES F,.14,MG/L
08/30/2010,35,FEET,46.4,DEGREES F,.12,MG/L
08/30/2010,40,FEET,46.1,DEGREES F,.11,MG/L
08/30/2010,44,FEET,46.1,DEGREES F,.1,MG/L
05/10/2011,0,FEET,56.4,DEGREES F,10.27,MG/L
05/10/2011,5,FEET,56.2,DEGREES F,10.19,MG/L
05/10/2011,10,FEET,55.2,DEGREES F,10.19,MG/L
05/10/2011,15,FEET,52.7,DEGREES F,10.3,MG/L
05/10/2011,20,FEET,45.3,DEGREES F,10.17,MG/L
05/10/2011,25,FEET,44.1,DEGREES F,9.6,MG/L
05/10/2011,30,FEET,43.8,DEGREES F,9.56,MG/L
05/10/2011,35,FEET,43.6,DEGREES F,9.09,MG/L
05/10/2011,40,FEET,43.5,DEGREES F,8.39,MG/L
05/10/2011,44,FEET,43.3,DEGREES F,1.2,MG/L
06/28/2011,0,FEET,70.2,DEGREES F,7.7,MG/L
06/28/2011,5,FEET,70.2,DEGREES F,7.62,MG/L
06/28/2011,10,FEET,67.2,DEGREES F,7,MG/L
06/28/2011,15,FEET,58.1,DEGREES F,2.7,MG/L
06/28/2011,20,FEET,48.1,DEGREES F,5.03,MG/L
06/28/2011,25,FEET,44.7,DEGREES F,4.82,MG/L
06/28/2011,30,FEET,44.1,DEGREES F,2.59,MG/L
06/28/2011,35,FEET,43.7,DEGREES F,.29,MG/L
06/28/2011,40,FEET,43.6,DEGREES F,.23,MG/L
06/28/2011,44,FEET,43.6,DEGREES F,.2,MG/L
07/25/2011,0,FEET,78.5,DEGREES F,6.8,MG/L
07/25/2011,5,FEET,78.2,DEGREES F,6.8,MG/L
07/25/2011,10,FEET,74.3,DEGREES F,6.25,MG/L
07/25/2011,15,FEET,59.2,DEGREES F,.032,MG/L
07/25/2011,20,FEET,49.2,DEGREES F,1.53,MG/L
07/25/2011,25,FEET,45.4,DEGREES F,.3,MG/L
07/25/2011,30,FEET,44.2,DEGREES F,.2,MG/L
07/25/2011,35,FEET,44.1,DEGREES F,.15,MG/L
07/25/2011,40,FEET,43.8,DEGREES F,.2,MG/L
07/25/2011,44,FEET,44,DEGREES F,.14,MG/L
08/22/2011,0,FEET,74,DEGREES F,6.31,MG/L
08/22/2011,5,FEET,73.9,DEGREES F,6.14,MG/L
08/22/2011,10,FEET,73.5,DEGREES F,5.46,MG/L
08/22/2011,15,FEET,63.2,DEGREES F,.35,MG/L
08/22/2011,20,FEET,50.4,DEGREES F,.29,MG/L
08/22/2011,25,FEET,46.2,DEGREES F,.23,MG/L
08/22/2011,30,FEET,44.7,DEGREES F,.2,MG/L
08/22/2011,35,FEET,44.3,DEGREES F,.19,MG/L
08/22/2011,40,FEET,44.1,DEGREES F,.17,MG/L
08/22/2011,44,FEET,44.3,DEGREES F,.17,MG/L
05/01/2012,0,FEET,55,DEGREES F,,
05/01/2012,5,FEET,54.9,DEGREES F,,
06/27/2012,0,FEET,73.9,DEGREES F,7.76,MG/L
06/27/2012,5,FEET,73.8,DEGREES F,7.65,MG/L
06/27/2012,10,FEET,73.2,DEGREES F,6.1,MG/L
06/27/2012,15,FEET,58.4,DEGREES F,.7,MG/L
06/27/2012,20,FEET,51.4,DEGREES F,.1,MG/L
06/27/2012,25,FEET,47.9,DEGREES F,.04,MG/L
06/27/2012,30,FEET,46.9,DEGREES F,.05,MG/L
06/27/2012,35,FEET,46.7,DEGREES F,.09,MG/L
06/27/2012,40,FEET,46.5,DEGREES F,.09,MG/L
06/27/2012,44,FEET,76.4,DEGREES F,.09,MG/L
07/24/2012,0,FEET,81.9,DEGREES F,7,MG/L
07/24/2012,5,FEET,81.9,DEGREES F,7.05,MG/L
07/24/2012,10,FEET,78.8,DEGREES F,4.65,MG/L
07/24/2012,15,FEET,62.7,DEGREES F,.4,MG/L
07/24/2012,20,FEET,52.1,DEGREES F,.14,MG/L
07/24/2012,25,FEET,48.5,DEGREES F,.11,MG/L
07/24/2012,30,FEET,47.1,DEGREES F,.1,MG/L
07/24/2012,35,FEET,46.7,DEGREES F,.1,MG/L
07/24/2012,40,FEET,46.4,DEGREES F,.09,MG/L
07/24/2012,44,FEET,46.5,DEGREES F,.09,MG/L
08/14/2012,0,FEET,72.8,DEGREES F,7.05,MG/L
08/14/2012,5,FEET,72.2,DEGREES F,7.12,MG/L
08/14/2012,10,FEET,71.9,DEGREES F,6.4,MG/L
08/14/2012,15,FEET,64.1,DEGREES F,.37,MG/L
08/14/2012,20,FEET,53.9,DEGREES F,.16,MG/L
08/14/2012,25,FEET,48.5,DEGREES F,.15,MG/L
08/14/2012,30,FEET,47.3,DEGREES F,.11,MG/L
08/14/2012,35,FEET,46.7,DEGREES F,.12,MG/L
08/14/2012,40,FEET,46.5,DEGREES F,.12,MG/L
08/14/2012,44,FEET,46.5,DEGREES F,.12,MG/L
06/24/2013,0,FEET,75.3,DEGREES F,8.01,MG/L
06/24/2013,5,FEET,74,DEGREES F,8.08,MG/L
06/24/2013,10,FEET,65.5,DEGREES F,8.67,MG/L
06/24/2013,15,FEET,50,DEGREES F,2.8,MG/L
06/24/2013,20,FEET,42.8,DEGREES F,.23,MG/L
06/24/2013,25,FEET,40.8,DEGREES F,.19,MG/L
06/24/2013,30,FEET,40.6,DEGREES F,.15,MG/L
06/24/2013,35,FEET,40.4,DEGREES F,.15,MG/L
06/24/2013,40,FEET,40.4,DEGREES F,.14,MG/L
06/24/2013,44,FEET,40.8,DEGREES F,.13,MG/L
07/29/2013,0,FEET,68.9,DEGREES F,7.58,MG/L
07/29/2013,5,FEET,68.1,DEGREES F,7.61,MG/L
07/29/2013,10,FEET,67.6,DEGREES F,6.96,MG/L
07/29/2013,15,FEET,54.4,DEGREES F,.22,MG/L
07/29/2013,20,FEET,44.9,DEGREES F,.2,MG/L
07/29/2013,25,FEET,41.4,DEGREES F,.2,MG/L
07/29/2013,30,FEET,40.8,DEGREES F,.18,MG/L
07/29/2013,35,FEET,40.7,DEGREES F,.18,MG/L
07/29/2013,40,FEET,40.7,DEGREES F,.18,MG/L
07/29/2013,44,FEET,41.2,DEGREES F,.16,MG/L
08/27/2013,0,FEET,80.4,DEGREES F,6.94,MG/L
08/27/2013,5,FEET,79.5,DEGREES F,6.91,MG/L
08/27/2013,10,FEET,73,DEGREES F,5.75,MG/L
08/27/2013,15,FEET,57.2,DEGREES F,.35,MG/L
08/27/2013,20,FEET,45.9,DEGREES F,.23,MG/L
08/27/2013,25,FEET,42.1,DEGREES F,.2,MG/L
08/27/2013,30,FEET,41.4,DEGREES F,.18,MG/L
08/27/2013,35,FEET,41,DEGREES F,.14,MG/L
08/27/2013,40,FEET,41,DEGREES F,.14,MG/L
08/27/2013,44,FEET,41.4,DEGREES F,.13,MG/L
05/18/2014,0,FEET,58.4,DEGREES F,10.3,MG/L
05/18/2014,5,FEET,57,DEGREES F,10.18,MG/L
05/18/2014,10,FEET,54.9,DEGREES F,10.28,MG/L
05/18/2014,15,FEET,47,DEGREES F,8.5,MG/L
05/18/2014,20,FEET,42.5,DEGREES F,7.88,MG/L
05/18/2014,25,FEET,41.7,DEGREES F,7.24,MG/L
05/18/2014,30,FEET,41.2,DEGREES F,6.82,MG/L
05/18/2014,35,FEET,41,DEGREES F,5.7,MG/L
05/18/2014,40,FEET,40.9,DEGREES F,4.86,MG/L
05/18/2014,44,FEET,41,DEGREES F,.2,MG/L
06/23/2014,0,FEET,78,DEGREES F,7.84,MG/L
06/23/2014,5,FEET,75.3,DEGREES F,7.77,MG/L
06/23/2014,10,FEET,67.8,DEGREES F,5.71,MG/L
06/23/2014,15,FEET,54.4,DEGREES F,5.9,MG/L
06/23/2014,20,FEET,45.4,DEGREES F,3.97,MG/L
06/23/2014,25,FEET,42.6,DEGREES F,2.66,MG/L
06/23/2014,30,FEET,41.6,DEGREES F,.15,MG/L
06/23/2014,35,FEET,41.4,DEGREES F,.14,MG/L
06/23/2014,40,FEET,41.3,DEGREES F,.12,MG/L
06/23/2014,44,FEET,41.4,DEGREES F,.11,MG/L
07/28/2014,0,FEET,74.4,DEGREES F,6.05,MG/L
07/28/2014,5,FEET,74.5,DEGREES F,6.07,MG/L
07/28/2014,10,FEET,73,DEGREES F,4,MG/L
07/28/2014,15,FEET,56,DEGREES F,.5,MG/L
07/28/2014,20,FEET,46.7,DEGREES F,.65,MG/L
07/28/2014,25,FEET,43.2,DEGREES F,.16,MG/L
07/28/2014,30,FEET,42.1,DEGREES F,.13,MG/L
07/28/2014,35,FEET,41.8,DEGREES F,.12,MG/L
07/28/2014,40,FEET,41.7,DEGREES F,.11,MG/L
07/28/2014,44,FEET,42,DEGREES F,.1,MG/L
08/25/2014,0,FEET,76.4,DEGREES F,6.63,MG/L
08/25/2014,5,FEET,75.2,DEGREES F,6.63,MG/L
08/25/2014,10,FEET,73.8,DEGREES F,5.52,MG/L
08/25/2014,15,FEET,59.1,DEGREES F,.14,MG/L
08/25/2014,20,FEET,47.5,DEGREES F,.14,MG/L
08/25/2014,25,FEET,43.6,DEGREES F,.13,MG/L
08/25/2014,30,FEET,42.4,DEGREES F,.12,MG/L
08/25/2014,35,FEET,42,DEGREES F,.13,MG/L
08/25/2014,40,FEET,41.8,DEGREES F,.11,MG/L
08/25/2014,44,FEET,41.9,DEGREES F,.11,MG/L
04/20/2015,0,FEET,53.9,DEGREES F,9.75,MG/L
04/20/2015,5,FEET,53.8,DEGREES F,9.7,MG/L
04/20/2015,10,FEET,53.7,DEGREES F,9.03,MG/L
04/20/2015,15,FEET,50.7,DEGREES F,9.52,MG/L
04/20/2015,20,FEET,47.9,DEGREES F,9,MG/L
04/20/2015,25,FEET,45.3,DEGREES F,8.2,MG/L
04/20/2015,30,FEET,43.9,DEGREES F,7.33,MG/L
04/20/2015,35,FEET,43.5,DEGREES F,6.9,MG/L
04/20/2015,40,FEET,43.3,DEGREES F,2.6,MG/L
04/20/2015,44,FEET,43.3,DEGREES F,.22,MG/L
06/29/2015,0,FEET,78.1,DEGREES F,7.19,MG/L
06/29/2015,5,FEET,77.6,DEGREES F,7.31,MG/L
06/29/2015,10,FEET,71.5,DEGREES F,4.8,MG/L
06/29/2015,15,FEET,57,DEGREES F,2.44,MG/L
06/29/2015,20,FEET,50.4,DEGREES F,3.74,MG/L
06/29/2015,25,FEET,47.2,DEGREES F,1.23,MG/L
06/29/2015,30,FEET,45.9,DEGREES F,.2,MG/L
06/29/2015,35,FEET,45.6,DEGREES F,.16,MG/L
06/29/2015,40,FEET,45.3,DEGREES F,.14,MG/L
06/29/2015,44,FEET,45.3,DEGREES F,.12,MG/L
07/30/2015,0,FEET,77.3,DEGREES F,5.78,MG/L
07/30/2015,5,FEET,77.3,DEGREES F,5.8,MG/L
07/30/2015,10,FEET,76.5,DEGREES F,5.53,MG/L
07/30/2015,15,FEET,61.9,DEGREES F,.27,MG/L
07/30/2015,20,FEET,51.9,DEGREES F,.5,MG/L
07/30/2015,25,FEET,47.8,DEGREES F,.16,MG/L
07/30/2015,30,FEET,46.2,DEGREES F,.16,MG/L
07/30/2015,35,FEET,45.7,DEGREES F,.11,MG/L
07/30/2015,40,FEET,45.4,DEGREES F,.11,MG/L
07/30/2015,44,FEET,45.4,DEGREES F,.15,MG/L
08/31/2015,0,FEET,70.1,DEGREES F,7.38,MG/L
08/31/2015,5,FEET,70.1,DEGREES F,7.38,MG/L
08/31/2015,10,FEET,65.7,DEGREES F,6.67,MG/L
08/31/2015,15,FEET,64,DEGREES F,5.32,MG/L
08/31/2015,20,FEET,54.7,DEGREES F,.2,MG/L
08/31/2015,25,FEET,48.3,DEGREES F,.15,MG/L
08/31/2015,30,FEET,46.4,DEGREES F,.14,MG/L
08/31/2015,35,FEET,45.8,DEGREES F,.12,MG/L
08/31/2015,40,FEET,45.5,DEGREES F,.12,MG/L
08/31/2015,44,FEET,45.6,DEGREES F,.1,MG/L
05/03/2016,0,FEET,57.6,DEGREES F,,
05/03/2016,5,FEET,55.9,DEGREES F,,
05/03/2016,10,FEET,53.3,DEGREES F,,
05/03/2016,15,FEET,50.3,DEGREES F,,
05/03/2016,20,FEET,46.1,DEGREES F,,
05/03/2016,25,FEET,44.5,DEGREES F,,
05/03/2016,30,FEET,43.5,DEGREES F,,
05/03/2016,35,FEET,43.3,DEGREES F,,
05/03/2016,40,FEET,43.1,DEGREES F,,
05/03/2016,44,FEET,43.1,DEGREES F,,
06/21/2016,0,FEET,75.8,DEGREES F,6.85,MG/L
06/21/2016,5,FEET,75.9,DEGREES F,6.93,MG/L
06/21/2016,10,FEET,68.7,DEGREES F,6.12,MG/L
06/21/2016,15,FEET,54.6,DEGREES F,6.05,MG/L
06/21/2016,20,FEET,48.4,DEGREES F,5.23,MG/L
06/21/2016,25,FEET,45.2,DEGREES F,3.82,MG/L
06/21/2016,30,FEET,44.1,DEGREES F,1.76,MG/L
06/21/2016,35,FEET,43.7,DEGREES F,.14,MG/L
06/21/2016,40,FEET,43.5,DEGREES F,.12,MG/L
06/21/2016,44,FEET,43.6,DEGREES F,.12,MG/L
08/01/2016,0,FEET,77.2,DEGREES F,6.07,MG/L
08/01/2016,5,FEET,77.2,DEGREES F,6.05,MG/L
08/01/2016,10,FEET,75.1,DEGREES F,2.79,MG/L
08/01/2016,15,FEET,60.7,DEGREES F,1.5,MG/L
08/01/2016,20,FEET,50.3,DEGREES F,1.58,MG/L
08/01/2016,25,FEET,45.2,DEGREES F,.17,MG/L
08/01/2016,30,FEET,44.5,DEGREES F,.15,MG/L
08/01/2016,35,FEET,44.1,DEGREES F,.14,MG/L
08/01/2016,40,FEET,43.9,DEGREES F,.13,MG/L
08/01/2016,44,FEET,44,DEGREES F,.12,MG/L
08/29/2016,0,FEET,71.9,DEGREES F,6.65,MG/L
08/29/2016,5,FEET,71.6,DEGREES F,6.5,MG/L
08/29/2016,10,FEET,71,DEGREES F,5.36,MG/L
08/29/2016,15,FEET,63.9,DEGREES F,.22,MG/L
08/29/2016,20,FEET,51.6,DEGREES F,.13,MG/L
08/29/2016,25,FEET,46.9,DEGREES F,.14,MG/L
08/29/2016,30,FEET,44.9,DEGREES F,.12,MG/L
08/29/2016,35,FEET,44.3,DEGREES F,.12,MG/L
08/29/2016,40,FEET,44.1,DEGREES F,.11,MG/L
08/29/2016,44,FEET,44.3,DEGREES F,.1,MG/L
04/17/2017,0,FEET,50.9,DEGREES F,10.9,MG/L
04/17/2017,5,FEET,50.8,DEGREES F,10.72,MG/L
04/17/2017,10,FEET,50.7,DEGREES F,10.55,MG/L
04/17/2017,15,FEET,48.9,DEGREES F,10.33,MG/L
04/17/2017,20,FEET,44.2,DEGREES F,9.41,MG/L
04/17/2017,25,FEET,40.9,DEGREES F,4.49,MG/L
04/17/2017,30,FEET,40.1,DEGREES F,2.3,MG/L
04/17/2017,35,FEET,39.9,DEGREES F,1.32,MG/L
04/17/2017,40,FEET,40,DEGREES F,.7,MG/L
04/17/2017,44,FEET,40.1,DEGREES F,.19,MG/L
06/26/2017,0,FEET,67.7,DEGREES F,8.3,MG/L
06/26/2017,5,FEET,67.7,DEGREES F,8,MG/L
06/26/2017,10,FEET,67.4,DEGREES F,7.88,MG/L
06/26/2017,15,FEET,53.9,DEGREES F,5.16,MG/L
06/26/2017,20,FEET,47.9,DEGREES F,1.7,MG/L
06/26/2017,25,FEET,44.6,DEGREES F,.27,MG/L
06/26/2017,30,FEET,43.1,DEGREES F,.25,MG/L
06/26/2017,35,FEET,42.6,DEGREES F,.18,MG/L
06/26/2017,40,FEET,42.2,DEGREES F,.2,MG/L
06/26/2017,44,FEET,42.3,DEGREES F,.19,MG/L
07/24/2017,0,FEET,74.7,DEGREES F,6.48,MG/L
07/24/2017,5,FEET,74.5,DEGREES F,6.49,MG/L
07/24/2017,10,FEET,72.2,DEGREES F,2.9,MG/L
07/24/2017,15,FEET,56.7,DEGREES F,.62,MG/L
07/24/2017,20,FEET,48.8,DEGREES F,.18,MG/L
07/24/2017,25,FEET,44.7,DEGREES F,.15,MG/L
07/24/2017,30,FEET,43.5,DEGREES F,.17,MG/L
07/24/2017,35,FEET,43.1,DEGREES F,.14,MG/L
07/24/2017,40,FEET,42.7,DEGREES F,.16,MG/L
07/24/2017,44,FEET,42.9,DEGREES F,.16,MG/L
08/28/2017,0,FEET,66.5,DEGREES F,6.94,MG/L
08/28/2017,5,FEET,66.3,DEGREES F,6.89,MG/L
08/28/2017,10,FEET,66.1,DEGREES F,5.45,MG/L
08/28/2017,15,FEET,62.2,DEGREES F,.25,MG/L
08/28/2017,20,FEET,50.3,DEGREES F,.23,MG/L
08/28/2017,25,FEET,45.6,DEGREES F,.19,MG/L
08/28/2017,30,FEET,43.7,DEGREES F,.21,MG/L
08/28/2017,35,FEET,43.3,DEGREES F,.15,MG/L
08/28/2017,40,FEET,43,DEGREES F,.17,MG/L
08/28/2017,44,FEET,43.2,DEGREES F,.18,MG/L



Start Date,Fieldwork Comment
05/15/1988,No algae- but water brown and full of floating muck    
07/04/1988,Water quality tested by clean-flo.    
07/20/1988,Weeds and muck big problem- water cloudy.    
08/07/1988,4" rain before test.    
06/17/2000,Clear.    
04/15/2003,Between 1 and 2 on the custer color strip.    
06/19/2003,Between 1 and 2 on the custer color strip.    
07/06/2003,Between 1 and 2 on the custer color strip.    
07/23/2003,Between 1 and 2 on the custer color strip.    
08/09/2003,Between 1 and 2 on the custer color strip.    
08/26/2003,Between 1 and 2 on the custer color strip.    
09/03/2003,Between 1 and 2 on the custer color strip.    
09/10/2003,Between 1 and 2 on the custer color strip.    
09/25/2003,Between 1 and 2 on the custer color strip.    
10/08/2003,Between 1 and 2 on the custer color strip.    
10/29/2003,Between 1 and 2 on the custer color strip.    
11/19/2003,Between 1 and 2 on the custer color strip.    
04/24/2004,DEEP HOLE - 6FT INTEGRATED SAMPLE    
06/15/2004,rainy period    
07/13/2004,dry period    
08/17/2004,rainy period    
10/06/2004,dry period    
04/24/2005,DEEP HOLE - 6FT INTEGRATED    
06/20/2005,DEEP HOLE - INTEGRATED SAMPLE    
07/17/2005,DEEP HOLE - INTEGRATED SAMPLE    
08/23/2005,DEEP HOLE - INTEGRATED SAMPLE    
10/11/2005,DEEP HOLE - INTEGRATED SAMPLE    
06/05/2007,Sunny Day lake is calm (ideal day)
06/12/2007,Clear Sunshine Day
06/22/2007,Sunny Day slight waves
06/29/2007,Clear Sunny Day water calm
07/07/2007,Sunny Day slight waves
05/06/2008,Sunny clear day no wind
06/23/2008,Sunny clear day
07/01/2008,Sunny clear day slight breeze
07/21/2008,Overcast day slight breeze
08/25/2008,Bright sunny day slight breeze
10/29/2008,bright sunny day very slight breeze
06/22/2010,Bright sunny day with slight waves
07/25/2010,sun shinny day slight waves
08/30/2010,sun shinny day and waves




Start Date,Group Name,Project Name
05/15/1988,Ervin Greb,Citizen Lake Monitoring - Water Quality - Little Dummy Lake; Deep Hole
05/30/1988,Ervin Greb,Citizen Lake Monitoring - Water Quality - Little Dummy Lake; Deep Hole
07/04/1988,Ervin Greb,Citizen Lake Monitoring - Water Quality - Little Dummy Lake; Deep Hole
07/20/1988,Ervin Greb,Citizen Lake Monitoring - Water Quality - Little Dummy Lake; Deep Hole
08/07/1988,Ervin Greb,Citizen Lake Monitoring - Water Quality - Little Dummy Lake; Deep Hole
03/06/1989,Data Collectors,LAKE EVALUATION
05/01/1989,Data Collectors,LAKE EVALUATION
04/18/1990,Data Collectors,LAKE EVALUATION
07/10/1990,Data Collectors,Stream Evaluations 1988-1998
06/17/2000,Jim Mrdutt,Citizen Lake Monitoring - Water Quality - Little Dummy Lake; Deep Hole
07/17/2000,Jim Mrdutt,Citizen Lake Monitoring - Water Quality - Little Dummy Lake; Deep Hole
09/03/2000,Jim Mrdutt,Citizen Lake Monitoring - Water Quality - Little Dummy Lake; Deep Hole
08/11/2002,Lee Peterson,Citizen Lake Monitoring - Water Quality - Little Dummy Lake; Deep Hole
10/05/2002,Lee Peterson,Citizen Lake Monitoring - Water Quality - Little Dummy Lake; Deep Hole
11/03/2002,Lee Peterson,Citizen Lake Monitoring - Water Quality - Little Dummy Lake; Deep Hole
04/15/2003,Lee Peterson,Citizen Lake Monitoring - Water Quality - Little Dummy Lake; Deep Hole
06/19/2003,Lee Peterson,Citizen Lake Monitoring - Water Quality - Little Dummy Lake; Deep Hole
07/06/2003,Lee Peterson,Citizen Lake Monitoring - Water Quality - Little Dummy Lake; Deep Hole
07/23/2003,Lee Peterson,Citizen Lake Monitoring - Water Quality - Little Dummy Lake; Deep Hole
08/09/2003,Lee Peterson,Citizen Lake Monitoring - Water Quality - Little Dummy Lake; Deep Hole
08/26/2003,Lee Peterson,Citizen Lake Monitoring - Water Quality - Little Dummy Lake; Deep Hole
09/03/2003,Lee Peterson,Citizen Lake Monitoring - Water Quality - Little Dummy Lake; Deep Hole
09/10/2003,Lee Peterson,Citizen Lake Monitoring - Water Quality - Little Dummy Lake; Deep Hole
09/25/2003,Lee Peterson,Citizen Lake Monitoring - Water Quality - Little Dummy Lake; Deep Hole
10/08/2003,Lee Peterson,Citizen Lake Monitoring - Water Quality - Little Dummy Lake; Deep Hole
10/29/2003,Lee Peterson,Citizen Lake Monitoring - Water Quality - Little Dummy Lake; Deep Hole
11/19/2003,Lee Peterson,Citizen Lake Monitoring - Water Quality - Little Dummy Lake; Deep Hole
04/24/2004,Lee Peterson,Citizen Lake Monitoring - Water Quality - Little Dummy Lake; Deep Hole
06/15/2004,Lee Peterson,Citizen Lake Monitoring - Water Quality - Little Dummy Lake; Deep Hole
07/13/2004,Lee Peterson,Citizen Lake Monitoring - Water Quality - Little Dummy Lake; Deep Hole
08/17/2004,Lee Peterson,Citizen Lake Monitoring - Water Quality - Little Dummy Lake; Deep Hole
10/06/2004,Lee Peterson,Citizen Lake Monitoring - Water Quality - Little Dummy Lake; Deep Hole
04/24/2005,Lee Peterson,Citizen Lake Monitoring - Water Quality - Little Dummy Lake; Deep Hole
06/20/2005,Lee Peterson,Citizen Lake Monitoring - Water Quality - Little Dummy Lake; Deep Hole
07/06/2005,Lee Peterson,Citizen Lake Monitoring - Water Quality - Little Dummy Lake; Deep Hole
07/17/2005,Lee Peterson,Citizen Lake Monitoring - Water Quality - Little Dummy Lake; Deep Hole
08/23/2005,Lee Peterson,Citizen Lake Monitoring - Water Quality - Little Dummy Lake; Deep Hole
10/11/2005,Lee Peterson,Citizen Lake Monitoring - Water Quality - Little Dummy Lake; Deep Hole
05/08/2006,Lee Peterson,Citizen Lake Monitoring - Water Quality - Little Dummy Lake; Deep Hole
06/19/2006,Lee Peterson,Citizen Lake Monitoring - Water Quality - Little Dummy Lake; Deep Hole
07/17/2006,Lee Peterson,Citizen Lake Monitoring - Water Quality - Little Dummy Lake; Deep Hole
08/15/2006,Lee Peterson,Citizen Lake Monitoring - Water Quality - Little Dummy Lake; Deep Hole
10/15/2006,Lee Peterson,Citizen Lake Monitoring - Water Quality - Little Dummy Lake; Deep Hole
04/23/2007,Lee Peterson,Citizen Lake Monitoring - Water Quality - Little Dummy Lake; Deep Hole
06/05/2007,Lee Peterson,Citizen Lake Monitoring - Water Quality - Little Dummy Lake; Deep Hole
06/12/2007,Lee Peterson,Citizen Lake Monitoring - Water Quality - Little Dummy Lake; Deep Hole
06/22/2007,Lee Peterson,Citizen Lake Monitoring - Water Quality - Little Dummy Lake; Deep Hole
06/29/2007,Lee Peterson,Citizen Lake Monitoring - Water Quality - Little Dummy Lake; Deep Hole
07/07/2007,Lee Peterson,Citizen Lake Monitoring - Water Quality - Little Dummy Lake; Deep Hole
07/17/2007,Lee Peterson,Citizen Lake Monitoring - Water Quality - Little Dummy Lake; Deep Hole
07/30/2007,Lee Peterson,Citizen Lake Monitoring - Water Quality - Little Dummy Lake; Deep Hole
08/08/2007,Lee Peterson,Citizen Lake Monitoring - Water Quality - Little Dummy Lake; Deep Hole
08/15/2007,Lee Peterson,Citizen Lake Monitoring - Water Quality - Little Dummy Lake; Deep Hole
08/20/2007,Lee Peterson,Citizen Lake Monitoring - Water Quality - Little Dummy Lake; Deep Hole
10/20/2007,Lee Peterson,Citizen Lake Monitoring - Water Quality - Little Dummy Lake; Deep Hole
05/06/2008,Lee Peterson,Citizen Lake Monitoring - Water Quality - Little Dummy Lake; Deep Hole
06/23/2008,Lee Peterson,Citizen Lake Monitoring - Water Quality - Little Dummy Lake; Deep Hole
07/01/2008,Lee Peterson,Citizen Lake Monitoring - Water Quality - Little Dummy Lake; Deep Hole
07/21/2008,Lee Peterson,Citizen Lake Monitoring - Water Quality - Little Dummy Lake; Deep Hole
08/25/2008,Lee Peterson,Citizen Lake Monitoring - Water Quality - Little Dummy Lake; Deep Hole
10/29/2008,Lee Peterson,Citizen Lake Monitoring - Water Quality - Little Dummy Lake; Deep Hole
05/04/2009,Lee Peterson,Citizen Lake Monitoring - Water Quality - Little Dummy Lake; Deep Hole
06/23/2009,Lee Peterson,Citizen Lake Monitoring - Water Quality - Little Dummy Lake; Deep Hole
07/07/2009,Lee Peterson,Citizen Lake Monitoring - Water Quality - Little Dummy Lake; Deep Hole
07/20/2009,Lee Peterson,Citizen Lake Monitoring - Water Quality - Little Dummy Lake; Deep Hole
08/24/2009,Lee Peterson,Citizen Lake Monitoring - Water Quality - Little Dummy Lake; Deep Hole
04/20/2010,Lee Peterson,Citizen Lake Monitoring - Water Quality - Little Dummy Lake; Deep Hole
06/22/2010,Lee Peterson,Citizen Lake Monitoring - Water Quality - Little Dummy Lake; Deep Hole
07/25/2010,Lee Peterson,Citizen Lake Monitoring - Water Quality - Little Dummy Lake; Deep Hole
07/26/2010,Lee Peterson,Citizen Lake Monitoring - Water Quality - Little Dummy Lake; Deep Hole
08/30/2010,Lee Peterson,Citizen Lake Monitoring - Water Quality - Little Dummy Lake; Deep Hole
05/10/2011,Lee Peterson,Citizen Lake Monitoring - Water Quality - Little Dummy Lake; Deep Hole
06/28/2011,Lee Peterson,Citizen Lake Monitoring - Water Quality - Little Dummy Lake; Deep Hole
07/25/2011,Lee Peterson,Citizen Lake Monitoring - Water Quality - Little Dummy Lake; Deep Hole
08/22/2011,Lee Peterson,Citizen Lake Monitoring - Water Quality - Little Dummy Lake; Deep Hole
05/01/2012,Lee Peterson,Citizen Lake Monitoring - Water Quality - Little Dummy Lake; Deep Hole
06/27/2012,Lee Peterson,Citizen Lake Monitoring - Water Quality - Little Dummy Lake; Deep Hole
07/24/2012,Lee Peterson,Citizen Lake Monitoring - Water Quality - Little Dummy Lake; Deep Hole
08/14/2012,Lee Peterson,Citizen Lake Monitoring - Water Quality - Little Dummy Lake; Deep Hole
06/24/2013,Lee Peterson,Citizen Lake Monitoring - Water Quality - Little Dummy Lake; Deep Hole
07/29/2013,Lee Peterson,Citizen Lake Monitoring - Water Quality - Little Dummy Lake; Deep Hole
08/27/2013,Lee Peterson,Citizen Lake Monitoring - Water Quality - Little Dummy Lake; Deep Hole
05/18/2014,Lee Peterson,Citizen Lake Monitoring - Water Quality - Little Dummy Lake; Deep Hole
06/23/2014,Lee Peterson,Citizen Lake Monitoring - Water Quality - Little Dummy Lake; Deep Hole
07/28/2014,Lee Peterson,Citizen Lake Monitoring - Water Quality - Little Dummy Lake; Deep Hole
08/25/2014,Lee Peterson,Citizen Lake Monitoring - Water Quality - Little Dummy Lake; Deep Hole
04/20/2015,Lee Peterson,Citizen Lake Monitoring - Water Quality - Little Dummy Lake; Deep Hole
06/29/2015,Lee Peterson,Citizen Lake Monitoring - Water Quality - Little Dummy Lake; Deep Hole
07/29/2015,Lee Peterson,Citizen Lake Monitoring - Water Quality - Little Dummy Lake; Deep Hole
07/30/2015,Lee Peterson,Citizen Lake Monitoring - Water Quality - Little Dummy Lake; Deep Hole
08/31/2015,Lee Peterson,Citizen Lake Monitoring - Water Quality - Little Dummy Lake; Deep Hole
05/03/2016,Lee Peterson,Citizen Lake Monitoring - Water Quality - Little Dummy Lake; Deep Hole
06/21/2016,Lee Peterson,Citizen Lake Monitoring - Water Quality - Little Dummy Lake; Deep Hole
06/21/2016,Lee Peterson,Citizen Lake Monitoring Network QA/QC - 2016
08/01/2016,Lee Peterson,Citizen Lake Monitoring - Water Quality - Little Dummy Lake; Deep Hole
08/29/2016,Lee Peterson,Citizen Lake Monitoring - Water Quality - Little Dummy Lake; Deep Hole
04/17/2017,Lee Peterson,Citizen Lake Monitoring - Water Quality - Little Dummy Lake; Deep Hole
06/26/2017,Lee Peterson,Citizen Lake Monitoring - Water Quality - Little Dummy Lake; Deep Hole
07/24/2017,Lee Peterson,Citizen Lake Monitoring - Water Quality - Little Dummy Lake; Deep Hole
08/28/2017,Lee Peterson,Citizen Lake Monitoring - Water Quality - Little Dummy Lake; Deep Hole
