Lake Water Quality Report - 1950 to 2017


Lake Name,County Name,Waterbody ID(WBIC),Region Code,County Code,Station Name,Station ID,Geo Region,Lake Type
Samoset Lake,Bayfield,2494800,NO,4,,043156,NW,SEEPAGE



Group Seq No, Start Date, Secchi (Feet),Secchi Hit Bottom?,Secchi (Meters),Chlorophyll(ug/l),Total Phosphorus(ug/l),Secchi TSI,Total Phosphorus TSI,Chlorophyll TSI,Lake Level,Staff Gauge,Appearance,Color,Perception
8189172,05/28/2001,22.25,NO,6.8,,,32,,,NORMAL,,CLEAR,GREEN,1-Beautiful, could not be nicer
8189172,06/17/2001,23,NO,7,,,32,,,NORMAL,,CLEAR,GREEN,1-Beautiful, could not be nicer
8189172,07/05/2001,19,NO,5.8,,,35,,,NORMAL,,CLEAR,GREEN,1-Beautiful, could not be nicer
8189172,07/18/2001,19,NO,5.8,,,35,,,LOW,,CLEAR,GREEN,1-Beautiful, could not be nicer
8189172,08/03/2001,15.5,NO,4.7,,,38,,,NORMAL,,MURKY,GREEN,1-Beautiful, could not be nicer
8189172,08/19/2001,10,NO,3,,,44,,,LOW,,MURKY,GREEN,1-Beautiful, could not be nicer
8189172,09/07/2001,8.5,NO,2.6,,,46,,,LOW,,MURKY,GREEN,2-Very minor aesthetic problems
8189172,09/29/2001,11,NO,3.3,,,43,,,LOW,,CLEAR,GREEN,1-Beautiful, could not be nicer
8189172,05/21/2002,20,NO,6.1,,,34,,,NORMAL,,CLEAR,GREEN,1-Beautiful, could not be nicer
8189172,06/08/2002,22,NO,6.7,,,33,,,NORMAL,,CLEAR,GREEN,1-Beautiful, could not be nicer
8189172,07/02/2002,21,NO,6.4,,,33,,,NORMAL,,CLEAR,GREEN,1-Beautiful, could not be nicer
8189172,07/19/2002,15,NO,4.6,,,38,,,LOW,,CLEAR,GREEN,1-Beautiful, could not be nicer
8189172,08/09/2002,11,NO,3.3,,,43,,,LOW,,MURKY,GREEN,2-Very minor aesthetic problems
8189172,08/19/2002,10.2,NO,3.1,,,44,,,LOW,,MURKY,GREEN,2-Very minor aesthetic problems
8189172,05/29/2003,16.5,NO,5,,,37,,,NORMAL,,CLEAR,GREEN,1-Beautiful, could not be nicer
8189172,06/15/2003,21,NO,6.4,,,33,,,NORMAL,,CLEAR,GREEN,1-Beautiful, could not be nicer
8189172,06/30/2003,15,NO,4.6,,,38,,,NORMAL,,CLEAR,GREEN,1-Beautiful, could not be nicer
8189172,07/18/2003,15,NO,4.6,,,38,,,NORMAL,,CLEAR,GREEN,1-Beautiful, could not be nicer
8189172,08/09/2003,10.5,NO,3.2,,,43,,,LOW,,MURKY,GREEN,2-Very minor aesthetic problems
8189172,08/26/2003,10,NO,3,,,44,,,LOW,,MURKY,GREEN,2-Very minor aesthetic problems
8189172,09/09/2003,7.5,NO,2.3,,,48,,,LOW,,MURKY,GREEN,3-Enjoyment somewhat impaired (algae)
8188571,05/17/2004,13,NO,4,,,40,,,NORMAL,,CLEAR,GREEN,1-Beautiful, could not be nicer
8188571,06/02/2004,13,NO,4,,,40,,,NORMAL,,CLEAR,GREEN,1-Beautiful, could not be nicer
8188571,06/29/2004,18.5,NO,5.6,,,35,,,NORMAL,,CLEAR,GREEN,1-Beautiful, could not be nicer
8188571,07/15/2004,16,NO,4.9,,,37,,,NORMAL,,CLEAR,GREEN,1-Beautiful, could not be nicer
8188571,09/01/2004,7.5,NO,2.3,,,48,,,NORMAL,,MURKY,GREEN,2-Very minor aesthetic problems
8188571,09/17/2004,9,NO,2.7,,,45,,,NORMAL,,CLEAR,BLUE,1-Beautiful, could not be nicer
8188571,10/09/2004,7.5,NO,2.3,,,48,,,NORMAL,,MURKY,YELLOW,2-Very minor aesthetic problems
8188571,11/08/2004,11,NO,3.3,,,43,,,NORMAL,,CLEAR,GREEN,1-Beautiful, could not be nicer
8188571,05/16/2005,13.5,NO,4.1,,,40,,,NORMAL,,CLEAR,GREEN,1-Beautiful, could not be nicer
8188571,06/07/2005,19.5,NO,5.9,,,34,,,NORMAL,,CLEAR,GREEN,1-Beautiful, could not be nicer
8188571,07/09/2005,15,NO,4.6,,,38,,,NORMAL,,CLEAR,GREEN,1-Beautiful, could not be nicer
8188571,07/24/2005,20,NO,6.1,,,34,,,NORMAL,,CLEAR,BLUE,1-Beautiful, could not be nicer
8188571,08/10/2005,13.5,NO,4.1,,,40,,,NORMAL,,CLEAR,GREEN,1-Beautiful, could not be nicer
8188571,09/04/2005,10.5,NO,3.2,,,43,,,NORMAL,,CLEAR,GREEN,1-Beautiful, could not be nicer
8188571,10/08/2005,9,NO,2.7,,,45,,,NORMAL,,MURKY,GREEN,2-Very minor aesthetic problems
8188571,11/14/2005,15.5,NO,4.7,,,38,,,NORMAL,,CLEAR,GREEN,1-Beautiful, could not be nicer
8188571,04/16/2006,14,NO,4.3,,,39,,,LOW,,CLEAR,GREEN,1-Beautiful, could not be nicer
8188571,05/02/2006,14.5,NO,4.4,,,39,,,NORMAL,,CLEAR,GREEN,1-Beautiful, could not be nicer
8188571,05/16/2006,18,NO,5.5,,,35,,,NORMAL,,CLEAR,GREEN,1-Beautiful, could not be nicer
8189172,05/26/2006,16.5,NO,5,,,37,,,LOW,,CLEAR,GREEN,1-Beautiful, could not be nicer
8188571,06/10/2006,22,NO,6.7,,,33,,,NORMAL,,CLEAR,GREEN,1-Beautiful, could not be nicer
8188571,06/13/2006,16,NO,4.9,,,37,,,NORMAL,,CLEAR,GREEN,1-Beautiful, could not be nicer
8189172,06/15/2006,19.5,NO,5.9,1.06,7,34,43,35,LOW,,CLEAR,GREEN,1-Beautiful, could not be nicer
8188571,06/26/2006,18.5,NO,5.6,,,35,,,NORMAL,,CLEAR,GREEN,1-Beautiful, could not be nicer
8189172,07/21/2006,13,NO,4,1.77,11,40,47,39,LOW,,CLEAR,GREEN,1-Beautiful, could not be nicer
8189172,08/18/2006,7.5,NO,2.3,7.19,8,48,44,50,LOW,,MURKY,YELLOW,2-Very minor aesthetic problems
8188571,09/06/2006,4.5,NO,1.4,,,55,,,LOW,,MURKY,YELLOW,4-Would not swim but boating OK (algae)
8188571,09/24/2006,4.5,NO,1.4,,,55,,,LOW,,MURKY,GREEN,2-Very minor aesthetic problems
8188571,10/15/2006,6.5,NO,2,,,50,,,LOW,,MURKY,GREEN,2-Very minor aesthetic problems
8188571,11/04/2006,11,NO,3.3,,,43,,,LOW,,CLEAR,GREEN,2-Very minor aesthetic problems
8188571,05/04/2007,20.25,NO,6.2,,12,34,47,,LOW,,CLEAR,GREEN,1-Beautiful, could not be nicer
8188571,05/17/2007,24.75,NO,7.5,,,31,,,LOW,,CLEAR,BLUE,1-Beautiful, could not be nicer
8189172,06/05/2007,,,,1.49,10,,46,38,,,,,
8188571,06/06/2007,20,NO,6.1,,,34,,,LOW,,CLEAR,BLUE,1-Beautiful, could not be nicer
8188571,06/16/2007,17,NO,5.2,,,36,,,LOW,,CLEAR,GREEN,1-Beautiful, could not be nicer
8188571,06/28/2007,18,NO,5.5,,,35,,,LOW,,CLEAR,GREEN,1-Beautiful, could not be nicer
8188571,07/13/2007,15,NO,4.6,,,38,,,LOW,,CLEAR,GREEN,1-Beautiful, could not be nicer
8188571,07/23/2007,11,NO,3.3,4.34,14,43,49,46,LOW,,CLEAR,GREEN,1-Beautiful, could not be nicer
8188571,08/06/2007,8.75,NO,2.7,,,46,,,LOW,,MURKY,GREEN,2-Very minor aesthetic problems
8188571,08/26/2007,7,NO,2.1,11.2,10,49,46,53,LOW,,MURKY,GREEN,3-Enjoyment somewhat impaired (algae)
8188571,09/08/2007,5.5,NO,1.7,,,53,,,LOW,,MURKY,GREEN,3-Enjoyment somewhat impaired (algae)
8188571,09/28/2007,10.5,NO,3.2,,,43,,,LOW,,CLEAR,YELLOW,1-Beautiful, could not be nicer
8188571,10/14/2007,8.5,NO,2.6,,,46,,,LOW,,CLEAR,YELLOW,2-Very minor aesthetic problems
8188571,10/24/2007,11.25,NO,3.4,,,42,,,LOW,,CLEAR,YELLOW,2-Very minor aesthetic problems
8188571,05/05/2008,15,NO,4.6,,,38,,,,,CLEAR,BLUE,1-Beautiful, could not be nicer
8188571,05/18/2008,11,NO,3.3,,15,43,49,,LOW,,CLEAR,BLUE,1-Beautiful, could not be nicer
8188571,05/31/2008,13.5,NO,4.1,,,40,,,LOW,,CLEAR,BLUE,1-Beautiful, could not be nicer
8188571,06/15/2008,17.75,NO,5.4,2.36,10,36,46,41,NORMAL,,CLEAR,GREEN,1-Beautiful, could not be nicer
8188571,06/30/2008,17,NO,5.2,,,36,,,LOW,,CLEAR,GREEN,1-Beautiful, could not be nicer
8188571,07/14/2008,11.25,NO,3.4,3.35,11,42,47,44,NORMAL,,MURKY,YELLOW,2-Very minor aesthetic problems
8188571,07/28/2008,10.25,NO,3.1,,,44,,,NORMAL,,CLEAR,YELLOW,2-Very minor aesthetic problems
8188571,08/16/2008,10.75,NO,3.3,2.72,13,43,48,42,LOW,,MURKY,,2-Very minor aesthetic problems
8188571,08/29/2008,12.25,NO,3.7,,,41,,,LOW,,MURKY,YELLOW,2-Very minor aesthetic problems
8188571,09/14/2008,11.25,NO,3.4,,,42,,,LOW,,CLEAR,YELLOW,2-Very minor aesthetic problems
8188571,09/28/2008,11.75,NO,3.6,,,42,,,LOW,,MURKY,YELLOW,2-Very minor aesthetic problems
8188571,10/17/2008,10.5,NO,3.2,,,43,,,LOW,,CLEAR,YELLOW,2-Very minor aesthetic problems
8188571,10/31/2008,10.75,NO,3.3,,,43,,,LOW,,CLEAR,YELLOW,2-Very minor aesthetic problems
8188571,05/01/2009,8.25,NO,2.5,,15,47,49,,LOW,,MURKY,GREEN,2-Very minor aesthetic problems
8188571,05/17/2009,12.5,NO,3.8,,,41,,,LOW,,CLEAR,BLUE,1-Beautiful, could not be nicer
8188571,06/01/2009,16.5,NO,5,,,37,,,LOW,,CLEAR,BLUE,1-Beautiful, could not be nicer
8188571,06/12/2009,18,NO,5.5,2.08,14,35,49,40,LOW,,CLEAR,BLUE,1-Beautiful, could not be nicer
8188571,07/01/2009,14,NO,4.3,,,39,,,LOW,,CLEAR,BLUE,1-Beautiful, could not be nicer
8188571,07/12/2009,15.25,NO,4.6,2.2,15,38,49,41,LOW,,CLEAR,GREEN,1-Beautiful, could not be nicer
8188571,07/26/2009,13.5,NO,4.1,,,40,,,LOW,,CLEAR,GREEN,2-Very minor aesthetic problems
8188571,08/14/2009,15,NO,4.6,2.05,8,38,44,40,LOW,,CLEAR,GREEN,1-Beautiful, could not be nicer
8188571,08/28/2009,13,NO,4,,,40,,,LOW,,CLEAR,GREEN,1-Beautiful, could not be nicer
8188571,09/10/2009,12.5,NO,3.8,,,41,,,LOW,,CLEAR,GREEN,1-Beautiful, could not be nicer
8188571,10/02/2009,11.5,NO,3.5,,,42,,,LOW,,CLEAR,GREEN,1-Beautiful, could not be nicer
8188571,10/16/2009,10.5,NO,3.2,,,43,,,LOW,,MURKY,YELLOW,2-Very minor aesthetic problems
8188571,04/09/2010,10,NO,3,,16,44,50,,LOW,,MURKY,YELLOW,2-Very minor aesthetic problems
8188571,04/20/2010,13.75,NO,4.2,,,39,,,LOW,,CLEAR,GREEN,2-Very minor aesthetic problems
8188571,04/30/2010,15.25,NO,4.6,,,38,,,LOW,,CLEAR,GREEN,1-Beautiful, could not be nicer
8188571,05/11/2010,16.5,NO,5,,,37,,,LOW,,CLEAR,BLUE,1-Beautiful, could not be nicer
8188571,05/20/2010,20.75,NO,6.3,,,33,,,LOW,,CLEAR,BLUE,1-Beautiful, could not be nicer
8188571,05/31/2010,17.5,NO,5.3,,,36,,,LOW,,CLEAR,BLUE,1-Beautiful, could not be nicer
8188571,06/14/2010,13.25,NO,4,2.91,13,40,48,43,LOW,,CLEAR,BLUE,1-Beautiful, could not be nicer
8188571,06/29/2010,10.5,NO,3.2,,,43,,,LOW,,CLEAR,BLUE,1-Beautiful, could not be nicer
8188571,07/16/2010,10.25,NO,3.1,2.96,13,44,48,43,LOW,,CLEAR,YELLOW,2-Very minor aesthetic problems
8188571,07/30/2010,11,NO,3.3,,,43,,,LOW,,CLEAR,BLUE,1-Beautiful, could not be nicer
8188571,08/10/2010,11,NO,3.3,,,43,,,LOW,,MURKY,BLUE,2-Very minor aesthetic problems
8188571,08/17/2010,8.5,NO,2.6,10.6,15,46,49,53,LOW,,MURKY,BLUE,2-Very minor aesthetic problems
8188571,09/10/2010,7.75,NO,2.4,,,48,,,LOW,,MURKY,GREEN,2-Very minor aesthetic problems
8188571,09/22/2010,9,NO,2.7,,,45,,,NORMAL,,MURKY,GREEN,2-Very minor aesthetic problems
8188571,10/07/2010,9.5,NO,2.9,,,45,,,LOW,,CLEAR,BLUE,1-Beautiful, could not be nicer
8188571,10/23/2010,8.25,NO,2.5,,,47,,,LOW,,CLEAR,BLUE,2-Very minor aesthetic problems
8188571,11/01/2010,11,NO,3.3,,,43,,,LOW,,CLEAR,GREEN,2-Very minor aesthetic problems
8188571,04/18/2011,12.5,NO,3.8,,,41,,,NORMAL,,CLEAR,BLUE,1-Beautiful, could not be nicer
8188571,05/08/2011,12.75,NO,3.9,,14,40,49,,NORMAL,,CLEAR,BLUE,1-Beautiful, could not be nicer
8188571,05/19/2011,15.5,NO,4.7,,,38,,,NORMAL,,CLEAR,BLUE,1-Beautiful, could not be nicer
8188571,06/04/2011,15,NO,4.6,,,38,,,NORMAL,,CLEAR,BLUE,1-Beautiful, could not be nicer
8188571,06/12/2011,19.25,NO,5.9,3.03,12,35,47,43,NORMAL,,CLEAR,BLUE,1-Beautiful, could not be nicer
8188571,06/29/2011,16.5,NO,5,,,37,,,NORMAL,,CLEAR,BLUE,1-Beautiful, could not be nicer
8188571,07/16/2011,17,NO,5.2,2.68,14,36,49,42,NORMAL,,MURKY,YELLOW,2-Very minor aesthetic problems
8188571,07/29/2011,15,NO,4.6,,,38,,,NORMAL,,CLEAR,GREEN,2-Very minor aesthetic problems
8188571,08/14/2011,15,NO,4.6,2.93,13,38,48,43,NORMAL,,MURKY,GREEN,2-Very minor aesthetic problems
8188571,08/30/2011,10.75,NO,3.3,,,43,,,NORMAL,,CLEAR,GREEN,2-Very minor aesthetic problems
8188571,09/23/2011,11.75,NO,3.6,,,42,,,NORMAL,,CLEAR,GREEN,2-Very minor aesthetic problems
8188571,10/20/2011,10,NO,3,,,44,,,NORMAL,,CLEAR,YELLOW,1-Beautiful, could not be nicer
8188571,03/31/2012,12.5,NO,3.8,,16,41,50,,LOW,,CLEAR,GREEN,1-Beautiful, could not be nicer
8188571,04/22/2012,13,NO,4,,,40,,,LOW,,CLEAR,BLUE,1-Beautiful, could not be nicer
8188571,05/08/2012,15,NO,4.6,,,38,,,LOW,,CLEAR,BLUE,1-Beautiful, could not be nicer
8188571,05/21/2012,16.75,NO,5.1,,,37,,,LOW,,CLEAR,GREEN,1-Beautiful, could not be nicer
8188571,06/04/2012,15,NO,4.6,,,38,,,LOW,,CLEAR,BLUE,1-Beautiful, could not be nicer
8188571,06/16/2012,18,NO,5.5,2.29,13,35,48,41,LOW,,CLEAR,BLUE,1-Beautiful, could not be nicer
8188571,06/30/2012,13.25,NO,4,,,40,,,NORMAL,,CLEAR,GREEN,1-Beautiful, could not be nicer
8188571,07/15/2012,6,NO,1.8,3.08,12,39,47,43,LOW,,CLEAR,GREEN,1-Beautiful, could not be nicer
8188571,07/31/2012,10.75,NO,3.3,,,43,,,LOW,,MURKY,GREEN,2-Very minor aesthetic problems
8188571,08/12/2012,,,,12.5,11,,47,54,,,,,
8188571,08/28/2012,4.25,NO,1.3,,,56,,,LOW,,MURKY,GREEN,4-Would not swim but boating OK (algae)
8188571,09/14/2012,6,NO,1.8,,,51,,,LOW,,MURKY,GREEN,3-Enjoyment somewhat impaired (algae)
8188571,10/01/2012,8.75,NO,2.7,,,46,,,LOW,,MURKY,GREEN,2-Very minor aesthetic problems
8188571,10/15/2012,9.75,NO,3,,,44,,,LOW,,MURKY,YELLOW,2-Very minor aesthetic problems
8188571,10/29/2012,9.5,NO,2.9,,,45,,,LOW,,MURKY,YELLOW,2-Very minor aesthetic problems
8188571,05/19/2013,11,NO,3.3,,22.6,43,52,,NORMAL,,CLEAR,BLUE,1-Beautiful, could not be nicer
8188571,06/01/2013,12.5,NO,3.8,,,41,,,NORMAL,,CLEAR,BLUE,1-Beautiful, could not be nicer
8188571,06/16/2013,17,NO,5.2,4.13,14.9,36,49,46,NORMAL,,CLEAR,GREEN,1-Beautiful, could not be nicer
8188571,07/02/2013,17.75,NO,5.4,,,36,,,NORMAL,,CLEAR,BLUE,1-Beautiful, could not be nicer
8188571,07/14/2013,14,NO,4.3,2.95,5.43,39,41,43,NORMAL,,CLEAR,GREEN,1-Beautiful, could not be nicer
8188571,08/04/2013,13.75,NO,4.2,,,39,,,NORMAL,,CLEAR,GREEN,1-Beautiful, could not be nicer
8188571,08/18/2013,10.75,NO,3.3,5.09,12.1,43,47,47,NORMAL,,CLEAR,GREEN,2-Very minor aesthetic problems
8188571,09/01/2013,10,NO,3,,,44,,,NORMAL,,CLEAR,GREEN,2-Very minor aesthetic problems
8188571,09/21/2013,12,NO,3.6,,,41,,,NORMAL,,CLEAR,BLUE,1-Beautiful, could not be nicer
8188571,05/18/2014,13,NO,4,,26.8,40,54,,NORMAL,,CLEAR,BLUE,1-Beautiful, could not be nicer
8188571,05/26/2014,16.5,NO,5,,,37,,,NORMAL,,CLEAR,BLUE,1-Beautiful, could not be nicer
8188571,06/08/2014,16.5, ,5,,,37,,,NORMAL,,CLEAR,BLUE,1-Beautiful, could not be nicer
8188571,06/16/2014,18.5,NO,5.6,2.52,12,35,47,42,NORMAL,,CLEAR,BLUE,1-Beautiful, could not be nicer
8188571,06/23/2014,20,NO,6.1,,,34,,,NORMAL,,CLEAR,BLUE,1-Beautiful, could not be nicer
8188571,07/13/2014,14,NO,4.3,2.46,12.2,39,48,42,NORMAL,,CLEAR,GREEN,2-Very minor aesthetic problems
8188571,08/02/2014,11.75,NO,3.6,,,42,,,NORMAL,,MURKY,GREEN,2-Very minor aesthetic problems
8188571,08/10/2014,11.25,NO,3.4,2.19,14.1,42,49,41,NORMAL,,CLEAR,GREEN,2-Very minor aesthetic problems
8188571,09/17/2014,9.5,NO,2.9,,,45,,,NORMAL,,CLEAR,GREEN,2-Very minor aesthetic problems
8188571,10/10/2014,12.5,NO,3.8,,,41,,,NORMAL,,CLEAR,GREEN,2-Very minor aesthetic problems
8188571,04/25/2015,12,NO,3.6,,14.5,41,49,,NORMAL,,CLEAR,BLUE,1-Beautiful, could not be nicer
8188571,05/19/2015,20,NO,6.1,,,34,,,NORMAL,,CLEAR,BLUE,1-Beautiful, could not be nicer
8188571,05/20/2015,20,NO,6.1,,,34,,,NORMAL,,CLEAR,BLUE,1-Beautiful, could not be nicer
8188571,05/21/2015,20.25,NO,6.2,,,34,,,NORMAL,,CLEAR,BLUE,1-Beautiful, could not be nicer
8188571,06/06/2015,17.5,NO,5.3,3.06,12.1,36,47,43,NORMAL,,CLEAR,BLUE,1-Beautiful, could not be nicer
8188571,06/16/2015,18,NO,5.5,,,35,,,NORMAL,,CLEAR,BLUE,1-Beautiful, could not be nicer
8188571,06/30/2015,16,YES,4.9,,,37,,,NORMAL,,CLEAR,BLUE,1-Beautiful, could not be nicer
8188571,07/12/2015,16,NO,4.9,1.52,15.2,37,49,38,NORMAL,,CLEAR,BLUE,1-Beautiful, could not be nicer
8188571,08/02/2015,15.75,NO,4.8,,,37,,,NORMAL,,CLEAR,BLUE,1-Beautiful, could not be nicer
8188571,08/09/2015,14.5,NO,4.4,3.28,11.2,39,47,44,NORMAL,,CLEAR,BLUE,1-Beautiful, could not be nicer
8188571,09/16/2015,10,NO,3,,,44,,,NORMAL,,MURKY,GREEN,3-Enjoyment somewhat impaired (algae)
8188571,10/02/2015,9.5,NO,2.9,,,45,,,NORMAL,,MURKY,GREEN,3-Enjoyment somewhat impaired (algae)
8188571,10/22/2015,11.5,NO,3.5,,,42,,,NORMAL,,CLEAR,GREEN,2-Very minor aesthetic problems
8188571,05/06/2016,10.5,NO,3.2,,17.4,43,50,,NORMAL,,CLEAR,GREEN,2-Very minor aesthetic problems
8188571,05/21/2016,,NO,,,,,,,NORMAL,17.25,CLEAR,BLUE,1-Beautiful, could not be nicer
8188571,06/11/2016,16,NO,4.9,2.15,18.2,37,51,41,NORMAL,,CLEAR,BLUE,1-Beautiful, could not be nicer
8188571,06/28/2016,17.25,NO,5.2,,,36,,,NORMAL,,CLEAR,BLUE,1-Beautiful, could not be nicer
8188571,07/10/2016,12.5,NO,3.8,5.62,11,41,47,48,NORMAL,,CLEAR,BLUE,1-Beautiful, could not be nicer
8188571,08/07/2016,6,NO,1.8,18.3,14.8,51,49,57,NORMAL,,MURKY,GREEN,3-Enjoyment somewhat impaired (algae)
8188571,08/27/2016,5,NO,1.5,,,54,,,NORMAL,,MURKY,GREEN,4-Would not swim but boating OK (algae)
8188571,09/23/2016,11.5,NO,3.5,,,42,,,HIGH,,MURKY,GREEN,3-Enjoyment somewhat impaired (algae)
8188571,10/24/2016,13,NO,4,,,40,,,HIGH,,CLEAR,GREEN,2-Very minor aesthetic problems
8188571,04/25/2017,15,NO,4.6,,,38,,,NORMAL,,CLEAR,BLUE,1-Beautiful, could not be nicer
8188571,05/13/2017,18,NO,5.5,,20,35,51,,NORMAL,,CLEAR,BLUE,1-Beautiful, could not be nicer
8188571,05/28/2017,23.5,NO,7.1,,,32,,,HIGH,,CLEAR,BLUE,
8188571,06/17/2017,17,NO,5.2,,,36,,,NORMAL,,CLEAR,BLUE,2-Very minor aesthetic problems
8188571,06/19/2017,,,,3.38,18.7,,51,44,,,,,
8188571,06/30/2017,15.5,NO,4.7,,,38,,,NORMAL,,CLEAR,BLUE,1-Beautiful, could not be nicer
8188571,07/15/2017,13.75,NO,4.2,2.83,17.3,39,50,43,NORMAL,,CLEAR,BLUE,2-Very minor aesthetic problems
8188571,07/29/2017,14,NO,4.3,,,39,,,NORMAL,,CLEAR,BLUE,2-Very minor aesthetic problems
8188571,08/13/2017,10.25,NO,3.1,2.16,14.1,44,49,41,NORMAL,,CLEAR,BLUE,2-Very minor aesthetic problems
8188571,10/01/2017,9.5,NO,2.9,,,45,,,NORMAL,,CLEAR,GREEN,3-Enjoyment somewhat impaired (algae)



Start Date,Depth,Depth Units,Temperature,Temperature Units,Dissolved Oxygen,Dissolved Oxygen Units
05/26/2006,0,FEET,65.6,DEGREES F,7,MG/L
05/26/2006,5,FEET,65.1,DEGREES F,,
05/26/2006,10,FEET,60,DEGREES F,7,MG/L
05/26/2006,15,FEET,56.1,DEGREES F,7,MG/L
05/26/2006,20,FEET,51,DEGREES F,7,MG/L
05/26/2006,25,FEET,46.7,DEGREES F,7,MG/L
05/26/2006,30,FEET,44.9,DEGREES F,7,MG/L
05/26/2006,35,FEET,44,DEGREES F,,
05/26/2006,40,FEET,44,DEGREES F,,
06/15/2006,0,FEET,70.5,DEGREES F,7,MG/L
06/15/2006,5,FEET,69.6,DEGREES F,,
06/15/2006,10,FEET,64.2,DEGREES F,7,MG/L
06/15/2006,15,FEET,57.2,DEGREES F,7,MG/L
06/15/2006,20,FEET,51.8,DEGREES F,7,MG/L
06/15/2006,25,FEET,48,DEGREES F,7,MG/L
06/15/2006,30,FEET,46.2,DEGREES F,,
06/15/2006,35,FEET,45.6,DEGREES F,6,MG/L
06/15/2006,40,FEET,45.6,DEGREES F,,
07/21/2006,0,FEET,77.3,DEGREES F,8,MG/L
07/21/2006,5,FEET,77.3,DEGREES F,7,MG/L
07/21/2006,10,FEET,77.1,DEGREES F,7,MG/L
07/21/2006,15,FEET,76.2,DEGREES F,7,MG/L
07/21/2006,20,FEET,65.1,DEGREES F,7,MG/L
07/21/2006,25,FEET,56.4,DEGREES F,7,MG/L
07/21/2006,30,FEET,50.3,DEGREES F,,
07/21/2006,35,FEET,47.6,DEGREES F,1,MG/L
07/21/2006,40,FEET,46.7,DEGREES F,,
08/18/2006,0,FEET,75.7,DEGREES F,7,MG/L
08/18/2006,5,FEET,74.4,DEGREES F,,
08/18/2006,10,FEET,74.1,DEGREES F,7,MG/L
08/18/2006,15,FEET,73.9,DEGREES F,7,MG/L
08/18/2006,20,FEET,70.5,DEGREES F,7,MG/L
08/18/2006,25,FEET,57.5,DEGREES F,7,MG/L
08/18/2006,30,FEET,51.4,DEGREES F,,
08/18/2006,35,FEET,48.5,DEGREES F,0,MG/L
08/18/2006,40,FEET,47.4,DEGREES F,,
05/04/2007,0,FEET,57.9,DEGREES F,,
05/04/2007,5,FEET,57.5,DEGREES F,7,MG/L
05/04/2007,10,FEET,57.3,DEGREES F,7,MG/L
05/04/2007,15,FEET,50.3,DEGREES F,7,MG/L
05/04/2007,20,FEET,45.3,DEGREES F,7,MG/L
05/04/2007,25,FEET,43.5,DEGREES F,7,MG/L
05/04/2007,30,FEET,42.2,DEGREES F,,
05/04/2007,35,FEET,42,DEGREES F,7,MG/L
06/06/2007,0,FEET,66,DEGREES F,,
06/06/2007,5,FEET,65.8,DEGREES F,7,MG/L
06/06/2007,10,FEET,65.6,DEGREES F,7,MG/L
06/06/2007,15,FEET,62.4,DEGREES F,7,MG/L
06/06/2007,20,FEET,57,DEGREES F,7,MG/L
06/06/2007,25,FEET,49.2,DEGREES F,7,MG/L
06/06/2007,30,FEET,47.1,DEGREES F,,
06/06/2007,35,FEET,45.6,DEGREES F,7,MG/L
06/06/2007,40,FEET,45.3,DEGREES F,,
07/23/2007,0,FEET,73,DEGREES F,,
07/23/2007,5,FEET,72.8,DEGREES F,7,MG/L
07/23/2007,10,FEET,72.8,DEGREES F,7,MG/L
07/23/2007,15,FEET,72.6,DEGREES F,7,MG/L
07/23/2007,20,FEET,68.1,DEGREES F,7,MG/L
07/23/2007,25,FEET,57,DEGREES F,7,MG/L
07/23/2007,30,FEET,51.6,DEGREES F,,
07/23/2007,35,FEET,48.9,DEGREES F,7,MG/L
07/23/2007,40,FEET,47.6,DEGREES F,,
08/26/2007,0,FEET,70.1,DEGREES F,,
08/26/2007,5,FEET,70.1,DEGREES F,7,MG/L
08/26/2007,10,FEET,69.8,DEGREES F,7,MG/L
08/26/2007,15,FEET,69.8,DEGREES F,7,MG/L
08/26/2007,20,FEET,69,DEGREES F,5,MG/L
08/26/2007,25,FEET,59.5,DEGREES F,3,MG/L
08/26/2007,30,FEET,52.5,DEGREES F,,
08/26/2007,35,FEET,48.9,DEGREES F,0,MG/L
08/26/2007,40,FEET,48,DEGREES F,,
05/18/2008,0,FEET,53.7,DEGREES F,,
05/18/2008,5,FEET,53.7,DEGREES F,7,MG/L
05/18/2008,10,FEET,53.6,DEGREES F,7,MG/L
05/18/2008,15,FEET,49.6,DEGREES F,7,MG/L
05/18/2008,20,FEET,45.1,DEGREES F,7,MG/L
05/18/2008,25,FEET,43.5,DEGREES F,7,MG/L
05/18/2008,30,FEET,42.8,DEGREES F,,
05/18/2008,35,FEET,42.8,DEGREES F,7,MG/L
05/18/2008,40,FEET,42.8,DEGREES F,,
06/15/2008,0,FEET,62.6,DEGREES F,,
06/15/2008,5,FEET,62.6,DEGREES F,7,MG/L
06/15/2008,10,FEET,62.6,DEGREES F,7,MG/L
06/15/2008,15,FEET,61.8,DEGREES F,7,MG/L
06/15/2008,20,FEET,52.1,DEGREES F,7,MG/L
06/15/2008,25,FEET,46.7,DEGREES F,7,MG/L
06/15/2008,30,FEET,45.3,DEGREES F,,
06/15/2008,35,FEET,44.4,DEGREES F,7,MG/L
06/15/2008,40,FEET,44.2,DEGREES F,7,MG/L
07/14/2008,0,FEET,70.8,DEGREES F,,
07/14/2008,5,FEET,70.5,DEGREES F,7,MG/L
07/14/2008,10,FEET,70.5,DEGREES F,7,MG/L
07/14/2008,15,FEET,70.1,DEGREES F,7,MG/L
07/14/2008,20,FEET,60.1,DEGREES F,7,MG/L
07/14/2008,25,FEET,51.6,DEGREES F,7,MG/L
07/14/2008,30,FEET,48.2,DEGREES F,,
07/14/2008,35,FEET,46.7,DEGREES F,5,MG/L
07/14/2008,40,FEET,46.4,DEGREES F,,
08/16/2008,0,FEET,73.2,DEGREES F,,
08/16/2008,5,FEET,73.2,DEGREES F,7,MG/L
08/16/2008,10,FEET,73.2,DEGREES F,7,MG/L
08/16/2008,15,FEET,72.8,DEGREES F,7,MG/L
08/16/2008,20,FEET,65.6,DEGREES F,7,MG/L
08/16/2008,25,FEET,53.9,DEGREES F,7,MG/L
08/16/2008,30,FEET,49.2,DEGREES F,,
08/16/2008,35,FEET,48.1,DEGREES F,1,MG/L
08/16/2008,40,FEET,45.1,DEGREES F,,
05/01/2009,0,FEET,49.1,DEGREES F,11.58,MG/L
05/01/2009,5,FEET,49.1,DEGREES F,11.58,MG/L
05/01/2009,10,FEET,49,DEGREES F,11.56,MG/L
05/01/2009,15,FEET,48.3,DEGREES F,11.74,MG/L
05/01/2009,20,FEET,46.8,DEGREES F,11.55,MG/L
05/01/2009,25,FEET,45.3,DEGREES F,10.8,MG/L
05/01/2009,30,FEET,44.3,DEGREES F,9.69,MG/L
05/01/2009,35,FEET,43.8,DEGREES F,9.02,MG/L
05/01/2009,40,FEET,43.6,DEGREES F,7.89,MG/L
06/12/2009,0,FEET,62.2,DEGREES F,9.83,MG/L
06/12/2009,5,FEET,61.7,DEGREES F,9.89,MG/L
06/12/2009,10,FEET,61.5,DEGREES F,9.8,MG/L
06/12/2009,15,FEET,60.4,DEGREES F,9.9,MG/L
06/12/2009,20,FEET,59.7,DEGREES F,9.74,MG/L
06/12/2009,25,FEET,54.2,DEGREES F,11.22,MG/L
06/12/2009,30,FEET,49.8,DEGREES F,6.84,MG/L
06/12/2009,35,FEET,47.4,DEGREES F,.7,MG/L
07/12/2009,0,FEET,70.2,DEGREES F,8.98,MG/L
07/12/2009,5,FEET,71.3,DEGREES F,8.89,MG/L
07/12/2009,10,FEET,71.5,DEGREES F,8.82,MG/L
07/12/2009,15,FEET,70.7,DEGREES F,8.88,MG/L
07/12/2009,20,FEET,65.3,DEGREES F,9.76,MG/L
07/12/2009,25,FEET,59.1,DEGREES F,10.06,MG/L
07/12/2009,30,FEET,51,DEGREES F,.83,MG/L
07/12/2009,35,FEET,48.9,DEGREES F,.18,MG/L
07/12/2009,40,FEET,48.2,DEGREES F,.06,MG/L
08/14/2009,0,FEET,76.5,DEGREES F,8.58,MG/L
08/14/2009,5,FEET,76,DEGREES F,8.63,MG/L
08/14/2009,10,FEET,74.2,DEGREES F,8.86,MG/L
08/14/2009,15,FEET,71.9,DEGREES F,8.93,MG/L
08/14/2009,20,FEET,69.3,DEGREES F,8.73,MG/L
08/14/2009,25,FEET,61.8,DEGREES F,8.35,MG/L
08/14/2009,30,FEET,55.4,DEGREES F,.23,MG/L
08/14/2009,35,FEET,54.9,DEGREES F,.22,MG/L
08/14/2009,40,FEET,54.5,DEGREES F,.22,MG/L
04/09/2010,0,FEET,46.4,DEGREES F,10.68,MG/L
04/09/2010,5,FEET,46.3,DEGREES F,10.62,MG/L
04/09/2010,10,FEET,46.3,DEGREES F,10.56,MG/L
04/09/2010,15,FEET,46.2,DEGREES F,10.52,MG/L
04/09/2010,20,FEET,46.1,DEGREES F,10.47,MG/L
04/09/2010,25,FEET,45.7,DEGREES F,9.18,MG/L
04/09/2010,30,FEET,45.3,DEGREES F,8.65,MG/L
04/09/2010,35,FEET,45,DEGREES F,7.46,MG/L
04/09/2010,38,FEET,44.5,DEGREES F,7.12,MG/L
07/16/2010,0,FEET,75.1,DEGREES F,8.15,MG/L
07/16/2010,5,FEET,75.1,DEGREES F,8.12,MG/L
07/16/2010,10,FEET,75.1,DEGREES F,8.07,MG/L
07/16/2010,15,FEET,74.8,DEGREES F,8.18,MG/L
07/16/2010,20,FEET,64.4,DEGREES F,12.38,MG/L
07/16/2010,25,FEET,58.3,DEGREES F,8.77,MG/L
07/16/2010,30,FEET,54.2,DEGREES F,.42,MG/L
07/16/2010,35,FEET,51.3,DEGREES F,.08,MG/L
07/16/2010,39,FEET,50,DEGREES F,.03,MG/L
08/17/2010,0,FEET,72.5,DEGREES F,8.4,MG/L
08/17/2010,5,FEET,72.9,DEGREES F,8.32,MG/L
08/17/2010,10,FEET,73.1,DEGREES F,8.25,MG/L
08/17/2010,15,FEET,73,DEGREES F,8.15,MG/L
08/17/2010,20,FEET,69.3,DEGREES F,7.41,MG/L
08/17/2010,25,FEET,61,DEGREES F,4.44,MG/L
08/17/2010,30,FEET,55.2,DEGREES F,.1,MG/L
08/17/2010,35,FEET,52.6,DEGREES F,.06,MG/L
08/17/2010,38,FEET,51.5,DEGREES F,.05,MG/L
05/08/2011,0,FEET,50.4,DEGREES F,10.98,MG/L
05/08/2011,5,FEET,49.9,DEGREES F,11.09,MG/L
05/08/2011,10,FEET,47.8,DEGREES F,11.19,MG/L
05/08/2011,15,FEET,46.3,DEGREES F,11.24,MG/L
05/08/2011,20,FEET,45,DEGREES F,11.29,MG/L
05/08/2011,25,FEET,43.8,DEGREES F,11.05,MG/L
05/08/2011,30,FEET,43.3,DEGREES F,10.88,MG/L
05/08/2011,35,FEET,43,DEGREES F,10.68,MG/L
05/08/2011,40,FEET,42.8,DEGREES F,10.39,MG/L
06/12/2011,0,FEET,66,DEGREES F,9.47,MG/L
06/12/2011,5,FEET,65.5,DEGREES F,9.46,MG/L
06/12/2011,10,FEET,65.3,DEGREES F,9.42,MG/L
06/12/2011,15,FEET,64.4,DEGREES F,10.09,MG/L
06/12/2011,20,FEET,55.5,DEGREES F,11.89,MG/L
06/12/2011,25,FEET,50.7,DEGREES F,11.97,MG/L
06/12/2011,30,FEET,48.1,DEGREES F,10.25,MG/L
06/12/2011,35,FEET,46.7,DEGREES F,7.64,MG/L
06/12/2011,40,FEET,46.3,DEGREES F,6.01,MG/L
07/16/2011,0,FEET,74.2,DEGREES F,8.5,MG/L
07/16/2011,5,FEET,74,DEGREES F,8.47,MG/L
07/16/2011,10,FEET,73.8,DEGREES F,8.46,MG/L
07/16/2011,15,FEET,71,DEGREES F,10.32,MG/L
07/16/2011,20,FEET,63.7,DEGREES F,11.53,MG/L
07/16/2011,25,FEET,56.1,DEGREES F,11.71,MG/L
07/16/2011,30,FEET,51.1,DEGREES F,3.71,MG/L
07/16/2011,35,FEET,49.3,DEGREES F,.17,MG/L
07/16/2011,40,FEET,48.1,DEGREES F,.1,MG/L
08/14/2011,0,FEET,74.4,DEGREES F,8.62,MG/L
08/14/2011,5,FEET,74.6,DEGREES F,8.57,MG/L
08/14/2011,10,FEET,74.6,DEGREES F,8.52,MG/L
08/14/2011,15,FEET,74.6,DEGREES F,8.27,MG/L
08/14/2011,20,FEET,68.2,DEGREES F,10.85,MG/L
08/14/2011,25,FEET,59.3,DEGREES F,7.91,MG/L
08/14/2011,30,FEET,52.3,DEGREES F,.21,MG/L
08/14/2011,35,FEET,50,DEGREES F,.09,MG/L
08/14/2011,40,FEET,49,DEGREES F,.06,MG/L
03/31/2012,0,FEET,43.1,DEGREES F,9.7,MG/L
03/31/2012,5,FEET,43.3,DEGREES F,9.63,MG/L
03/31/2012,10,FEET,43.3,DEGREES F,9.59,MG/L
03/31/2012,15,FEET,43.3,DEGREES F,9.55,MG/L
03/31/2012,20,FEET,43.4,DEGREES F,9.51,MG/L
03/31/2012,25,FEET,43.4,DEGREES F,9.48,MG/L
03/31/2012,30,FEET,43.4,DEGREES F,9.46,MG/L
03/31/2012,35,FEET,43.4,DEGREES F,9.44,MG/L
03/31/2012,40,FEET,43.4,DEGREES F,9.42,MG/L
07/15/2012,0,FEET,72.6,DEGREES F,8.35,MG/L
07/15/2012,5,FEET,73.1,DEGREES F,8.32,MG/L
07/15/2012,10,FEET,73.2,DEGREES F,8.3,MG/L
07/15/2012,15,FEET,72.9,DEGREES F,8.29,MG/L
07/15/2012,20,FEET,68.7,DEGREES F,10.59,MG/L
07/15/2012,25,FEET,59,DEGREES F,10.18,MG/L
07/15/2012,30,FEET,53.2,DEGREES F,.23,MG/L
07/15/2012,35,FEET,51.4,DEGREES F,.18,MG/L
07/15/2012,40,FEET,49.8,DEGREES F,.04,MG/L
05/19/2013,0,FEET,57,DEGREES F,9.31,MG/L
05/19/2013,5,FEET,55.2,DEGREES F,9.3,MG/L
05/19/2013,10,FEET,50.1,DEGREES F,8.36,MG/L
05/19/2013,15,FEET,45.3,DEGREES F,7.82,MG/L
05/19/2013,20,FEET,44,DEGREES F,7.38,MG/L
05/19/2013,25,FEET,43,DEGREES F,6.76,MG/L
05/19/2013,30,FEET,42.5,DEGREES F,5.99,MG/L
05/19/2013,35,FEET,42.4,DEGREES F,5.99,MG/L
05/19/2013,40,FEET,42.2,DEGREES F,5.34,MG/L
06/16/2013,0,FEET,66.8,DEGREES F,10.03,MG/L
06/16/2013,5,FEET,66.9,DEGREES F,10.02,MG/L
06/16/2013,10,FEET,63.9,DEGREES F,11.37,MG/L
06/16/2013,15,FEET,53.9,DEGREES F,12.45,MG/L
06/16/2013,20,FEET,49,DEGREES F,12.31,MG/L
06/16/2013,25,FEET,45.7,DEGREES F,9.26,MG/L
06/16/2013,30,FEET,44.5,DEGREES F,5.35,MG/L
06/16/2013,35,FEET,43.9,DEGREES F,3.21,MG/L
06/16/2013,40,FEET,43.7,DEGREES F,1.51,MG/L
07/14/2013,0,FEET,74,DEGREES F,8.48,MG/L
07/14/2013,5,FEET,74.5,DEGREES F,8.39,MG/L
07/14/2013,10,FEET,74.6,DEGREES F,8.41,MG/L
07/14/2013,15,FEET,66.7,DEGREES F,12.81,MG/L
07/14/2013,20,FEET,56.6,DEGREES F,12.14,MG/L
07/14/2013,25,FEET,50.5,DEGREES F,7.86,MG/L
07/14/2013,30,FEET,47.9,DEGREES F,3.33,MG/L
07/14/2013,35,FEET,45.6,DEGREES F,.11,MG/L
07/14/2013,40,FEET,45.8,DEGREES F,.04,MG/L
08/18/2013,0,FEET,70.9,DEGREES F,9.28,MG/L
08/18/2013,5,FEET,71.2,DEGREES F,9.23,MG/L
08/18/2013,10,FEET,71.3,DEGREES F,9.21,MG/L
08/18/2013,15,FEET,70.5,DEGREES F,9.23,MG/L
08/18/2013,20,FEET,63,DEGREES F,11.96,MG/L
08/18/2013,25,FEET,54.2,DEGREES F,7.92,MG/L
08/18/2013,30,FEET,49.6,DEGREES F,.67,MG/L
08/18/2013,35,FEET,48.1,DEGREES F,.17,MG/L
08/18/2013,40,FEET,47.1,DEGREES F,.1,MG/L
05/18/2014,0,FEET,50.5,DEGREES F,10.4,MG/L
05/18/2014,5,FEET,50,DEGREES F,10.5,MG/L
05/18/2014,10,FEET,49.7,DEGREES F,10.57,MG/L
05/18/2014,15,FEET,46.8,DEGREES F,10.4,MG/L
05/18/2014,20,FEET,44,DEGREES F,8.45,MG/L
05/18/2014,25,FEET,43.1,DEGREES F,6.68,MG/L
05/18/2014,30,FEET,42.3,DEGREES F,5.04,MG/L
05/18/2014,35,FEET,42,DEGREES F,3.97,MG/L
05/18/2014,40,FEET,41.8,DEGREES F,3.48,MG/L
05/18/2014,41,FEET,41.8,DEGREES F,.12,MG/L
06/16/2014,0,FEET,66.1,DEGREES F,9.24,MG/L
06/16/2014,5,FEET,65.8,DEGREES F,9.29,MG/L
06/16/2014,10,FEET,65.6,DEGREES F,9.29,MG/L
06/16/2014,15,FEET,58.7,DEGREES F,12.52,MG/L
06/16/2014,20,FEET,50.5,DEGREES F,13.36,MG/L
06/16/2014,25,FEET,46.7,DEGREES F,12.27,MG/L
06/16/2014,30,FEET,44.6,DEGREES F,8.49,MG/L
06/16/2014,35,FEET,45.8,DEGREES F,6.46,MG/L
06/16/2014,40,FEET,44.4,DEGREES F,.15,MG/L
07/13/2014,0,FEET,71,DEGREES F,8.62,MG/L
07/13/2014,5,FEET,71.9,DEGREES F,8.54,MG/L
07/13/2014,10,FEET,71.9,DEGREES F,8.43,MG/L
07/13/2014,15,FEET,71.4,DEGREES F,8.46,MG/L
07/13/2014,20,FEET,58.2,DEGREES F,12.91,MG/L
07/13/2014,25,FEET,51.6,DEGREES F,11.22,MG/L
07/13/2014,30,FEET,47.6,DEGREES F,4.02,MG/L
07/13/2014,35,FEET,45.6,DEGREES F,.14,MG/L
07/13/2014,40,FEET,45,DEGREES F,.17,MG/L
08/10/2014,0,FEET,74.6,DEGREES F,8.59,MG/L
08/10/2014,5,FEET,75.2,DEGREES F,8.51,MG/L
08/10/2014,10,FEET,75.5,DEGREES F,8.39,MG/L
08/10/2014,15,FEET,74.6,DEGREES F,8.73,MG/L
08/10/2014,20,FEET,63.8,DEGREES F,14.62,MG/L
08/10/2014,25,FEET,56.1,DEGREES F,12.44,MG/L
08/10/2014,30,FEET,49.4,DEGREES F,1.13,MG/L
08/10/2014,35,FEET,47.7,DEGREES F,.21,MG/L
08/10/2014,40,FEET,46.7,DEGREES F,.07,MG/L
04/25/2015,0,FEET,47,DEGREES F,10.67,MG/L
04/25/2015,5,FEET,46.8,DEGREES F,10.65,MG/L
04/25/2015,10,FEET,46.7,DEGREES F,10.62,MG/L
04/25/2015,15,FEET,46.7,DEGREES F,10.59,MG/L
04/25/2015,20,FEET,46.6,DEGREES F,10.54,MG/L
04/25/2015,25,FEET,46.2,DEGREES F,10.24,MG/L
04/25/2015,30,FEET,45.1,DEGREES F,9.8,MG/L
04/25/2015,35,FEET,44.9,DEGREES F,9.46,MG/L
04/25/2015,40,FEET,44.5,DEGREES F,7.85,MG/L
04/25/2015,43,FEET,44.2,DEGREES F,.17,MG/L
06/06/2015,0,FEET,63.7,DEGREES F,9.93,MG/L
06/06/2015,5,FEET,63.8,DEGREES F,9.37,MG/L
06/06/2015,10,FEET,63.8,DEGREES F,9.33,MG/L
06/06/2015,15,FEET,63.5,DEGREES F,9.7,MG/L
06/06/2015,20,FEET,58,DEGREES F,10.63,MG/L
06/06/2015,25,FEET,53.4,DEGREES F,11.04,MG/L
06/06/2015,30,FEET,50.7,DEGREES F,7.27,MG/L
06/06/2015,35,FEET,49,DEGREES F,4.84,MG/L
06/06/2015,40,FEET,48.3,DEGREES F,2.81,MG/L
06/06/2015,42,FEET,47.5,DEGREES F,.11,MG/L
07/12/2015,0,FEET,76,DEGREES F,8.13,MG/L
07/12/2015,5,FEET,76.2,DEGREES F,8.09,MG/L
07/12/2015,10,FEET,75,DEGREES F,8.25,MG/L
07/12/2015,15,FEET,73.8,DEGREES F,8.26,MG/L
07/12/2015,20,FEET,66.9,DEGREES F,11.19,MG/L
07/12/2015,25,FEET,60.5,DEGREES F,11.93,MG/L
07/12/2015,30,FEET,54.8,DEGREES F,3.49,MG/L
07/12/2015,35,FEET,51.5,DEGREES F,.43,MG/L
07/12/2015,40,FEET,50.2,DEGREES F,.11,MG/L
07/12/2015,41,FEET,49.6,DEGREES F,.04,MG/L
08/09/2015,0,FEET,73,DEGREES F,8.04,MG/L
08/09/2015,5,FEET,73.2,DEGREES F,8.01,MG/L
08/09/2015,10,FEET,73.3,DEGREES F,7.98,MG/L
08/09/2015,15,FEET,73.3,DEGREES F,7.87,MG/L
08/09/2015,20,FEET,72.7,DEGREES F,7.81,MG/L
08/09/2015,25,FEET,63.5,DEGREES F,10.76,MG/L
08/09/2015,30,FEET,56.2,DEGREES F,.79,MG/L
08/09/2015,35,FEET,52.4,DEGREES F,.11,MG/L
08/09/2015,40,FEET,51,DEGREES F,.05,MG/L
08/09/2015,41,FEET,50.1,DEGREES F,.02,MG/L
05/06/2016,0,FEET,54.5,DEGREES F,11.4,MG/L
05/06/2016,5,FEET,53.9,DEGREES F,11.51,MG/L
05/06/2016,10,FEET,52.7,DEGREES F,11.72,MG/L
05/06/2016,15,FEET,50.2,DEGREES F,11.68,MG/L
05/06/2016,20,FEET,47.4,DEGREES F,11.81,MG/L
05/06/2016,25,FEET,44.9,DEGREES F,10.7,MG/L
05/06/2016,30,FEET,43.4,DEGREES F,9.58,MG/L
05/06/2016,35,FEET,43,DEGREES F,8.93,MG/L
05/06/2016,40,FEET,42.7,DEGREES F,8.31,MG/L
05/06/2016,42,FEET,42.7,DEGREES F,.21,MG/L
06/11/2016,0,FEET,69.5,DEGREES F,9.57,MG/L
06/11/2016,5,FEET,68.5,DEGREES F,9.87,MG/L
06/11/2016,10,FEET,66.6,DEGREES F,10.06,MG/L
06/11/2016,15,FEET,59,DEGREES F,11.02,MG/L
06/11/2016,20,FEET,53.1,DEGREES F,12.38,MG/L
06/11/2016,25,FEET,49.9,DEGREES F,11.97,MG/L
06/11/2016,30,FEET,47.5,DEGREES F,10.36,MG/L
06/11/2016,35,FEET,46.1,DEGREES F,6.83,MG/L
06/11/2016,40,FEET,45.5,DEGREES F,5.01,MG/L
06/11/2016,41,FEET,45.3,DEGREES F,.13,MG/L
07/10/2016,0,FEET,73.4,DEGREES F,9.23,MG/L
07/10/2016,5,FEET,74,DEGREES F,9.12,MG/L
07/10/2016,10,FEET,74.2,DEGREES F,9.06,MG/L
07/10/2016,15,FEET,70.7,DEGREES F,12.27,MG/L
07/10/2016,20,FEET,61.1,DEGREES F,12.68,MG/L
07/10/2016,25,FEET,55.1,DEGREES F,10.64,MG/L
07/10/2016,30,FEET,51.1,DEGREES F,5.25,MG/L
07/10/2016,35,FEET,49.8,DEGREES F,.19,MG/L
07/10/2016,40,FEET,49.3,DEGREES F,.1,MG/L
07/10/2016,41,FEET,49.1,DEGREES F,.09,MG/L
08/07/2016,0,FEET,76.6,DEGREES F,10.09,MG/L
08/07/2016,5,FEET,76.6,DEGREES F,10.11,MG/L
08/07/2016,10,FEET,76.6,DEGREES F,9.7,MG/L
08/07/2016,15,FEET,74.4,DEGREES F,7.98,MG/L
08/07/2016,20,FEET,63.8,DEGREES F,9.3,MG/L
08/07/2016,25,FEET,55.3,DEGREES F,2.48,MG/L
08/07/2016,30,FEET,51.7,DEGREES F,.22,MG/L
08/07/2016,35,FEET,49.5,DEGREES F,.11,MG/L
08/07/2016,40,FEET,48.6,DEGREES F,.08,MG/L
08/07/2016,41,FEET,48.3,DEGREES F,.03,MG/L
05/13/2017,0,FEET,55.7,DEGREES F,10.46,MG/L
05/13/2017,5,FEET,56,DEGREES F,10.45,MG/L
05/13/2017,10,FEET,54.9,DEGREES F,10.7,MG/L
05/13/2017,15,FEET,50.9,DEGREES F,11.38,MG/L
06/17/2017,0,FEET,72.4,DEGREES F,9.1,MG/L
06/17/2017,5,FEET,72.4,DEGREES F,9.06,MG/L
06/17/2017,10,FEET,71.8,DEGREES F,9.11,MG/L
06/17/2017,15,FEET,62.9,DEGREES F,10.86,MG/L
06/17/2017,20,FEET,56.1,DEGREES F,11.52,MG/L
06/17/2017,25,FEET,52.3,DEGREES F,10.56,MG/L
06/17/2017,30,FEET,49.9,DEGREES F,8.5,MG/L
06/17/2017,35,FEET,48.8,DEGREES F,5.89,MG/L
06/17/2017,40,FEET,48.1,DEGREES F,3.56,MG/L
06/17/2017,43,FEET,47.6,DEGREES F,.12,MG/L
07/15/2017,0,FEET,71.5,DEGREES F,8.68,MG/L
07/15/2017,5,FEET,71.6,DEGREES F,8.68,MG/L
07/15/2017,10,FEET,71.7,DEGREES F,8.66,MG/L
07/15/2017,15,FEET,69.8,DEGREES F,9.29,MG/L
07/15/2017,20,FEET,59.3,DEGREES F,10.71,MG/L
07/15/2017,25,FEET,54.1,DEGREES F,8.71,MG/L
07/15/2017,30,FEET,51.5,DEGREES F,4.62,MG/L
07/15/2017,35,FEET,49.7,DEGREES F,.91,MG/L
07/15/2017,40,FEET,49.1,DEGREES F,.12,MG/L
07/15/2017,42,FEET,48.7,DEGREES F,.05,MG/L
08/13/2017,0,FEET,70.8,DEGREES F,8.69,MG/L
08/13/2017,5,FEET,71.3,DEGREES F,8.59,MG/L
08/13/2017,10,FEET,71.3,DEGREES F,8.4,MG/L
08/13/2017,15,FEET,71.1,DEGREES F,8.28,MG/L
08/13/2017,20,FEET,66.2,DEGREES F,9.91,MG/L
08/13/2017,25,FEET,57,DEGREES F,7.3,MG/L
08/13/2017,30,FEET,52.5,DEGREES F,.48,MG/L
08/13/2017,35,FEET,50.4,DEGREES F,.11,MG/L
08/13/2017,40,FEET,50,DEGREES F,.09,MG/L
08/13/2017,42,FEET,49.4,DEGREES F,.03,MG/L



Start Date,Fieldwork Comment
05/28/2001,Line up with culvert gap- pine on pyne point- and red pine by shed east side.    
06/17/2001,Single loon preening.  Partly cloudy and light.    
07/05/2001,Single loon feeding- pollen in the water- clear and light.    
07/18/2001,Rained on 7/16/01-7/17/01 1/2 inch- first since 7/01/01.  Level at bottom of culvert- high clouds- light- and the water color chart is number 6.    
08/03/2001,Rained on 7/18/01-7/19/01 3/4 inches and on  7/31/01 1 1/2 inches- lake up 3-4 inches- pollen ( )- high clouds- light- and the water color chart is number 6.    
08/19/2001,Very hot last week- 95 degrees/75 degrees.  Loon feeding- lake down to 8/3 level- algae and murky- partly cloudy- light- and the water color chart is number 6.    
09/07/2001,Lots of algae- none floating.  Rained 1 inch in the last three weeks.  Clear and calm.  The water color chart is number 6.    
09/29/2001,Less algae- water level down 3-4 inches- no rain in two weeks- clear and light- and the water color chart is number 6.    
05/21/2002,Light wind- clear.  No rain last 5-6 days.  Color chart
#6.  Ice out 4/17.    
06/08/2002,Calm- overcast. 1"rain 6/7.  Someone's pontoon
floating free on south end. Color #2.    
07/02/2002,Down about 3 inches from mid June.  Bluegill  on beds. Mostly cloudy- light wind W- hot- humid last four days.  Color number 2.    
07/19/2002,No rain last week.  Just a trickle through culvert to
Wilipyro.  Color chart #6.    
08/09/2002,PC and windy.  Three or four loons-long way away to
see if both chicks were there and they were feeding.  Color number 6

    
08/19/2002,Partly cloudy- light winds.  Big storms last week. 2-3
inches of rain.  High winds.  Not as noticable algae as last year.  Color number 6.  Two loon chicks on west shore.  Getting their flight feathers.    
05/29/2003,Loon sighted and maybe a nesting place on the NW
corner.  Color #2.  High clouds- light wind.

    
06/15/2003,Color number 2.

    
06/30/2003,Some weed pollen.  Color number 2.

    
07/18/2003,No sign of the loons and chicks.  Didn't really
search.  Still some water flowing through the culvert.  Raspberries along
driveway starting to ripen.  Color number 2.

    
08/09/2003,Lake down below culvert.  No rain past 10 days.  Algae
in bloom.  Color number 6.


    
08/26/2003,Algae reducing clarity and giving a milky green
appearance.  No flow to Wilipyro.  Lake dropped about 4 inches in past
month.  Color number 2.


    
09/09/2003,Clear- calm.  Lake dropped about 8-9 inches since
early July.  Algae is present and more pronounced than last reading date.
Color number 2.


    
05/17/2004,There was 1.5 inches of rain two nights before the reading.  The ice went out 04/17.  Loons arrived two days later.    
06/02/2004,There has just been four days of rain for a total of more than two inches.    
06/29/2004,No rain for several days.  Water looks very good.    
07/15/2004,No rain for some time.  I wish I could say the water was 1.5 - half way from clear to green    
09/01/2004,We had over one inch of rain four days ago.  The water has become somewhat murky but still 2 on the Custer Color Strip.    
09/17/2004,We had 2.0 inches of rain three days ago.  The water is improving.    
10/09/2004,There is a definite change.  The clarity is down and a murky look and color change has taken place.    
11/08/2004,I'm surprised that there is only 11.00 feet.  No recent rain.  This will be the last reading for 2004.    
05/16/2005,It has been raining for a week but only a total of about two inches.  There are no signs of nesting loons.    
06/07/2005,No significant rain this week.  Bass and bluegills on their nests.  Water continues to flow into Lake Wilipyro.  Overcast with almost no wind.    
07/09/2005,There are just a few puffy clouds so this should help with the satellite pass today.  The lake looks very good.    
07/24/2005,It will rain tomorrow so I will not wait for the satellite.  There has been no significant rain in three weeks so water quality has improved.  This is the first time I have ever taken a reading and the water was colorless.
    
08/10/2005,Clear skies and satellite flyover day.  There was one-half inch of rain yesterday.  That seems to affect Samoset more than Wilipyro.    
09/04/2005,There is a slight green color to the lake.  I would think it would have more clarity than Wilipyro because it has been so dry.    
10/08/2005,There has been about five inches of rain over the last three days.  Samoset really responds to that while Wilipyro doesn't.  Why   As soon as I pushed the boat on the lake I could see this strange color almost like glacier streams in the West.    
11/14/2005,There was a skim of ice right at the shore.  The surface water temperature was 43 degrees F.  There was a rain storm and blizzard yesterday.  This will be the last reading of the 2005 year.    
04/16/2006,The ice went out on the 11th of April and the first loon was there the same day.  Lake levels are very low and there is no flow to Lake Wilipyro through the culvert.
05/02/2006,There has been a drizzle for about four days.  Yet clarity on Samoset remains good.  The loon pair is spending lots of time this spring on Samoset.
05/16/2006,The water clarity looks very good considering this is the first sunny day after a week of soft rain totaling about two inches.  Custer Color Strip #2.
05/26/2006,Color no. 2  Sunny- quiet day.
06/10/2006,Very windy but a good day to take a reading for the satellite.  There is a stone fly hatch of a type I have never seen on Wilipyro.  The loons are hanging out on Samoset.  Water levels are very constant on Samoset as Wilipyro dries up.  The color is #2 on the Custer Strip.
06/13/2006,There is a haze and it is very hot and humid.  Thee were three loons feeding on the lake and the water is beautiful.  This is one day after the satellite but the data should be usable.
06/15/2006,New home being built 20 ft OHWM.  Fawn cavorting in the N end shallows while Mom looks on.  3 loons. About 1 inch of rain in the past month.  High overcast and breezy.  Color no. 2
06/26/2006,It is satellite day and perfectly clear in the sky so I took a reading.  There is a slight breeze from the south.
07/21/2006,Three loons still here.  High overcast- 10 mph.  No rain in past month.  Color number 2.
08/18/2006,Typical algae bloom for this time of the summer.  Got rain July 25-29 totalling over 6 inches.  Virtually none since.  No loons- but could hear them over on Hammill.  Color number 6
09/06/2006,It was a perfect- cloudless day.  The lake looks like late summer and there is a hint of color change in the leaves.  No loons were seen.
09/24/2006,It is a beautiful- sunny day after three days of rain for a total of one inch.  The lake looks murky but I am not certain it is algae.  There are no loons- ducks or geese.
10/15/2006,I am surprised at how murky Samoset is this late in the year.  I gave it a #6 on the Custer Color Strip.  Kind of green.
11/04/2006,I had to break through about ten feet of ice to get to open water.  I was shocked that the visibility wasn't better.  Wilipyro is frozen over - no reading is possible.  I saw either a muskrat or beaver.  This is the last reading of the year.
05/04/2007,A very sunny day with some wind.  There is no flow through the culvert from Samoset to Wilipyro this Spring.  There has been a territorial pair of Loons on Wilipyro but they have now moved to Samoset.
05/17/2007,Beautiful- clear day with light winds.  We had 0.5 inches of rain yesterday but it doesn't seem to have discolored the water.  This may because of extreme drought and no runoff.   Loons were on the lake. 
06/06/2007,No Loons today.  The sky is somewhat overcast and the waters calm.  There was about 0.75 inches of total rain over the two previous days.  
06/16/2007,What a beautiful- sunny day.  The lakes are starting to look like summer.  It rained 0.10 inches last night. 
06/28/2007,A beautiful- sunny day with some wind from the north.  Water looks very good with no Loons on the lake.  The water level on this lake remains constant even in the many year extended drought.  
07/13/2007,There was a pair of feeding Loons on Samoset.  It was overcast and it has been raining this week but the total rain is only a trace.  
07/23/2007,It is cloudy today.  The water is starting to look like summer.  We are right on the 46 foot depth spot.
08/06/2007,Samoset looks like a lake in summer.  With the good system of springs- the lake is holding its level much  better than the other two lakes but it is still low.  There was a Loon on the lake today.  It is mostly sunny and calm.  l
08/26/2007,Samoset is low even for Samoset.  No Loons seen.  The water is an opaque green and there is zero oxygen at 35 feet.  
09/08/2007,It is a beautiful day in Northern Wisconsin.  The lake has a strange green color.
09/28/2007,Beautiful Fall day!  We have been getting some rain so the lake is up slightly but still very low.  The water looks much better now.  
10/14/2007,There was a considerable amount of alga on the shoreline.  It was partly coudy with no wind.  The lake is up some but still low.  
10/24/2007,This is the last reading of the year.  The leaves are down except for some persistant oaks.  It is going below freezing at night and there is frost in the morning.  The lakes look very clear at the shoreline but the disk shows a yellow color.   

See you at ice-out in 2008.  l
05/05/2008,Lake Samoset has regained some lake elevation but not enough to flow through the culvert pipe.  The ice went out May 1st and Loons were seen the same day.  The water is gin clear.  
05/18/2008,It is very cool and breezy.  The skies are partly cloudy and water is visibility is down becouse of 0.2 inches of rain late yesterday.  Samoset gets a little cloudy when it rains.  One loon was fishing and the tree and barn swallows are feeding on bugs.  
05/31/2008,The day is a little more overcast than we would like but the weather has been very bad with high winds and cloud cover.
06/15/2008,It is a beautiful day.  With all of the rain we have been having I am amazed that Samoset is so clear.  There is one Loon swimmign around.  
06/30/2008,The lake looks fine and water levels are up slightly.  The level is not high enough to give flow through the culvert pipe.  
07/14/2008,There is no wind and a beautiful day.  I see one Loon working the lake.  The lake is somewhat summery and getting a little murky but still very nice.  
07/28/2008,Samoset has a billion "water spiders" skating over the surface.  There are so many that they make ripples on the water in some places as they move.  We keep hoping that the lake will come up to put water through the culvert pipe but it remains just a little too low.      
08/16/2008,The lake looks very good.  There are still some "skating spiders" which aren't on Wilipyro.  A Loon landed while the readings were being taken.  
08/29/2008,There are still skating spiders on Samoset.  The lake looks very good.  Both lakes are going down because of lacki of rain.
09/14/2008,Samoset still has skating spiders!  With 2.5" of rain in the last two days- I thought Samoset would be murky but it looks good.  The level has dropped considerably in the last month or two.  I would now call it low for that lake.  
09/28/2008,The skating spiders are gone.  The lake looks very good and fall colors are just short of peak.  Two swans which were on Wilipyro flew over - what a magnificent bird.  
10/17/2008,The lake looks fine.  It still is a "summer" looking lake.  Water levels have held their own this year but remain low.  
10/31/2008,This will be the last reading of the year.  It is time to get ready for winter.  There are some ducks around but no geese.  See you next year after ice out.    
05/01/2009,It is sunny- cold and windy.  There has been about an inch of rain over the last few days.  The ice went out of the lake on April 15th and a loon showed up the same day.  
05/17/2009,It was a little overcast and windy.  Not the best day for this.  Water looks very good.
06/01/2009,I think Samoset is at its best right now.  Kind of windy.
06/12/2009,I don't know what happened but I couldn't find 40 feetof water.  I pulled the anchor several times.  I will have to reestablish the point.  

There was a mallard with eight little ones.  
07/01/2009,It was gray and overcast.  Some sprinkles throughout the day.  Water looks great!
07/12/2009,Partly cloudy beautiful day.  I ffound the spot and took a reading at 47 feet!  As I was taking the equipment to the boat- I heard a splash.  I looked up and here were two juvenile otters.  They were as interested in me as I was in them.  When I came back they were swimming under the boat and playing games with me.  Great stuff.   
07/26/2009,There was one Loon on Samoset.  It may be the missing parent from Wilipyro.  It is a great partly cloudy day and great to take a reading. 
08/14/2009,The lake looks good.  What a raspberry crop this year!
08/28/2009,Samoset looks very good.  I am concerned that the weight of the cable causes it to sink and I think the bottom is deeper than it actually is.  Next year we will take a weighted string.  
09/10/2009,The lake looks very good.  My nephew from Arizona came with me and was fascinated by the project.  That was fine until the golden retriever swam out and tried to get in the boat.  
10/02/2009,The lake looks good but is very low for that lake which maintains itself with active springs.  Colors are full but lack a bit of flash this year.  
10/16/2009,The water has changed color and looks somewhat murky.  This will be my last reading on Samoset for 2009.  See you next spring!
04/09/2010,Only 18 degrees this mrning.  It is flat calm and sunny.  The lake is low and I can't find 40 feet any more..  
04/20/2010,The water looks good and has changed in the last 11 days.  Samoset is down but holding its level much better than other area lakes.   
04/30/2010,Lake looks good.
05/11/2010,There was one lone loon who seemed to be fishing.  While the water is down it isn't like the other lakes.  The water looks very good. 
05/20/2010,T!here was one loon swimming around.  This is my first reading over 20 feet!
05/31/2010,The perfect Memorial Day.  The water remains clear but the algae can now be seen in the water.  
06/14/2010,The first ten feet from the shore are very green from alage.  Lost the anchor because of a broken rope.    
06/29/2010,A very nice day.  There is one lonesome loon swimming around.
07/16/2010,There was one loon.  A windy day and the water was rather yellow.  I again saw an increase in oxygen at about 20 feet.
07/30/2010,The skating bugs are all over the place and the water looks very good.
08/10/2010,Lake is up just a bit.  Millions of skating spiders on the water.  
08/17/2010,There was one adult loon on the lake.  The skating spiders were gone.  Water levels are up just a bit.  
09/10/2010,The lake looks like late summer but not too bad.  
09/22/2010,The lake looks good.  The water is clearing up and the fall colors have started.
10/07/2010,A wonderfull Fall day!  We have two swans visiting Wilipyro.  The lake lookis good.  
10/23/2010,Lake looks good.  Leaves are down. 
11/01/2010,This is he last reading for this year.  Time to put the boats away.  There is a big flock of hooded merganzers.
04/18/2011,Lake is very clear for this time of the year.  The water is up significantly.
05/08/2011,There was one loon swimming around.  This is the first time in several years that there is water flowing through the culvert.   
05/19/2011,Water and weather are great.  
06/04/2011,Two adult Loons were on Samoset.
06/12/2011,The lake  really looks good.  No wind today.
06/29/2011,Nice day
07/16/2011,The lake looks good.  It is "water skater" bug time.  
07/29/2011,No comment
08/14/2011,There was one loon on the lake.  The water was a little more green but nothing to worry about.  The lakie looks very good.
08/30/2011,It looks like showers this afternoon.  The lake ia starting to go down.  There is no water going through the culvert pipe.  
09/23/2011,The lake looks fine.  The water level is below the culvert pipe.
10/20/2011,It is a cool crisp day and windy.
03/31/2012,There was a Loon that came over to investigate and swam around the boat three times.  He was only about ten feet away.  The lake is low and there is no flow to Wilipyro.
04/22/2012,The lake is looking very good but levels are down.  
05/08/2012,The lake coudn't be better.  Iwould say it has come up two inches in the last week.    
05/21/2012,We have had lots of rain but the lake is clear as a bell.
06/04/2012,The lake looks good and is up just a bit.
06/16/2012,Lake levels remain the same with just a small amount going through the culvert.  The water looks good.
06/30/2012,There was a single Loon and a Merganzer with 10 ducklings.  I think the Hansons have added a pontoon boat.
07/15/2012,The lake has a very distinct bloom.  The lake looks milky and visability is way down.  
07/15/2012,The lake is covered with skating spiders   They are there just about this time every year.  Very sunny and no wind.
07/31/2012,I could immediately see that the lake had gone from clear to cloudy. We have one Loon chick remaining and always with one adult.  There have been many frogs this year.
08/28/2012,Samoset is very green.
09/14/2012,The lake continues to have a big bloom.
10/01/2012,The algae bloom is subsiding.  The lake is still a little murky but much better than two weeks ago.  
10/15/2012,This is the first time I ever thought the water was yellow on Samoset.  It may be the decay after the bloom.
10/29/2012,The lake is calm but it continues to have reduced visability from the bloom this summer.  This is the last reading this year.
05/19/2013,It is cloudy with a SE wind.  I saw an Ospery.
06/16/2013,There are two Loons on Samoset.  There is a good flow from Samoset through the culvert to Wilipyro.
07/02/2013,The water is very clear.  But- there is some particulate matter in the water column.
07/14/2013,Overcast and some sprinkles.  Wilipyro creek still has a very good flow.
08/04/2013,The skating spiders are back.
08/18/2013,LOON CONCLAVE!  There were seven Loons hanging out on Samoset.  Lots of skating spiders and a slight bloom.  
09/21/2013,It is gray and windy.  The bloom seems to be gone.
05/18/2014,The lake looks super.  The culvert has about seven inches and is really flowing.  No Loons today. 
05/26/2014,Lake looks fine.  No Loons. 
06/08/2014,Lake looks very good. The dragonflies have hatched.
06/16/2014,Saw a Loon landing.  Lake looks good but very windy.  Anchor is dragging.
06/23/2014,I saw one Loon working the shoreline.  I believe this is my first 20 foot reading.
07/13/2014,We are seeing some alge.
08/02/2014,There was one Loon.  The water is starting to turn green.  Billions of lucky bugs. 
08/10/2014,There was one Loon fly over.  There is some alge and a trillion skating spiders.
09/17/2014,Still some skating spiders.  The lake has an opque- green color.  The reading is lower but the lake looks good.  
10/10/2014,There is an immature Loon swimming around.  I can't believe it!
04/25/2015,Lake looks good.  No water going through culvert.  No Loons on the lake.
05/19/2015,I believe this is my first twenty foot reading on Samoset.
05/20/2015,I  believe this is my first 20 foot reading on Samoset.
06/16/2015,Water looks great.
06/30/2015,I am seeing that "white algae" showing up.  Wilipyro Creek still flows but very little.
08/02/2015,Great day.  Lake looks good.
08/09/2015,The lake looks good.  There are a billion skating spiders.
09/16/2015,Everything is fine.
10/02/2015,Green alge
10/22/2015,This will be the last reading for the year.  
05/06/2016,The water looks pretty good.  A little green but good elevation.  No Loons
06/11/2016,Lake looks good. Nothing unusual.
06/28/2016,Lake looks great!
07/10/2016,There were three loons on the lake and millions of skating spiders.
08/07/2016,Skating spiders and lots of algae.  The lake is green.  Calm and sunny Skating spiders and lots of algae.  The lake is green.  Calm and sunny
08/27/2016,The lake is as green as grass.  I believe this is the first 
09/23/2016,The algae seems to be more or less gone
10/24/2016,Lake looks very normal.  This is the last data for the year.
04/25/2017,This is the first day I have seen a loon on Samoset.  The lake looks great.  The ice went out on April 5th.
05/13/2017,Cool and cloudy.  Lake looks great.
05/28/2017,I have never seen Samoset this clear!
06/17/2017,There was one Loon and the algae is starting.
07/15/2017,There were two Loons on the lake.  The algae is starting to bloom.
07/29/2017,The clarity is dropping but I don't see algae as such.
08/13/2017,The skating spiders are there but not as any as some years.  The clarity continues to drop.  The secchi disk looks green at about 10 feet.   Still some skating spiders.  The water is a little green. 




Start Date,Group Name,Project Name
05/28/2001,Roger Dreher,Citizen Lake Monitoring - Water Quality - Samoset Lake (2494800); Center - Deep Hole
06/17/2001,Roger Dreher,Citizen Lake Monitoring - Water Quality - Samoset Lake (2494800); Center - Deep Hole
07/05/2001,Roger Dreher,Citizen Lake Monitoring - Water Quality - Samoset Lake (2494800); Center - Deep Hole
07/18/2001,Roger Dreher,Citizen Lake Monitoring - Water Quality - Samoset Lake (2494800); Center - Deep Hole
08/03/2001,Roger Dreher,Citizen Lake Monitoring - Water Quality - Samoset Lake (2494800); Center - Deep Hole
08/19/2001,Roger Dreher,Citizen Lake Monitoring - Water Quality - Samoset Lake (2494800); Center - Deep Hole
09/07/2001,Roger Dreher,Citizen Lake Monitoring - Water Quality - Samoset Lake (2494800); Center - Deep Hole
09/29/2001,Roger Dreher,Citizen Lake Monitoring - Water Quality - Samoset Lake (2494800); Center - Deep Hole
05/21/2002,Roger Dreher,Citizen Lake Monitoring - Water Quality - Samoset Lake (2494800); Center - Deep Hole
06/08/2002,Roger Dreher,Citizen Lake Monitoring - Water Quality - Samoset Lake (2494800); Center - Deep Hole
07/02/2002,Roger Dreher,Citizen Lake Monitoring - Water Quality - Samoset Lake (2494800); Center - Deep Hole
07/19/2002,Roger Dreher,Citizen Lake Monitoring - Water Quality - Samoset Lake (2494800); Center - Deep Hole
08/09/2002,Roger Dreher,Citizen Lake Monitoring - Water Quality - Samoset Lake (2494800); Center - Deep Hole
08/19/2002,Roger Dreher,Citizen Lake Monitoring - Water Quality - Samoset Lake (2494800); Center - Deep Hole
05/29/2003,Roger Dreher,Citizen Lake Monitoring - Water Quality - Samoset Lake (2494800); Center - Deep Hole
06/15/2003,Roger Dreher,Citizen Lake Monitoring - Water Quality - Samoset Lake (2494800); Center - Deep Hole
06/30/2003,Roger Dreher,Citizen Lake Monitoring - Water Quality - Samoset Lake (2494800); Center - Deep Hole
07/18/2003,Roger Dreher,Citizen Lake Monitoring - Water Quality - Samoset Lake (2494800); Center - Deep Hole
08/09/2003,Roger Dreher,Citizen Lake Monitoring - Water Quality - Samoset Lake (2494800); Center - Deep Hole
08/26/2003,Roger Dreher,Citizen Lake Monitoring - Water Quality - Samoset Lake (2494800); Center - Deep Hole
09/09/2003,Roger Dreher,Citizen Lake Monitoring - Water Quality - Samoset Lake (2494800); Center - Deep Hole
05/17/2004,Joe Brady,Citizen Lake Monitoring - Water Quality - Samoset Lake (2494800); Center - Deep Hole
06/02/2004,Joe Brady,Citizen Lake Monitoring - Water Quality - Samoset Lake (2494800); Center - Deep Hole
06/29/2004,Joe Brady,Citizen Lake Monitoring - Water Quality - Samoset Lake (2494800); Center - Deep Hole
07/15/2004,Joe Brady,Citizen Lake Monitoring - Water Quality - Samoset Lake (2494800); Center - Deep Hole
09/01/2004,Joe Brady,Citizen Lake Monitoring - Water Quality - Samoset Lake (2494800); Center - Deep Hole
09/17/2004,Joe Brady,Citizen Lake Monitoring - Water Quality - Samoset Lake (2494800); Center - Deep Hole
10/09/2004,Joe Brady,Citizen Lake Monitoring - Water Quality - Samoset Lake (2494800); Center - Deep Hole
11/08/2004,Joe Brady,Citizen Lake Monitoring - Water Quality - Samoset Lake (2494800); Center - Deep Hole
05/16/2005,Joe Brady,Citizen Lake Monitoring - Water Quality - Samoset Lake (2494800); Center - Deep Hole
06/07/2005,Joe Brady,Citizen Lake Monitoring - Water Quality - Samoset Lake (2494800); Center - Deep Hole
07/09/2005,Joe Brady,Citizen Lake Monitoring - Water Quality - Samoset Lake (2494800); Center - Deep Hole
07/24/2005,Joe Brady,Citizen Lake Monitoring - Water Quality - Samoset Lake (2494800); Center - Deep Hole
08/10/2005,Joe Brady,Citizen Lake Monitoring - Water Quality - Samoset Lake (2494800); Center - Deep Hole
09/04/2005,Joe Brady,Citizen Lake Monitoring - Water Quality - Samoset Lake (2494800); Center - Deep Hole
10/08/2005,Joe Brady,Citizen Lake Monitoring - Water Quality - Samoset Lake (2494800); Center - Deep Hole
11/14/2005,Joe Brady,Citizen Lake Monitoring - Water Quality - Samoset Lake (2494800); Center - Deep Hole
04/16/2006,Joe Brady,Citizen Lake Monitoring - Water Quality - Samoset Lake (2494800); Center - Deep Hole
05/02/2006,Joe Brady,Citizen Lake Monitoring - Water Quality - Samoset Lake (2494800); Center - Deep Hole
05/16/2006,Joe Brady,Citizen Lake Monitoring - Water Quality - Samoset Lake (2494800); Center - Deep Hole
05/26/2006,Roger Dreher,Citizen Lake Monitoring - Water Quality - Samoset Lake (2494800); Center - Deep Hole
06/10/2006,Joe Brady,Citizen Lake Monitoring - Water Quality - Samoset Lake (2494800); Center - Deep Hole
06/13/2006,Joe Brady,Citizen Lake Monitoring - Water Quality - Samoset Lake (2494800); Center - Deep Hole
06/15/2006,Roger Dreher,Citizen Lake Monitoring - Water Quality - Samoset Lake (2494800); Center - Deep Hole
06/26/2006,Joe Brady,Citizen Lake Monitoring - Water Quality - Samoset Lake (2494800); Center - Deep Hole
07/21/2006,Roger Dreher,Citizen Lake Monitoring - Water Quality - Samoset Lake (2494800); Center - Deep Hole
08/18/2006,Roger Dreher,Citizen Lake Monitoring - Water Quality - Samoset Lake (2494800); Center - Deep Hole
09/06/2006,Joe Brady,Citizen Lake Monitoring - Water Quality - Samoset Lake (2494800); Center - Deep Hole
09/24/2006,Joe Brady,Citizen Lake Monitoring - Water Quality - Samoset Lake (2494800); Center - Deep Hole
10/15/2006,Joe Brady,Citizen Lake Monitoring - Water Quality - Samoset Lake (2494800); Center - Deep Hole
11/04/2006,Joe Brady,Citizen Lake Monitoring - Water Quality - Samoset Lake (2494800); Center - Deep Hole
05/04/2007,Joe Brady,Citizen Lake Monitoring - Water Quality - Samoset Lake (2494800); Center - Deep Hole
05/17/2007,Joe Brady,Citizen Lake Monitoring - Water Quality - Samoset Lake (2494800); Center - Deep Hole
06/05/2007,Roger Dreher,Citizen Lake Monitoring - Water Quality - Samoset Lake (2494800); Center - Deep Hole
06/06/2007,Joe Brady,Citizen Lake Monitoring - Water Quality - Samoset Lake (2494800); Center - Deep Hole
06/16/2007,Joe Brady,Citizen Lake Monitoring - Water Quality - Samoset Lake (2494800); Center - Deep Hole
06/28/2007,Joe Brady,Citizen Lake Monitoring - Water Quality - Samoset Lake (2494800); Center - Deep Hole
07/13/2007,Joe Brady,Citizen Lake Monitoring - Water Quality - Samoset Lake (2494800); Center - Deep Hole
07/23/2007,Joe Brady,Citizen Lake Monitoring - Water Quality - Samoset Lake (2494800); Center - Deep Hole
08/06/2007,Joe Brady,Citizen Lake Monitoring - Water Quality - Samoset Lake (2494800); Center - Deep Hole
08/26/2007,Joe Brady,Citizen Lake Monitoring - Water Quality - Samoset Lake (2494800); Center - Deep Hole
09/08/2007,Joe Brady,Citizen Lake Monitoring - Water Quality - Samoset Lake (2494800); Center - Deep Hole
09/28/2007,Joe Brady,Citizen Lake Monitoring - Water Quality - Samoset Lake (2494800); Center - Deep Hole
10/14/2007,Joe Brady,Citizen Lake Monitoring - Water Quality - Samoset Lake (2494800); Center - Deep Hole
10/24/2007,Joe Brady,Citizen Lake Monitoring - Water Quality - Samoset Lake (2494800); Center - Deep Hole
05/05/2008,Joe Brady,Citizen Lake Monitoring - Water Quality - Samoset Lake (2494800); Center - Deep Hole
05/18/2008,Joe Brady,Citizen Lake Monitoring - Water Quality - Samoset Lake (2494800); Center - Deep Hole
05/31/2008,Joe Brady,Citizen Lake Monitoring - Water Quality - Samoset Lake (2494800); Center - Deep Hole
06/15/2008,Joe Brady,Citizen Lake Monitoring - Water Quality - Samoset Lake (2494800); Center - Deep Hole
06/30/2008,Joe Brady,Citizen Lake Monitoring - Water Quality - Samoset Lake (2494800); Center - Deep Hole
07/14/2008,Joe Brady,Citizen Lake Monitoring - Water Quality - Samoset Lake (2494800); Center - Deep Hole
07/28/2008,Joe Brady,Citizen Lake Monitoring - Water Quality - Samoset Lake (2494800); Center - Deep Hole
08/16/2008,Joe Brady,Citizen Lake Monitoring - Water Quality - Samoset Lake (2494800); Center - Deep Hole
08/29/2008,Joe Brady,Citizen Lake Monitoring - Water Quality - Samoset Lake (2494800); Center - Deep Hole
09/14/2008,Joe Brady,Citizen Lake Monitoring - Water Quality - Samoset Lake (2494800); Center - Deep Hole
09/28/2008,Joe Brady,Citizen Lake Monitoring - Water Quality - Samoset Lake (2494800); Center - Deep Hole
10/17/2008,Joe Brady,Citizen Lake Monitoring - Water Quality - Samoset Lake (2494800); Center - Deep Hole
10/31/2008,Joe Brady,Citizen Lake Monitoring - Water Quality - Samoset Lake (2494800); Center - Deep Hole
05/01/2009,Joe Brady,Citizen Lake Monitoring - Water Quality - Samoset Lake (2494800); Center - Deep Hole
05/17/2009,Joe Brady,Citizen Lake Monitoring - Water Quality - Samoset Lake (2494800); Center - Deep Hole
06/01/2009,Joe Brady,Citizen Lake Monitoring - Water Quality - Samoset Lake (2494800); Center - Deep Hole
06/12/2009,Joe Brady,Citizen Lake Monitoring - Water Quality - Samoset Lake (2494800); Center - Deep Hole
07/01/2009,Joe Brady,Citizen Lake Monitoring - Water Quality - Samoset Lake (2494800); Center - Deep Hole
07/12/2009,Joe Brady,Citizen Lake Monitoring - Water Quality - Samoset Lake (2494800); Center - Deep Hole
07/26/2009,Joe Brady,Citizen Lake Monitoring - Water Quality - Samoset Lake (2494800); Center - Deep Hole
08/14/2009,Joe Brady,Citizen Lake Monitoring - Water Quality - Samoset Lake (2494800); Center - Deep Hole
08/28/2009,Joe Brady,Citizen Lake Monitoring - Water Quality - Samoset Lake (2494800); Center - Deep Hole
09/10/2009,Joe Brady,Citizen Lake Monitoring - Water Quality - Samoset Lake (2494800); Center - Deep Hole
10/02/2009,Joe Brady,Citizen Lake Monitoring - Water Quality - Samoset Lake (2494800); Center - Deep Hole
10/16/2009,Joe Brady,Citizen Lake Monitoring - Water Quality - Samoset Lake (2494800); Center - Deep Hole
04/09/2010,Joe Brady,Citizen Lake Monitoring - Water Quality - Samoset Lake (2494800); Center - Deep Hole
04/20/2010,Joe Brady,Citizen Lake Monitoring - Water Quality - Samoset Lake (2494800); Center - Deep Hole
04/30/2010,Joe Brady,Citizen Lake Monitoring - Water Quality - Samoset Lake (2494800); Center - Deep Hole
05/11/2010,Joe Brady,Citizen Lake Monitoring - Water Quality - Samoset Lake (2494800); Center - Deep Hole
05/20/2010,Joe Brady,Citizen Lake Monitoring - Water Quality - Samoset Lake (2494800); Center - Deep Hole
05/31/2010,Joe Brady,Citizen Lake Monitoring - Water Quality - Samoset Lake (2494800); Center - Deep Hole
06/14/2010,Joe Brady,Citizen Lake Monitoring - Water Quality - Samoset Lake (2494800); Center - Deep Hole
06/29/2010,Joe Brady,Citizen Lake Monitoring - Water Quality - Samoset Lake (2494800); Center - Deep Hole
07/16/2010,Joe Brady,Citizen Lake Monitoring - Water Quality - Samoset Lake (2494800); Center - Deep Hole
07/30/2010,Joe Brady,Citizen Lake Monitoring - Water Quality - Samoset Lake (2494800); Center - Deep Hole
08/10/2010,Joe Brady,Citizen Lake Monitoring - Water Quality - Samoset Lake (2494800); Center - Deep Hole
08/17/2010,Joe Brady,Citizen Lake Monitoring - Water Quality - Samoset Lake (2494800); Center - Deep Hole
09/10/2010,Joe Brady,Citizen Lake Monitoring - Water Quality - Samoset Lake (2494800); Center - Deep Hole
09/22/2010,Joe Brady,Citizen Lake Monitoring - Water Quality - Samoset Lake (2494800); Center - Deep Hole
10/07/2010,Joe Brady,Citizen Lake Monitoring - Water Quality - Samoset Lake (2494800); Center - Deep Hole
10/23/2010,Joe Brady,Citizen Lake Monitoring - Water Quality - Samoset Lake (2494800); Center - Deep Hole
11/01/2010,Joe Brady,Citizen Lake Monitoring - Water Quality - Samoset Lake (2494800); Center - Deep Hole
04/18/2011,Joe Brady,Citizen Lake Monitoring - Water Quality - Samoset Lake (2494800); Center - Deep Hole
05/08/2011,Joe Brady,Citizen Lake Monitoring - Water Quality - Samoset Lake (2494800); Center - Deep Hole
05/19/2011,Joe Brady,Citizen Lake Monitoring - Water Quality - Samoset Lake (2494800); Center - Deep Hole
06/04/2011,Joe Brady,Citizen Lake Monitoring - Water Quality - Samoset Lake (2494800); Center - Deep Hole
06/12/2011,Joe Brady,Citizen Lake Monitoring - Water Quality - Samoset Lake (2494800); Center - Deep Hole
06/29/2011,Joe Brady,Citizen Lake Monitoring - Water Quality - Samoset Lake (2494800); Center - Deep Hole
07/16/2011,Joe Brady,Citizen Lake Monitoring - Water Quality - Samoset Lake (2494800); Center - Deep Hole
07/29/2011,Joe Brady,Citizen Lake Monitoring - Water Quality - Samoset Lake (2494800); Center - Deep Hole
08/14/2011,Joe Brady,Citizen Lake Monitoring - Water Quality - Samoset Lake (2494800); Center - Deep Hole
08/30/2011,Joe Brady,Citizen Lake Monitoring - Water Quality - Samoset Lake (2494800); Center - Deep Hole
09/23/2011,Joe Brady,Citizen Lake Monitoring - Water Quality - Samoset Lake (2494800); Center - Deep Hole
10/20/2011,Joe Brady,Citizen Lake Monitoring - Water Quality - Samoset Lake (2494800); Center - Deep Hole
03/31/2012,Joe Brady,Citizen Lake Monitoring - Water Quality - Samoset Lake (2494800); Center - Deep Hole
04/22/2012,Joe Brady,Citizen Lake Monitoring - Water Quality - Samoset Lake (2494800); Center - Deep Hole
05/08/2012,Joe Brady,Citizen Lake Monitoring - Water Quality - Samoset Lake (2494800); Center - Deep Hole
05/21/2012,Joe Brady,Citizen Lake Monitoring - Water Quality - Samoset Lake (2494800); Center - Deep Hole
06/04/2012,Joe Brady,Citizen Lake Monitoring - Water Quality - Samoset Lake (2494800); Center - Deep Hole
06/16/2012,Joe Brady,Citizen Lake Monitoring - Water Quality - Samoset Lake (2494800); Center - Deep Hole
06/30/2012,Joe Brady,Citizen Lake Monitoring - Water Quality - Samoset Lake (2494800); Center - Deep Hole
07/15/2012,Joe Brady,Citizen Lake Monitoring - Water Quality - Samoset Lake (2494800); Center - Deep Hole
07/31/2012,Joe Brady,Citizen Lake Monitoring - Water Quality - Samoset Lake (2494800); Center - Deep Hole
08/12/2012,Joe Brady,Citizen Lake Monitoring - Water Quality - Samoset Lake (2494800); Center - Deep Hole
08/28/2012,Joe Brady,Citizen Lake Monitoring - Water Quality - Samoset Lake (2494800); Center - Deep Hole
09/14/2012,Joe Brady,Citizen Lake Monitoring - Water Quality - Samoset Lake (2494800); Center - Deep Hole
10/01/2012,Joe Brady,Citizen Lake Monitoring - Water Quality - Samoset Lake (2494800); Center - Deep Hole
10/15/2012,Joe Brady,Citizen Lake Monitoring - Water Quality - Samoset Lake (2494800); Center - Deep Hole
10/29/2012,Joe Brady,Citizen Lake Monitoring - Water Quality - Samoset Lake (2494800); Center - Deep Hole
05/19/2013,Joe Brady,Citizen Lake Monitoring - Water Quality - Samoset Lake (2494800); Center - Deep Hole
06/01/2013,Joe Brady,Citizen Lake Monitoring - Water Quality - Samoset Lake (2494800); Center - Deep Hole
06/16/2013,Joe Brady,Citizen Lake Monitoring - Water Quality - Samoset Lake (2494800); Center - Deep Hole
07/02/2013,Joe Brady,Citizen Lake Monitoring - Water Quality - Samoset Lake (2494800); Center - Deep Hole
07/14/2013,Joe Brady,Citizen Lake Monitoring - Water Quality - Samoset Lake (2494800); Center - Deep Hole
08/04/2013,Joe Brady,Citizen Lake Monitoring - Water Quality - Samoset Lake (2494800); Center - Deep Hole
08/18/2013,Joe Brady,Citizen Lake Monitoring - Water Quality - Samoset Lake (2494800); Center - Deep Hole
09/01/2013,Joe Brady,Citizen Lake Monitoring - Water Quality - Samoset Lake (2494800); Center - Deep Hole
09/21/2013,Joe Brady,Citizen Lake Monitoring - Water Quality - Samoset Lake (2494800); Center - Deep Hole
05/18/2014,Joe Brady,Citizen Lake Monitoring - Water Quality - Samoset Lake (2494800); Center - Deep Hole
05/26/2014,Joe Brady,Citizen Lake Monitoring - Water Quality - Samoset Lake (2494800); Center - Deep Hole
06/08/2014,Joe Brady,Citizen Lake Monitoring - Water Quality - Samoset Lake (2494800); Center - Deep Hole
06/16/2014,Joe Brady,Citizen Lake Monitoring - Water Quality - Samoset Lake (2494800); Center - Deep Hole
06/23/2014,Joe Brady,Citizen Lake Monitoring - Water Quality - Samoset Lake (2494800); Center - Deep Hole
07/13/2014,Joe Brady,Citizen Lake Monitoring - Water Quality - Samoset Lake (2494800); Center - Deep Hole
08/02/2014,Joe Brady,Citizen Lake Monitoring - Water Quality - Samoset Lake (2494800); Center - Deep Hole
08/10/2014,Joe Brady,Citizen Lake Monitoring - Water Quality - Samoset Lake (2494800); Center - Deep Hole
09/17/2014,Joe Brady,Citizen Lake Monitoring - Water Quality - Samoset Lake (2494800); Center - Deep Hole
10/10/2014,Joe Brady,Citizen Lake Monitoring - Water Quality - Samoset Lake (2494800); Center - Deep Hole
04/25/2015,Joe Brady,Citizen Lake Monitoring - Water Quality - Samoset Lake (2494800); Center - Deep Hole
05/19/2015,Joe Brady,Citizen Lake Monitoring - Water Quality - Samoset Lake (2494800); Center - Deep Hole
05/20/2015,Joe Brady,Citizen Lake Monitoring - Water Quality - Samoset Lake (2494800); Center - Deep Hole
05/21/2015,Joe Brady,Citizen Lake Monitoring - Water Quality - Samoset Lake (2494800); Center - Deep Hole
06/06/2015,Joe Brady,Citizen Lake Monitoring - Water Quality - Samoset Lake (2494800); Center - Deep Hole
06/16/2015,Joe Brady,Citizen Lake Monitoring - Water Quality - Samoset Lake (2494800); Center - Deep Hole
06/30/2015,Joe Brady,Citizen Lake Monitoring - Water Quality - Samoset Lake (2494800); Center - Deep Hole
07/12/2015,Joe Brady,Citizen Lake Monitoring - Water Quality - Samoset Lake (2494800); Center - Deep Hole
08/02/2015,Joe Brady,Citizen Lake Monitoring - Water Quality - Samoset Lake (2494800); Center - Deep Hole
08/09/2015,Joe Brady,Citizen Lake Monitoring - Water Quality - Samoset Lake (2494800); Center - Deep Hole
09/16/2015,Joe Brady,Citizen Lake Monitoring - Water Quality - Samoset Lake (2494800); Center - Deep Hole
10/02/2015,Joe Brady,Citizen Lake Monitoring - Water Quality - Samoset Lake (2494800); Center - Deep Hole
10/22/2015,Joe Brady,Citizen Lake Monitoring - Water Quality - Samoset Lake (2494800); Center - Deep Hole
05/06/2016,Joe Brady,Citizen Lake Monitoring - Water Quality - Samoset Lake (2494800); Center - Deep Hole
05/21/2016,Joe Brady,Citizen Lake Monitoring - Water Quality - Samoset Lake (2494800); Center - Deep Hole
06/11/2016,Joe Brady,Citizen Lake Monitoring - Water Quality - Samoset Lake (2494800); Center - Deep Hole
06/28/2016,Joe Brady,Citizen Lake Monitoring - Water Quality - Samoset Lake (2494800); Center - Deep Hole
07/10/2016,Joe Brady,Citizen Lake Monitoring - Water Quality - Samoset Lake (2494800); Center - Deep Hole
08/07/2016,Joe Brady,Citizen Lake Monitoring - Water Quality - Samoset Lake (2494800); Center - Deep Hole
08/27/2016,Joe Brady,Citizen Lake Monitoring - Water Quality - Samoset Lake (2494800); Center - Deep Hole
09/23/2016,Joe Brady,Citizen Lake Monitoring - Water Quality - Samoset Lake (2494800); Center - Deep Hole
10/24/2016,Joe Brady,Citizen Lake Monitoring - Water Quality - Samoset Lake (2494800); Center - Deep Hole
04/25/2017,Joe Brady,Citizen Lake Monitoring - Water Quality - Samoset Lake (2494800); Center - Deep Hole
05/13/2017,Joe Brady,Citizen Lake Monitoring - Water Quality - Samoset Lake (2494800); Center - Deep Hole
05/28/2017,Joe Brady,Citizen Lake Monitoring - Water Quality - Samoset Lake (2494800); Center - Deep Hole
06/17/2017,Joe Brady,Citizen Lake Monitoring - Water Quality - Samoset Lake (2494800); Center - Deep Hole
06/19/2017,Joe Brady,Citizen Lake Monitoring - Water Quality - Samoset Lake (2494800); Center - Deep Hole
06/30/2017,Joe Brady,Citizen Lake Monitoring - Water Quality - Samoset Lake (2494800); Center - Deep Hole
07/15/2017,Joe Brady,Citizen Lake Monitoring - Water Quality - Samoset Lake (2494800); Center - Deep Hole
07/29/2017,Joe Brady,Citizen Lake Monitoring - Water Quality - Samoset Lake (2494800); Center - Deep Hole
08/13/2017,Joe Brady,Citizen Lake Monitoring - Water Quality - Samoset Lake (2494800); Center - Deep Hole
10/01/2017,Joe Brady,Citizen Lake Monitoring - Water Quality - Samoset Lake (2494800); Center - Deep Hole
