Lake Water Quality Report - 1950 to 2017


Lake Name,County Name,Waterbody ID(WBIC),Region Code,County Code,Station Name,Station ID,Geo Region,Lake Type
Lawrence Lake,Langlade,997300,NO,34,,10022550,NE,SEEPAGE



Group Seq No, Start Date, Secchi (Feet),Secchi Hit Bottom?,Secchi (Meters),Chlorophyll(ug/l),Total Phosphorus(ug/l),Secchi TSI,Total Phosphorus TSI,Chlorophyll TSI,Lake Level,Staff Gauge,Appearance,Color,Perception
22979117,05/25/2008,16.25,NO,4.9,,,37,,,NORMAL,,CLEAR,BLUE,1-Beautiful, could not be nicer
22979117,06/14/2008,12.5,NO,3.8,,,41,,,NORMAL,,CLEAR,GREEN,3-Enjoyment somewhat impaired (algae)
22979117,07/06/2008,9.5,NO,2.9,,,45,,,NORMAL,,CLEAR,GREEN,2-Very minor aesthetic problems
22979117,08/16/2008,11,NO,3.3,,,43,,,NORMAL,,CLEAR,GREEN,2-Very minor aesthetic problems
22979117,08/31/2008,14.5,NO,4.4,,,39,,,LOW,,CLEAR,BLUE,1-Beautiful, could not be nicer
22979117,09/27/2008,13,NO,4,,,40,,,LOW,,CLEAR,YELLOW,1-Beautiful, could not be nicer
22979117,10/12/2008,11.5,NO,3.5,,,42,,,LOW,,CLEAR,BLUE,2-Very minor aesthetic problems
22979117,10/24/2008,10.5,NO,3.2,,,43,,,LOW,,CLEAR,YELLOW,1-Beautiful, could not be nicer
22979117,06/07/2009,12.75,NO,3.9,,,40,,,HIGH,,CLEAR,GREEN,2-Very minor aesthetic problems
22979117,06/22/2009,14.75,NO,4.5,,,38,,,NORMAL,,CLEAR,YELLOW,1-Beautiful, could not be nicer
22979117,05/22/2010,16,NO,4.9,,,37,,,LOW,,CLEAR,BLUE,1-Beautiful, could not be nicer
22979117,05/31/2010,19.5,NO,5.9,,,34,,,LOW,,CLEAR,BLUE,2-Very minor aesthetic problems
22979117,07/04/2010,13.75,NO,4.2,,,39,,,LOW,,CLEAR,YELLOW,2-Very minor aesthetic problems
22979117,07/25/2010,16.5,NO,5,,,37,,,LOW,,CLEAR,BLUE,1-Beautiful, could not be nicer
22979117,07/31/2010,13.5,NO,4.1,,,40,,,LOW,,CLEAR,YELLOW,1-Beautiful, could not be nicer
22979117,08/22/2010,16.25,NO,4.9,,,37,,,LOW,,CLEAR,BLUE,1-Beautiful, could not be nicer
22979117,09/05/2010,14.25,NO,4.3,,,39,,,LOW,,CLEAR,GREEN,2-Very minor aesthetic problems
22979117,09/25/2010,12.25,NO,3.7,,,41,,,NORMAL,,MURKY,YELLOW,2-Very minor aesthetic problems
22979117,10/09/2010,12.75,NO,3.9,,,40,,,NORMAL,,CLEAR,GREEN,1-Beautiful, could not be nicer
22979117,10/22/2010,10.75,NO,3.3,,,43,,,NORMAL,,CLEAR,GREEN,2-Very minor aesthetic problems
22979117,05/28/2011,9.5,NO,2.9,,,45,,,NORMAL,,CLEAR,YELLOW,2-Very minor aesthetic problems
22979117,06/25/2011,8,NO,2.4,,,47,,,NORMAL,,MURKY,YELLOW,2-Very minor aesthetic problems
22979117,07/02/2011,10.25,NO,3.1,,,44,,,HIGH,,CLEAR,YELLOW,2-Very minor aesthetic problems
22979117,07/17/2011,8,NO,2.4,,,47,,,HIGH,,MURKY,YELLOW,3-Enjoyment somewhat impaired (algae)
22979117,08/06/2011,8.5,NO,2.6,,,46,,,LOW,,MURKY,YELLOW,2-Very minor aesthetic problems
22979117,08/20/2011,12.5,NO,3.8,,,41,,,NORMAL,,CLEAR,YELLOW,1-Beautiful, could not be nicer
22979117,09/11/2011,12.75,NO,3.9,,,40,,,NORMAL,,CLEAR,YELLOW,2-Very minor aesthetic problems
22979117,09/16/2011,13.25,NO,4,,,40,,,NORMAL,,CLEAR,BLUE,1-Beautiful, could not be nicer
22979117,10/02/2011,13,NO,4,,,40,,,NORMAL,,CLEAR,BROWN,2-Very minor aesthetic problems
22979117,10/07/2011,10.25,NO,3.1,,,44,,,NORMAL,,CLEAR,BROWN,2-Very minor aesthetic problems
22979117,10/23/2011,9.5,NO,2.9,,,45,,,NORMAL,,MURKY,YELLOW,3-Enjoyment somewhat impaired (algae)
22979117,10/28/2011,10,NO,3,,,44,,,LOW,,MURKY,BROWN,2-Very minor aesthetic problems
22979117,04/28/2012,11.25,NO,3.4,,,42,,,NORMAL,,CLEAR,YELLOW,1-Beautiful, could not be nicer
22979117,05/06/2012,12.75,NO,3.9,,,40,,,LOW,,CLEAR,YELLOW,2-Very minor aesthetic problems
22979117,05/19/2012,14.5,NO,4.4,,,39,,,LOW,,CLEAR,YELLOW,1-Beautiful, could not be nicer
22979117,06/16/2012,13,NO,4,,,40,,,NORMAL,,MURKY,YELLOW,2-Very minor aesthetic problems
22979117,07/06/2012,10.25,NO,3.1,,,44,,,NORMAL,,MURKY,YELLOW,3-Enjoyment somewhat impaired (algae)
22979117,07/17/2012,11,NO,3.3,,,43,,,NORMAL,,CLEAR,GREEN,2-Very minor aesthetic problems
22979117,07/29/2012,11.5,NO,3.5,,,42,,,LOW,,CLEAR,YELLOW,2-Very minor aesthetic problems
22979117,08/11/2012,13.25,NO,4,,,40,,,NORMAL,,CLEAR,YELLOW,1-Beautiful, could not be nicer
22979117,08/25/2012,13.75,NO,4.2,,,39,,,LOW,,CLEAR,YELLOW,1-Beautiful, could not be nicer
22979117,09/09/2012,16.5,NO,5,,,37,,,NORMAL,,CLEAR,YELLOW,1-Beautiful, could not be nicer
22979117,09/16/2012,14,NO,4.3,,,39,,,NORMAL,,MURKY,YELLOW,2-Very minor aesthetic problems
22979117,09/28/2012,13.25,NO,4,,,40,,,NORMAL,,CLEAR,BROWN,1-Beautiful, could not be nicer
22979117,10/19/2012,14.75,NO,4.5,,,38,,,NORMAL,,MURKY,BROWN,2-Very minor aesthetic problems
22979117,11/01/2012,14,NO,4.3,,,39,,,NORMAL,,CLEAR,GREEN,2-Very minor aesthetic problems
22979117,11/21/2012,14.25,NO,4.3,,,39,,,LOW,,CLEAR,BROWN,1-Beautiful, could not be nicer
22979117,05/25/2013,19.25,NO,5.9,,,35,,,HIGH,,CLEAR,YELLOW,1-Beautiful, could not be nicer
22979117,06/14/2013,19.75,NO,6,,,34,,,HIGH,,CLEAR,YELLOW,2-Very minor aesthetic problems
22979117,07/06/2013,13,NO,4,,,40,,,HIGH,,MURKY,YELLOW,2-Very minor aesthetic problems
22979117,07/28/2013,12,NO,3.6,,,41,,,HIGH,,MURKY,BROWN,2-Very minor aesthetic problems
22979117,08/10/2013,13,NO,4,,,40,,,HIGH,,CLEAR,BROWN,2-Very minor aesthetic problems
22979117,08/24/2013,11.5,NO,3.5,,,42,,,HIGH,,CLEAR,YELLOW,1-Beautiful, could not be nicer
22979117,09/01/2013,10,NO,3,,,44,,,HIGH,,CLEAR,BLUE,1-Beautiful, could not be nicer
22979117,09/07/2013,11,NO,3.3,,,43,,,HIGH,,CLEAR,BLUE,1-Beautiful, could not be nicer
22979117,09/29/2013,11.75,NO,3.6,,,42,,,HIGH,,CLEAR,YELLOW,1-Beautiful, could not be nicer
22979117,10/13/2013,12.5,NO,3.8,,,41,,,LOW,,CLEAR,YELLOW,1-Beautiful, could not be nicer
22979117,10/27/2013,10.5,NO,3.2,,,43,,,LOW,,MURKY,BROWN,3-Enjoyment somewhat impaired (algae)
22979117,11/05/2013,11,NO,3.3,,,43,,,NORMAL,,MURKY,BROWN,3-Enjoyment somewhat impaired (algae)
22979117,05/24/2014,13,NO,4,,,40,,,NORMAL,,CLEAR,YELLOW,1-Beautiful, could not be nicer
22979117,06/04/2014,10,NO,3,,,44,,,HIGH,,MURKY,YELLOW,3-Enjoyment somewhat impaired (algae)
22979117,07/13/2014,13.5,NO,4.1,,,40,,,HIGH,,MURKY,YELLOW,2-Very minor aesthetic problems
22979117,07/27/2014,15.25,NO,4.6,,,38,,,NORMAL,,CLEAR,YELLOW,2-Very minor aesthetic problems
22979117,08/02/2014,16,NO,4.9,,,37,,,LOW,,CLEAR,YELLOW,1-Beautiful, could not be nicer
22979117,08/31/2014,14,NO,4.3,,,39,,,HIGH,,CLEAR,BROWN,1-Beautiful, could not be nicer
22979117,09/06/2014,12,NO,3.6,,,41,,,HIGH,,MURKY,BROWN,2-Very minor aesthetic problems
22979117,09/13/2014,12,NO,3.6,,,41,,,HIGH,,CLEAR,BROWN,2-Very minor aesthetic problems
22979117,09/27/2014,12,NO,3.6,,,41,,,HIGH,,CLEAR,YELLOW,2-Very minor aesthetic problems
22979117,10/11/2014,14.5,NO,4.4,,,39,,,NORMAL,,CLEAR,YELLOW,1-Beautiful, could not be nicer
22979117,10/26/2014,12,NO,3.6,,,41,,,NORMAL,,CLEAR,YELLOW,2-Very minor aesthetic problems
22979117,04/25/2015,9.5,NO,2.9,,,45,,,NORMAL,,CLEAR,YELLOW,3-Enjoyment somewhat impaired (algae)
22979117,05/23/2015,17.25,NO,5.2,,,36,,,NORMAL,,CLEAR,YELLOW,2-Very minor aesthetic problems
22979117,07/05/2015,13.25,NO,4,,,40,,,NORMAL,,CLEAR,YELLOW,1-Beautiful, could not be nicer
22979117,07/25/2015,14,NO,4.3,,,39,,,NORMAL,,MURKY,BROWN,2-Very minor aesthetic problems
22979117,07/31/2015,13.75,NO,4.2,,,39,,,NORMAL,,CLEAR,GREEN,2-Very minor aesthetic problems
22979117,08/16/2015,14,NO,4.3,,,39,,,NORMAL,,CLEAR,BROWN,1-Beautiful, could not be nicer
22979117,09/06/2015,15,NO,4.6,,,38,,,NORMAL,,CLEAR,YELLOW,1-Beautiful, could not be nicer
22979117,09/20/2015,17,NO,5.2,,,36,,,NORMAL,,CLEAR,YELLOW,1-Beautiful, could not be nicer
22979117,10/03/2015,18.5,NO,5.6,,,35,,,NORMAL,,CLEAR,GREEN,1-Beautiful, could not be nicer
22979117,10/25/2015,19,NO,5.8,,,35,,,NORMAL,,CLEAR,BROWN,1-Beautiful, could not be nicer
22979117,11/15/2015,18,NO,5.5,,,35,,,NORMAL,,MURKY,GREEN,2-Very minor aesthetic problems
22979117,04/23/2016,10.5,NO,3.2,,,43,,,HIGH,,CLEAR,YELLOW,2-Very minor aesthetic problems
22979117,05/22/2016,17,NO,5.2,,,36,,,NORMAL,,CLEAR,YELLOW,2-Very minor aesthetic problems
22979117,07/16/2016,10.75,NO,3.3,,,43,,,HIGH,,MURKY,YELLOW,2-Very minor aesthetic problems
22979117,07/30/2016,11.5,NO,3.5,,,42,,,HIGH,,MURKY,YELLOW,2-Very minor aesthetic problems
22979117,08/28/2016,12.5,NO,3.8,,,41,,,HIGH,,CLEAR,YELLOW,2-Very minor aesthetic problems
22979117,09/18/2016,13,NO,4,,,40,,,HIGH,,CLEAR,YELLOW,1-Beautiful, could not be nicer
22979117,10/01/2016,16,NO,4.9,,,37,,,HIGH,,CLEAR,YELLOW,1-Beautiful, could not be nicer
22979117,11/01/2016,17,NO,5.2,,,36,,,HIGH,,CLEAR,BROWN,1-Beautiful, could not be nicer
22979117,11/27/2016,15.25,NO,4.6,,,38,,,NORMAL,,CLEAR,BROWN,1-Beautiful, could not be nicer
22979117,05/19/2017,11.5,NO,3.5,,,42,,,HIGH,,CLEAR,YELLOW,2-Very minor aesthetic problems
22979117,07/23/2017,11,NO,3.3,,,43,,,HIGH,,CLEAR,YELLOW,2-Very minor aesthetic problems
22979117,08/27/2017,10,NO,3,,,44,,,HIGH,,CLEAR,YELLOW,2-Very minor aesthetic problems
22979117,09/02/2017,10,NO,3,,,44,,,HIGH,,MURKY,YELLOW,2-Very minor aesthetic problems
22979117,09/03/2017,9,NO,2.7,,,45,,,HIGH,,MURKY,YELLOW,3-Enjoyment somewhat impaired (algae)
22979117,09/16/2017,11,NO,3.3,,,43,,,HIGH,,CLEAR,YELLOW,1-Beautiful, could not be nicer
22979117,10/08/2017,11,NO,3.3,,,43,,,HIGH,,MURKY,YELLOW,2-Very minor aesthetic problems



Start Date,Depth,Depth Units,Temperature,Temperature Units,Dissolved Oxygen,Dissolved Oxygen Units



Start Date,Fieldwork Comment
05/25/2008,Mostly Cloudy-
Much less aquatic plant growth than previous years- but that could be because it is still early in the year and is still growing.
Saw 2 loons on the lake.
Light rainthe night before- but only enough to get the ground wet- nothing very significant.
06/14/2008,Mostly sunny- 10 mph winds- normal plant growth- no sign of invasives; water - more murky than expected Mostly Sunny- 10 mph winds- Normal plant growth- no sign of invasives; water is more murky than expected
07/06/2008,Partly cloudy- 5 mph winds- no invasives; bulrush- sedge- ilypads- good plant growth; semi-blue/green water color
08/16/2008,Partly to mostly cloudy- 10 mph winds
08/31/2008,Sunny- slight south wind; very warm week- no rain for about 2 weeks before test date
09/27/2008,Cloudy; 10-15 mph winds; 2 warm weeks before test date (70s and up to 80 degrees); not much rain; during cold front moving through
10/12/2008,Partly to mostly cloudy; calm; unseasonably warm (mid-70s)- 3/4 inch of rain two days before test (Thursday night)
10/24/2008,Cloudy/Rainy- drizzling off and on all day; colder than average temperatures; calm
06/07/2009,Cloudy and cooler than average
06/22/2009,Sunny- warm (80 degrees F)- rain the day before and hot and humid
05/22/2010,Mostly Cloudy- mid 70's Fahrenheit- kind of humid- water temp. still cool
05/31/2010,High- thin clouds/filtered sunshine- mid 60's Fahrenheit- after heavy rainfall overnight- very warm week before
07/04/2010,Cloudy- hgh 70's Fahrenheit- rain coming
07/25/2010,Sunny- low 70's Fahrenheit- lots of rain previous 2 weeks- 
saw 2 loons with 2 babies- 
average to below average aquatic plant levels
07/31/2010,Mostly cloudy- mid to upper 70's Fahrenheit
08/22/2010,Sunny and clear- 75 to 80 degrees Fahrenheit- sa 3 loons- lots of plant life near shore
09/05/2010,Sunny and clear- cool - low 60's degrees Fahrenheit. very windy and rainy past few days- Noaquatic invasives-
saw 3 loons
09/25/2010,Mostly sunny- cool (60s)- just recieved 4-5" of rain on Thursday- very windy conditions past 3-4 days (30-45 mph winds)
10/09/2010,Sunny- warm for previous day or two including today (75-80 degrees)- no loons
10/22/2010,Calm- NO wind- Average temps
05/28/2011,1st measurement of the year. Secchi much lower than expected; calm- partly cloudy
06/25/2011,Average temps; just recieved 4-6 inches of rain the previous week; sunny; satellite day
07/02/2011,Very hot and humid the previous 2 days; today is windy and sunny; saw loons; much aquatic plant growth
07/17/2011,Very hot and humid; cloudy and hazy; saw 2 loons; lots of plant growth once again
08/06/2011,Hot; saw 2 loons; partly cloudy and hazy
08/20/2011,Saw 2 loons; average temps; sunny day
09/11/2011,Only saw one loon; warm - low 80's; not much rain past few weeks
09/16/2011,Cold - froze the past few nights; did not see any loons; sunny
10/02/2011,Sunny; cold all previous week and today; no loons once again
10/07/2011,Warm all previous week including today; sunny
10/23/2011,Cool; freezing at night (mid-20's); cloudy and scattered showers today
10/28/2011,Cool; overcast and rainy
04/28/2012,Mostly cloudy- cool; slight wind; saw two adult loons- no offspring
05/06/2012,Cloudy and cool; lots of rain previous week and this morning; saw two loons in the distance
05/19/2012,Sunny- warm and dry; breezy; didn't see any loons
06/16/2012,Cloudy; light drizzle - right after heavy rainfall earlier in the day; heavy rain for two days prior; no loons
07/06/2012,Mostly sunny; very hot and humid; previous two weeks has been hot and humid; saw loons; lots of aquatic vegetation floating around
07/17/2012,Mostly cloudy; warm and humid past few days with scattered showers today; no loons
07/29/2012,Partly cloudy; lots of aquatic plants; heard loons; lots of small sunfish/catfish
08/11/2012,Sunny; cool to average temps; no loons; very clear and pristine water quality; windy
08/25/2012,Sunny and warm; very calm; saw two loons
09/09/2012,Partly cloudy; seasonable temps; did not see any loons; windy
09/16/2012,Sunny and windy: no loons
09/28/2012,Mostly sunny; no wind; beautiful evening; trees in full color
10/19/2012,Overcast; no wind; about 2-3" of rain previous week; no leaves on trees; saw one baby loon by itself
11/01/2012,Overcast and windy; lots of rain past few weeks; no loons
11/21/2012,Sunny; warm all week - mid 50s; windy
05/25/2013,Clear and cool- somewhat windy- no loons- water level is higher than last year 
06/14/2013,Mostly sunny with average temps- saw two adult loons- lots of very small algae floating suspended throughout water
07/06/2013,Sunny- warm and humid- no loons
07/28/2013,Cold- rainy- overcast and windy- very cold weekend for July- no loons
08/10/2013,Cloudy- saw two adult loons and baby loon- very calm- average temps
08/24/2013,Average temps- sunny with a slight breeze- no loons- lots of aquatic vegetation 
09/01/2013,Average temps- partly sunny- no loons- rained overnight and in the morning- hot and humid previous week- water looked beautiful and clear
09/07/2013,Sunny- hot and humid with a cold front moving through- windy
09/29/2013,Mild day- sunny and calm- saw loons- very clear and beautiful water
10/13/2013,Very clear water- mild day- sunny- beautiful water and beautiful fall day 
10/27/2013,Cool- mostly sunny- slight breeze 
11/05/2013,Mostly sunny and calm- dirty looking water
05/24/2014,Beautiful day- heard loons- sunny- light winds- very cold water
06/04/2014,Lots of floating and submerged vegetation- sunny- calm- lots of rain in preceding weeks
07/13/2014,Sunny- slight breeze- inch of rain previous afternoon- heard loons and bullfrogs- lots of aquatic vegetation 
07/27/2014,Windy- mostly cloudy with scattered showers- saw one loon
08/02/2014,Calm- sunny- average temps- heard and saw loons- saw an eagle- very beautiful 
08/31/2014,Slight wind- lots of heavy rain prior few days- saw loon - came very close to us on shore
09/06/2014,Calm- clear and sunny- no loons- lots of rain preceding weeks- saw large beaver dam I never noticed before on southern shore- creating a small pond out of a bubbling spring
09/13/2014,Mostly calm- mostly sunny- saw loon- beautiful fall day- below average temps 
09/27/2014,Very warm- mostly sunny and calm- close to peak color- very colorful- no loons
10/11/2014,Average temps- calm and sunny- saw adult and juvenile loons- saw eagle- aquatic vegetation starting to thin out and die
10/26/2014,Mostly sunny- windy- saw one loon - possibly a juvenile 
04/25/2015,Temps in the mid 50s; partly sunny; slightly breezy; top of water table clear- but got murkier the deeper you got
05/23/2015,Average temps; sunny with a slight breeze; not totally clear water; no loons; lily pads just beginning to form
07/05/2015,Average temps; very dry and dusty; 5-10 mph winds out of the south/southeast; saw 2 adult loons with 2 babies
07/25/2015,Saw 2 adult loons with 2 babies; lots of floating and submerged vegetation; sunny and calm; lots of tiny particles suspended underwater
07/31/2015,Partly cloudy and windy; lots of seaweed chunks floating around
08/16/2015,Mostly sunny; today and previous week has been hot and humid; saw family of loons; slight breeze
09/06/2015,Hot and humid; saw 4 loons; lots of aquatic vegetation; water looked very good
09/20/2015,Average temps; saw 2 loons; sunny and calm; 3/4" rain on Friday night; today was a very beautiful day
10/03/2015,Overcast; slight breeze; cool temps; saw 2 loons; water looked yellow through secchi disc but blue/green when looking at it
10/25/2015,Sunny; mostly calm; average temps; 1" of rain yesterday; saw 2 loons with babies
11/15/2015,Sunny and calm; above average temps-mid 50s; saw bald eagle; minimal aquatic vegetation; lots of tiny debris suspended in water; saw 2 loons but no babies; loons making strange cackling sounds
04/23/2016,mid-40s temps; cloudy; slight breeze; saw 2 loons; water level very high
05/22/2016,Sunny and calm; mid 70s; no loons; lots of suspended particles in water; saw bluegills- crappies and rock bass along shoreline
07/16/2016,Partly sunny; light winds; saw 2 loons; water level very high; fairly murky water
07/30/2016,Partly sunny; averafe temps; previous 2 weeks were very hot and humid; saw 2 loons
08/28/2016,Sunny; average temps; saw 2 loons; lots of aquatic vegetation
09/18/2016,Sunny and calm; average temps; no loons; beautiful fall day
10/01/2016,Overcast; 5-10 mph winds; average temps; no loons
11/01/2016,5-10 mph winds; sunny; no loons; aquatic vegetation mostly all dead
11/27/2016,Calm and overcast; a little foggy out
05/19/2017,15-20 mph winds; cool; 3+ inches of rain past 3 days; water level very high; no loons sighted
07/23/2017,Breezy; warm and humid and has been hot and humid for a few weeks prior to today; saw 2 loons
08/27/2017,Calm and cloudy; very slight drizzle; saw one loon
09/02/2017,Calm; cloudy; slight mist; no loons sighted; a little foggy; 1/2 inch of rain in morning
09/03/2017,Sunny and calm; checked two days in a row to see if clear and sunny skies today made a difference versus yesterday's conditions; yesterday's rain must've muddied the water up 
09/16/2017,Filtered sunshine; very warm and humid all week including today; no rain for a few weeks prior; no loons
10/08/2017,Sunny; slight breeze; no loons; 1 inch of rain yesterday; temps in the 70s




Start Date,Group Name,Project Name
05/25/2008,Kevin Warning,Citizen Lake Monitoring - Water Quality - Lawrence Lake; Deep Hole
06/14/2008,Kevin Warning,Citizen Lake Monitoring - Water Quality - Lawrence Lake; Deep Hole
07/06/2008,Kevin Warning,Citizen Lake Monitoring - Water Quality - Lawrence Lake; Deep Hole
08/16/2008,Kevin Warning,Citizen Lake Monitoring - Water Quality - Lawrence Lake; Deep Hole
08/31/2008,Kevin Warning,Citizen Lake Monitoring - Water Quality - Lawrence Lake; Deep Hole
09/27/2008,Kevin Warning,Citizen Lake Monitoring - Water Quality - Lawrence Lake; Deep Hole
10/12/2008,Kevin Warning,Citizen Lake Monitoring - Water Quality - Lawrence Lake; Deep Hole
10/24/2008,Kevin Warning,Citizen Lake Monitoring - Water Quality - Lawrence Lake; Deep Hole
06/07/2009,Kevin Warning,Citizen Lake Monitoring - Water Quality - Lawrence Lake; Deep Hole
06/22/2009,Kevin Warning,Citizen Lake Monitoring - Water Quality - Lawrence Lake; Deep Hole
05/22/2010,Kevin Warning,Citizen Lake Monitoring - Water Quality - Lawrence Lake; Deep Hole
05/31/2010,Kevin Warning,Citizen Lake Monitoring - Water Quality - Lawrence Lake; Deep Hole
07/04/2010,Kevin Warning,Citizen Lake Monitoring - Water Quality - Lawrence Lake; Deep Hole
07/25/2010,Kevin Warning,Citizen Lake Monitoring - Water Quality - Lawrence Lake; Deep Hole
07/31/2010,Kevin Warning,Citizen Lake Monitoring - Water Quality - Lawrence Lake; Deep Hole
08/22/2010,Kevin Warning,Citizen Lake Monitoring - Water Quality - Lawrence Lake; Deep Hole
09/05/2010,Kevin Warning,Citizen Lake Monitoring - Water Quality - Lawrence Lake; Deep Hole
09/25/2010,Kevin Warning,Citizen Lake Monitoring - Water Quality - Lawrence Lake; Deep Hole
10/09/2010,Kevin Warning,Citizen Lake Monitoring - Water Quality - Lawrence Lake; Deep Hole
10/22/2010,Kevin Warning,Citizen Lake Monitoring - Water Quality - Lawrence Lake; Deep Hole
05/28/2011,Kevin Warning,Citizen Lake Monitoring - Water Quality - Lawrence Lake; Deep Hole
06/25/2011,Kevin Warning,Citizen Lake Monitoring - Water Quality - Lawrence Lake; Deep Hole
07/02/2011,Kevin Warning,Citizen Lake Monitoring - Water Quality - Lawrence Lake; Deep Hole
07/17/2011,Kevin Warning,Citizen Lake Monitoring - Water Quality - Lawrence Lake; Deep Hole
08/06/2011,Kevin Warning,Citizen Lake Monitoring - Water Quality - Lawrence Lake; Deep Hole
08/20/2011,Kevin Warning,Citizen Lake Monitoring - Water Quality - Lawrence Lake; Deep Hole
09/11/2011,Kevin Warning,Citizen Lake Monitoring - Water Quality - Lawrence Lake; Deep Hole
09/16/2011,Kevin Warning,Citizen Lake Monitoring - Water Quality - Lawrence Lake; Deep Hole
10/02/2011,Kevin Warning,Citizen Lake Monitoring - Water Quality - Lawrence Lake; Deep Hole
10/07/2011,Kevin Warning,Citizen Lake Monitoring - Water Quality - Lawrence Lake; Deep Hole
10/23/2011,Kevin Warning,Citizen Lake Monitoring - Water Quality - Lawrence Lake; Deep Hole
10/28/2011,Kevin Warning,Citizen Lake Monitoring - Water Quality - Lawrence Lake; Deep Hole
04/28/2012,Kevin Warning,Citizen Lake Monitoring - Water Quality - Lawrence Lake; Deep Hole
05/06/2012,Kevin Warning,Citizen Lake Monitoring - Water Quality - Lawrence Lake; Deep Hole
05/19/2012,Kevin Warning,Citizen Lake Monitoring - Water Quality - Lawrence Lake; Deep Hole
06/16/2012,Kevin Warning,Citizen Lake Monitoring - Water Quality - Lawrence Lake; Deep Hole
07/06/2012,Kevin Warning,Citizen Lake Monitoring - Water Quality - Lawrence Lake; Deep Hole
07/17/2012,Kevin Warning,Citizen Lake Monitoring - Water Quality - Lawrence Lake; Deep Hole
07/29/2012,Kevin Warning,Citizen Lake Monitoring - Water Quality - Lawrence Lake; Deep Hole
08/11/2012,Kevin Warning,Citizen Lake Monitoring - Water Quality - Lawrence Lake; Deep Hole
08/25/2012,Kevin Warning,Citizen Lake Monitoring - Water Quality - Lawrence Lake; Deep Hole
09/09/2012,Kevin Warning,Citizen Lake Monitoring - Water Quality - Lawrence Lake; Deep Hole
09/16/2012,Kevin Warning,Citizen Lake Monitoring - Water Quality - Lawrence Lake; Deep Hole
09/28/2012,Kevin Warning,Citizen Lake Monitoring - Water Quality - Lawrence Lake; Deep Hole
10/19/2012,Kevin Warning,Citizen Lake Monitoring - Water Quality - Lawrence Lake; Deep Hole
11/01/2012,Kevin Warning,Citizen Lake Monitoring - Water Quality - Lawrence Lake; Deep Hole
11/21/2012,Kevin Warning,Citizen Lake Monitoring - Water Quality - Lawrence Lake; Deep Hole
05/25/2013,Kevin Warning,Citizen Lake Monitoring - Water Quality - Lawrence Lake; Deep Hole
06/14/2013,Kevin Warning,Citizen Lake Monitoring - Water Quality - Lawrence Lake; Deep Hole
07/06/2013,Kevin Warning,Citizen Lake Monitoring - Water Quality - Lawrence Lake; Deep Hole
07/28/2013,Kevin Warning,Citizen Lake Monitoring - Water Quality - Lawrence Lake; Deep Hole
08/10/2013,Kevin Warning,Citizen Lake Monitoring - Water Quality - Lawrence Lake; Deep Hole
08/24/2013,Kevin Warning,Citizen Lake Monitoring - Water Quality - Lawrence Lake; Deep Hole
09/01/2013,Kevin Warning,Citizen Lake Monitoring - Water Quality - Lawrence Lake; Deep Hole
09/07/2013,Kevin Warning,Citizen Lake Monitoring - Water Quality - Lawrence Lake; Deep Hole
09/29/2013,Kevin Warning,Citizen Lake Monitoring - Water Quality - Lawrence Lake; Deep Hole
10/13/2013,Kevin Warning,Citizen Lake Monitoring - Water Quality - Lawrence Lake; Deep Hole
10/27/2013,Kevin Warning,Citizen Lake Monitoring - Water Quality - Lawrence Lake; Deep Hole
11/05/2013,Kevin Warning,Citizen Lake Monitoring - Water Quality - Lawrence Lake; Deep Hole
05/24/2014,Kevin Warning,Citizen Lake Monitoring - Water Quality - Lawrence Lake; Deep Hole
06/04/2014,Kevin Warning,Citizen Lake Monitoring - Water Quality - Lawrence Lake; Deep Hole
07/13/2014,Kevin Warning,Citizen Lake Monitoring - Water Quality - Lawrence Lake; Deep Hole
07/27/2014,Kevin Warning,Citizen Lake Monitoring - Water Quality - Lawrence Lake; Deep Hole
08/02/2014,Kevin Warning,Citizen Lake Monitoring - Water Quality - Lawrence Lake; Deep Hole
08/31/2014,Kevin Warning,Citizen Lake Monitoring - Water Quality - Lawrence Lake; Deep Hole
09/06/2014,Kevin Warning,Citizen Lake Monitoring - Water Quality - Lawrence Lake; Deep Hole
09/13/2014,Kevin Warning,Citizen Lake Monitoring - Water Quality - Lawrence Lake; Deep Hole
09/27/2014,Kevin Warning,Citizen Lake Monitoring - Water Quality - Lawrence Lake; Deep Hole
10/11/2014,Kevin Warning,Citizen Lake Monitoring - Water Quality - Lawrence Lake; Deep Hole
10/26/2014,Kevin Warning,Citizen Lake Monitoring - Water Quality - Lawrence Lake; Deep Hole
04/25/2015,Kevin Warning,Citizen Lake Monitoring - Water Quality - Lawrence Lake; Deep Hole
05/23/2015,Kevin Warning,Citizen Lake Monitoring - Water Quality - Lawrence Lake; Deep Hole
07/05/2015,Kevin Warning,Citizen Lake Monitoring - Water Quality - Lawrence Lake; Deep Hole
07/25/2015,Kevin Warning,Citizen Lake Monitoring - Water Quality - Lawrence Lake; Deep Hole
07/31/2015,Kevin Warning,Citizen Lake Monitoring - Water Quality - Lawrence Lake; Deep Hole
08/16/2015,Kevin Warning,Citizen Lake Monitoring - Water Quality - Lawrence Lake; Deep Hole
09/06/2015,Kevin Warning,Citizen Lake Monitoring - Water Quality - Lawrence Lake; Deep Hole
09/20/2015,Kevin Warning,Citizen Lake Monitoring - Water Quality - Lawrence Lake; Deep Hole
10/03/2015,Kevin Warning,Citizen Lake Monitoring - Water Quality - Lawrence Lake; Deep Hole
10/25/2015,Kevin Warning,Citizen Lake Monitoring - Water Quality - Lawrence Lake; Deep Hole
11/15/2015,Kevin Warning,Citizen Lake Monitoring - Water Quality - Lawrence Lake; Deep Hole
04/23/2016,Kevin Warning,Citizen Lake Monitoring - Water Quality - Lawrence Lake; Deep Hole
05/22/2016,Kevin Warning,Citizen Lake Monitoring - Water Quality - Lawrence Lake; Deep Hole
07/16/2016,Kevin Warning,Citizen Lake Monitoring - Water Quality - Lawrence Lake; Deep Hole
07/30/2016,Kevin Warning,Citizen Lake Monitoring - Water Quality - Lawrence Lake; Deep Hole
08/28/2016,Kevin Warning,Citizen Lake Monitoring - Water Quality - Lawrence Lake; Deep Hole
09/18/2016,Kevin Warning,Citizen Lake Monitoring - Water Quality - Lawrence Lake; Deep Hole
10/01/2016,Kevin Warning,Citizen Lake Monitoring - Water Quality - Lawrence Lake; Deep Hole
11/01/2016,Kevin Warning,Citizen Lake Monitoring - Water Quality - Lawrence Lake; Deep Hole
11/27/2016,Kevin Warning,Citizen Lake Monitoring - Water Quality - Lawrence Lake; Deep Hole
05/19/2017,Kevin Warning,Citizen Lake Monitoring - Water Quality - Lawrence Lake; Deep Hole
07/23/2017,Kevin Warning,Citizen Lake Monitoring - Water Quality - Lawrence Lake; Deep Hole
08/27/2017,Kevin Warning,Citizen Lake Monitoring - Water Quality - Lawrence Lake; Deep Hole
09/02/2017,Kevin Warning,Citizen Lake Monitoring - Water Quality - Lawrence Lake; Deep Hole
09/03/2017,Kevin Warning,Citizen Lake Monitoring - Water Quality - Lawrence Lake; Deep Hole
09/16/2017,Kevin Warning,Citizen Lake Monitoring - Water Quality - Lawrence Lake; Deep Hole
10/08/2017,Kevin Warning,Citizen Lake Monitoring - Water Quality - Lawrence Lake; Deep Hole
