Lake Water Quality Report - 1950 to 2017


Lake Name,County Name,Waterbody ID(WBIC),Region Code,County Code,Station Name,Station ID,Geo Region,Lake Type
Fenner Lake,Adams,103400,WC,1,,013008,CE,SEEPAGE



Group Seq No, Start Date, Secchi (Feet),Secchi Hit Bottom?,Secchi (Meters),Chlorophyll(ug/l),Total Phosphorus(ug/l),Secchi TSI,Total Phosphorus TSI,Chlorophyll TSI,Lake Level,Staff Gauge,Appearance,Color,Perception
8190375,05/29/1993,14,NO,4.3,,,39,,,,,CLEAR,BLUE,1-Beautiful, could not be nicer
8190375,06/06/1993,15,NO,4.6,,,38,,,NORMAL,,CLEAR,BLUE,1-Beautiful, could not be nicer
8190375,06/25/1993,13,NO,4,,,40,,,,,CLEAR,BLUE,1-Beautiful, could not be nicer
8190561,07/02/1993,13,NO,4,,,40,,,OHWM= -6",,CLEAR,BLUE,1-Beautiful, could not be nicer
8190561,07/09/1993,13,NO,4,,,40,,,OHWM 2.20",,CLEAR,BLUE,1-Beautiful, could not be nicer
8190561,07/15/1993,15,NO,4.6,,,38,,,OHWM -1.5,,CLEAR,BLUE,1-Beautiful, could not be nicer
8190375,07/21/1993,10,NO,3,,,44,,,,,CLEAR,BLUE,1-Beautiful, could not be nicer
8190375,07/30/1993,11,NO,3.3,,,43,,,,,CLEAR,BLUE,1-Beautiful, could not be nicer
8190375,08/06/1993,11,NO,3.3,,,43,,,,,CLEAR,BLUE,1-Beautiful, could not be nicer
8190375,08/17/1993,11,NO,3.3,,,43,,,,,CLEAR,BLUE,1-Beautiful, could not be nicer
8190375,08/25/1993,13,NO,4,,,40,,,HIGH,,,GREEN/BROWN,3-Enjoyment somewhat impaired (algae)
8190375,09/03/1993,12,NO,3.6,,,41,,,NORMAL,,CLEAR,BLUE,2-Very minor aesthetic problems
8190375,09/18/1993,11,NO,3.3,,,43,,,,,,GREEN,
8190375,09/23/1993,12.5,NO,3.8,,,41,,,,,CLEAR,BLUE,
8190375,06/01/1994,16,NO,4.9,,,37,,,RECEDING,,CLEAR,BLUE,2-Very minor aesthetic problems
8190375,06/09/1994,16,NO,4.9,,,37,,,.5" DOWN FROM LAST READING,,,BLUE/GREEN,2-Very minor aesthetic problems
8190375,06/21/1994,11,NO,3.3,,,43,,,.25" LOWER THAN LAST READING,,,BLUE/GREEN,2-Very minor aesthetic problems
8190375,06/29/1994,12,NO,3.6,,,41,,,NO CHANGE,,,BLUE/GREEN,2-Very minor aesthetic problems
8190375,07/10/1994,16,NO,4.9,,,37,,,2" UP SINCE LAST READING,,,BLUE/GREEN,2-Very minor aesthetic problems
8190375,07/17/1994,15,NO,4.6,,,38,,,NO CHANGE,,,BLUE/GREEN,2-Very minor aesthetic problems
8190375,07/28/1994,13.5,NO,4.1,,,40,,,DOWN 1" SINCE LAST READING,,,GREEN,2-Very minor aesthetic problems
8190375,08/03/1994,16,NO,4.9,,,37,,,+5" OHWA,,,GREEN,2-Very minor aesthetic problems
8190375,08/11/1994,12,NO,3.6,,,41,,,+4.75" OHWA,,,GREEN,2-Very minor aesthetic problems
8190375,08/17/1994,11.5,NO,3.5,,,42,,,OHWM +3.75,,,GREEN,2-Very minor aesthetic problems
8190375,08/24/1994,14,NO,4.3,,,39,,,OHWA +4.10",,,GREEN,2-Very minor aesthetic problems
8190375,08/31/1994,16,NO,4.9,,,37,,,OHWA +5.40,,,GREEN,2-Very minor aesthetic problems
8190375,09/08/1994,14.75,NO,4.5,,,38,,,OHWA +4.10",,,GREEN,2-Very minor aesthetic problems
8190375,09/14/1994,15.5,NO,4.7,,,38,,,OHWM +4.25",,,GREEN,2-Very minor aesthetic problems
8190375,09/21/1994,17,NO,5.2,,,36,,,OHWA +3.50,,,GREEN,2-Very minor aesthetic problems
8190375,09/28/1994,15,NO,4.6,,,38,,,OHWM +3.40",,,GREEN,2-Very minor aesthetic problems
8190375,10/06/1994,15.5,NO,4.7,,,38,,,OHWM +3",,,GREEN,2-Very minor aesthetic problems
8190375,10/14/1994,19,NO,5.8,,,35,,,OHWM +1.80",,CLEAR,BLUE,1-Beautiful, could not be nicer
8190375,04/17/1995,10.5,NO,3.2,,,43,,,,,,GREEN,1-Beautiful, could not be nicer
8190375,05/06/1995,12,NO,3.6,,,41,,,3" ABOVE HWM,,,BLUE/GREEN,1-Beautiful, could not be nicer
8190375,05/17/1995,12.5,NO,3.8,,,41,,,,,,BLUE/GREEN,1-Beautiful, could not be nicer
8190375,05/26/1995,12,NO,3.6,,,41,,,,,,GREEN,1-Beautiful, could not be nicer
8190375,05/31/1995,13,NO,4,,,40,,,HIGH,,,BLUE,1-Beautiful, could not be nicer
8190375,06/15/1995,15,NO,4.6,,,38,,,DOWN 2" IN 2 WEEKS,,,BLUE,3-Enjoyment somewhat impaired (algae)
8190375,06/23/1995,12.5,NO,3.8,,,41,,,DOWN 3" FROM 5 WEEKS,,,BLUE/GREEN,3-Enjoyment somewhat impaired (algae)
8191115,07/02/1995,13,NO,4,,,40,,,NORMAL,,,BLUE,2-Very minor aesthetic problems
8191115,07/07/1995,15,NO,4.6,,,38,,,NORMAL,,,BLUE,1-Beautiful, could not be nicer
8191115,07/13/1995,17.5,NO,5.3,,,36,,,-8.25 OHWM,,CLEAR,BLUE,1-Beautiful, could not be nicer
8191115,07/20/1995,15.5,NO,4.7,,,38,,,OHWM-8.25",,,GREEN,2-Very minor aesthetic problems
8191115,07/27/1995,14.5,NO,4.4,,,39,,,OHWM-8.75,,,GREEN,2-Very minor aesthetic problems
8191115,08/05/1995,11.5,NO,3.5,,,42,,,NORMAL,,CLEAR,BLUE,2-Very minor aesthetic problems
8191115,08/12/1995,9,NO,2.7,,,45,,,NORMAL,,,BLUE/GREEN,2-Very minor aesthetic problems
8191115,09/03/1995,8,NO,2.4,,,47,,,NORMAL,,,BLUE/GREEN,2-Very minor aesthetic problems
8191115,09/08/1995,12,NO,3.6,,,41,,,NORMAL,,,BLUE/GREEN,2-Very minor aesthetic problems
8190375,05/21/1996,14,NO,4.3,,,39,,,NORMAL,,CLEAR,BLUE,1-Beautiful, could not be nicer
8189664,05/28/1996,13,NO,4,,,40,,,NORMAL,,CLEAR,BLUE,2-Very minor aesthetic problems
8190375,06/09/1996,14,NO,4.3,,,39,,,DROPPED 2" IN 3 WEEKS,,CLEAR,BLUE,2-Very minor aesthetic problems
8190375,06/22/1996,13,NO,4,,,40,,,HIGH,,CLEAR,BLUE,1-Beautiful, could not be nicer
8190375,06/26/1996,12,NO,3.6,,,41,,,HIGH,,CLEAR,BLUE,1-Beautiful, could not be nicer
8190375,07/06/1996,10,NO,3,,,44,,,NORMAL,,CLEAR,BLUE,3-Enjoyment somewhat impaired (algae)
8190561,07/13/1996,14,NO,4.3,,,39,,,OHWM-5",,CLEAR,BLUE,2-Very minor aesthetic problems
8190561,07/21/1996,14,NO,4.3,,,39,,,OHWA-4.25,,CLEAR,BLUE,2-Very minor aesthetic problems
8190561,07/27/1996,14.5,NO,4.4,,,39,,,OHWM-5.30",,CLEAR,BLUE,2-Very minor aesthetic problems
8190561,08/02/1996,16,NO,4.9,,,37,,,OHWA-5.00,,CLEAR,BLUE,2-Very minor aesthetic problems
8190561,08/10/1996,15.5,NO,4.7,,,38,,,OHWM-5.50,,CLEAR,BLUE,2-Very minor aesthetic problems
8190375,08/23/1996,11,NO,3.3,,,43,,,NORMAL,,CLEAR,BLUE,2-Very minor aesthetic problems
8190375,09/15/1996,11.5,NO,3.5,,,42,,,DOWN 8",,CLEAR,BLUE,2-Very minor aesthetic problems
8190375,05/13/1997,12,NO,3.6,,,41,,,NORMAL,,CLEAR,BLUE,1-Beautiful, could not be nicer
8190375,05/22/1997,12,NO,3.6,,,41,,,NORMAL,,CLEAR,BLUE,1-Beautiful, could not be nicer
8190375,06/02/1997,13,NO,4,,,40,,,NO CHANGE,,CLEAR,BLUE,1-Beautiful, could not be nicer
8190375,06/23/1997,12,NO,3.6,,,41,,,1 INCH DOWN IN 2 WEEKS.,,CLEAR,BLUE,1-Beautiful, could not be nicer
8190375,07/01/1997,9.5,NO,2.9,,,45,,,DOWN 1 INCH SINCE LAST TEST.,,CLEAR,BLUE,2-Very minor aesthetic problems
8190375,07/31/1997,10,NO,3,,,44,,,3 INCHES BELOW MAY 22 READING.,,CLEAR,BLUE,2-Very minor aesthetic problems
8190375,08/06/1997,10,NO,3,,,44,,,DOWN 3.5 INCHES SINCE MAY 22.,,CLEAR,BLUE,2-Very minor aesthetic problems
8190375,08/29/1997,9,NO,2.7,,,45,,,,,CLEAR,,3-Enjoyment somewhat impaired (algae)
8190375,09/04/1997,11,NO,3.3,,,43,,,LOW,,CLEAR,BLUE,2-Very minor aesthetic problems
8190375,09/27/1997,9.5,NO,2.9,,,45,,,DOWN 4 INCHES SINCE JUNE 1.,,CLEAR,BLUE,2-Very minor aesthetic problems
8190375,06/03/1998,12,NO,3.6,,,41,,,LOW,,CLEAR,GREEN,2-Very minor aesthetic problems
8190375,06/12/1998,11,YES,3.3,,,43,,,HIGH,,MURKY,GREEN,2-Very minor aesthetic problems
8190375,06/19/1998,10,NO,3,,,44,,,HIGH,,CLEAR,BLUE,2-Very minor aesthetic problems
8190375,06/24/1998,10,NO,3,,,44,,,HIGH,,CLEAR,BLUE,2-Very minor aesthetic problems
8190375,07/16/1998,9,NO,2.7,,,45,,,NO CHANGE,,CLEAR,BLUE,2-Very minor aesthetic problems
8189116,06/18/2000,12,NO,3.6,,,41,,,HIGH,,MURKY,GREEN,2-Very minor aesthetic problems
8189116,06/26/2000,11.5,NO,3.5,,,42,,,HIGH,,CLEAR,GREEN,1-Beautiful, could not be nicer
8189116,07/09/2000,8.5,NO,2.6,,,46,,,HIGH,,MURKY,GREEN,1-Beautiful, could not be nicer
8189116,07/30/2000,8,NO,2.4,,,47,,,NORMAL,,MURKY,GREEN,1-Beautiful, could not be nicer
8189116,08/06/2000,8.5,NO,2.6,,,46,,,HIGH,,MURKY,GREEN,1-Beautiful, could not be nicer
8189116,08/21/2000,8.5,NO,2.6,,,46,,,HIGH,,CLEAR,GREEN,2-Very minor aesthetic problems
8189116,06/24/2001,9.5,NO,2.9,,,45,,,HIGH,,MURKY,GREEN,1-Beautiful, could not be nicer
8189116,06/30/2001,12,NO,3.6,,,41,,,HIGH,,MURKY,GREEN,2-Very minor aesthetic problems
8189116,07/08/2001,10,NO,3,,,44,,,HIGH,,MURKY,GREEN,2-Very minor aesthetic problems
8189116,07/29/2001,11.5,NO,3.5,,,42,,,HIGH,,MURKY,GREEN,2-Very minor aesthetic problems
8189116,08/11/2001,9,NO,2.7,,,45,,,HIGH,,MURKY,GREEN,2-Very minor aesthetic problems
8189116,10/01/2001,8.5,NO,2.6,,,46,,,HIGH,,CLEAR,GREEN,2-Very minor aesthetic problems
8189116,06/22/2002,10,NO,3,,,44,,,HIGH,,MURKY,GREEN,2-Very minor aesthetic problems
8189116,06/30/2002,10.5,NO,3.2,,,43,,,HIGH,,MURKY,GREEN,2-Very minor aesthetic problems
8189116,07/21/2002,9.25,NO,2.8,,,45,,,HIGH,,MURKY,GREEN,2-Very minor aesthetic problems
8189116,08/04/2002,11.5,NO,3.5,,,42,,,NORMAL,,MURKY,GREEN,1-Beautiful, could not be nicer
8189116,08/11/2002,10,NO,3,,,44,,,NORMAL,,MURKY,GREEN,1-Beautiful, could not be nicer
8189116,08/18/2002,10.5,NO,3.2,,,43,,,NORMAL,,CLEAR,GREEN,2-Very minor aesthetic problems
8189116,08/25/2002,11.5,NO,3.5,,,42,,,NORMAL,,CLEAR,GREEN,1-Beautiful, could not be nicer
8188649,05/15/2003,,,,,16,,50,,,,,,
8189116,05/26/2003,13,NO,4,,,40,,,NORMAL,,CLEAR,GREEN,1-Beautiful, could not be nicer
8189116,06/01/2003,11.5,NO,3.5,,,42,,,LOW,,MURKY,GREEN,2-Very minor aesthetic problems
8189116,06/15/2003,13.5,NO,4.1,,,40,,,LOW,,CLEAR,GREEN,1-Beautiful, could not be nicer
8189116,06/29/2003,10.25,NO,3.1,,,44,,,LOW,,MURKY,GREEN,2-Very minor aesthetic problems
8189116,07/13/2003,8.5,NO,2.6,,,46,,,LOW,,MURKY,GREEN,1-Beautiful, could not be nicer
8189116,07/20/2003,9,NO,2.7,,,45,,,LOW,,MURKY,GREEN,1-Beautiful, could not be nicer
8189116,08/12/2003,9.5,NO,2.9,,,45,,,LOW,,MURKY,GREEN,1-Beautiful, could not be nicer
8188649,08/26/2003,11.5,NO,3.5,3.16,21,42,52,43,,,,,
8189116,09/01/2003,10.5,NO,3.2,,,43,,,LOW,,MURKY,GREEN,1-Beautiful, could not be nicer
8189116,06/06/2004,12.5,NO,3.8,,,41,,,LOW,,CLEAR,GREEN,2-Very minor aesthetic problems
18137361,06/06/2004,12.5,NO,3.8,,,41,,,NORMAL,,CLEAR,BLUE,1-Beautiful, could not be nicer
18137361,06/29/2004,12,NO,3.6,,,41,,,,,CLEAR,BROWN,1-Beautiful, could not be nicer
8189116,07/03/2004,11.5,NO,3.5,,,42,,,LOW,,MURKY,GREEN,1-Beautiful, could not be nicer
18137361,07/03/2004,11.5,NO,3.5,,,42,,,NORMAL,,CLEAR,BROWN,1-Beautiful, could not be nicer
8189116,07/25/2004,9.5,NO,2.9,,,45,,,LOW,,MURKY,GREEN,1-Beautiful, could not be nicer
18137361,07/25/2004,9.5,NO,2.9,,,45,,,NORMAL,,CLEAR,BROWN,2-Very minor aesthetic problems
8189116,08/01/2004,11,NO,3.3,,,43,,,LOW,,MURKY,GREEN,1-Beautiful, could not be nicer
18137361,08/01/2004,11,NO,3.3,,,43,,,NORMAL,,CLEAR,BROWN,2-Very minor aesthetic problems
8189116,08/08/2004,9.5,NO,2.9,,,45,,,LOW,,MURKY,GREEN,1-Beautiful, could not be nicer
18137361,08/08/2004,9.5,NO,2.9,,,45,,,NORMAL,,CLEAR,BROWN,2-Very minor aesthetic problems
8189116,08/22/2004,8.5,NO,2.6,,,46,,,LOW,,MURKY,GREEN,2-Very minor aesthetic problems
18137361,08/22/2004,8.5,NO,2.6,,,46,,,NORMAL,,MURKY,BROWN,2-Very minor aesthetic problems
18137361,08/23/2004,6.5,NO,2,,,50,,,,,MURKY,BROWN,3-Enjoyment somewhat impaired (algae)
8189116,09/05/2004,8.5,NO,2.6,,,46,,,LOW,,MURKY,GREEN,2-Very minor aesthetic problems
18137361,09/05/2004,8.5,NO,2.6,,,46,,,NORMAL,,MURKY,BLUE,2-Very minor aesthetic problems
8189116,09/12/2004,10,NO,3,,,44,,,LOW,,MURKY,GREEN,1-Beautiful, could not be nicer
18137361,09/12/2004,10,NO,3,,,44,,,NORMAL,,CLEAR,BROWN,2-Very minor aesthetic problems
18137361,09/15/2004,9.5,NO,2.9,,,45,,,,,CLEAR,BROWN,2-Very minor aesthetic problems
8189116,09/26/2004,10.5,NO,3.2,,,43,,,LOW,,MURKY,GREEN,1-Beautiful, could not be nicer
18137361,09/26/2004,10.5,NO,3.2,,,43,,,NORMAL,,CLEAR,BROWN,2-Very minor aesthetic problems
18137361,11/09/2004,10,NO,3,,,44,,,NORMAL,,CLEAR,BROWN,1-Beautiful, could not be nicer
18137361,02/09/2005,,,,,,,,,,,CLEAR,BLUE,1-Beautiful, could not be nicer
18137361,04/18/2005,9.5,NO,2.9,,,45,,,,,CLEAR,BROWN,1-Beautiful, could not be nicer
8189116,05/29/2005,14,NO,4.3,,,39,,,LOW,,CLEAR,GREEN,2-Very minor aesthetic problems
8189116,06/19/2005,9,NO,2.7,,,45,,,LOW,,MURKY,GREEN,2-Very minor aesthetic problems
8189116,07/04/2005,6,NO,1.8,,,51,,,LOW,,MURKY,GREEN,2-Very minor aesthetic problems
18137361,07/04/2005,7,NO,2.1,,,49,,,,,MURKY,BROWN,2-Very minor aesthetic problems
18137361,07/22/2005,10.5,NO,3.2,,,43,,,,,CLEAR,BROWN,2-Very minor aesthetic problems
8189116,08/06/2005,8.5,NO,2.6,,,46,,,LOW,,MURKY,GREEN,1-Beautiful, could not be nicer
18137361,08/15/2005,9,NO,2.7,,,45,,,,,CLEAR,BROWN,2-Very minor aesthetic problems
18137361,09/02/2005,12.5,NO,3.8,,,41,,,,,CLEAR,BROWN,1-Beautiful, could not be nicer
18137361,09/15/2005,10.5,NO,3.2,,,43,,,,,CLEAR,BROWN,2-Very minor aesthetic problems
18137361,11/15/2005,9,NO,2.7,,,45,,,,,CLEAR,BROWN,1-Beautiful, could not be nicer
18137361,04/13/2006,9,NO,2.7,,,45,,,,,CLEAR,BROWN,1-Beautiful, could not be nicer
18137361,07/07/2006,9,NO,2.7,,,45,,,,,CLEAR,BROWN,2-Very minor aesthetic problems
18137361,07/27/2006,9,NO,2.7,,,45,,,,,CLEAR,BROWN,2-Very minor aesthetic problems
18137361,09/05/2006,10,NO,3,,,44,,,,,CLEAR,BROWN,2-Very minor aesthetic problems
18137361,09/07/2006,10,NO,3,,,44,,,,,CLEAR,BROWN,2-Very minor aesthetic problems
18137361,09/16/2006,8,NO,2.4,,,47,,,,,MURKY,BROWN,3-Enjoyment somewhat impaired (algae)
18137361,08/13/2008,,,,,,,,,,,,,
8189116,08/24/2008,,,,4.43,14,,49,46,,,,,
25528029,08/24/2008,10,NO,3,,,44,,,LOW,,MURKY,GREEN,2-Very minor aesthetic problems
18137361,07/16/2010,14,YES,4.3,8.62,14,39,49,51,NORMAL,,CLEAR,GREEN,1-Beautiful, could not be nicer
18137361,08/05/2010,11.5,NO,3.5,3.83,16,42,50,45,NORMAL,,CLEAR,GREEN,1-Beautiful, could not be nicer
18137361,05/16/2011,8,NO,2.4,,19,47,51,,HIGH,,CLEAR,BLUE,1-Beautiful, could not be nicer
48747042,07/05/2011,,,,2.43,120,,65,42,,,,,
18137361,04/06/2012,20.5,NO,6.2,,19,34,51,,NORMAL,,CLEAR,BLUE,1-Beautiful, could not be nicer
18137361,05/14/2013,8.8,NO,2.7,,53.5,46,59,,HIGH,,CLEAR,BLUE,1-Beautiful, could not be nicer
18137361,04/17/2015,11.5,NO,3.5,,21.9,42,52,,,,CLEAR,BLUE,1-Beautiful, could not be nicer
18137361,05/11/2016,16,NO,4.9,,24.6,37,53,,LOW,,CLEAR,BLUE,1-Beautiful, could not be nicer
18137361,07/19/2016,,,,3.24,46,,58,44,,,,,



Start Date,Depth,Depth Units,Temperature,Temperature Units,Dissolved Oxygen,Dissolved Oxygen Units
08/26/2003,6.56,FEET,,,6.52,MG/L
08/26/2003,7,FEET,,,6.52,MG/L
08/26/2003,,,25.4,C,6.52,MG/L
06/29/2004,3,FEET,69.78,DEGREES F,10.8,MG/L
06/29/2004,5,FEET,69.71,DEGREES F,10.7,MG/L
06/29/2004,8,FEET,69.58,DEGREES F,10.7,MG/L
06/29/2004,12,FEET,69.4,DEGREES F,10.1,MG/L
06/29/2004,17,FEET,63.09,DEGREES F,1.3,MG/L
08/23/2004,3,FEET,68.67,DEGREES F,14.05,MG/L
08/23/2004,5,FEET,68.64,DEGREES F,13.8,MG/L
08/23/2004,10,FEET,67.39,DEGREES F,12.25,MG/L
08/23/2004,15,FEET,66.56,DEGREES F,10.1,MG/L
09/15/2004,3,FEET,72.21,DEGREES F,11.6,MG/L
09/15/2004,5,FEET,72.07,DEGREES F,11.45,MG/L
09/15/2004,10,FEET,67.95,DEGREES F,10.8,MG/L
09/15/2004,15,FEET,63.01,DEGREES F,.7,MG/L
09/15/2004,17,FEET,60.44,DEGREES F,.65,MG/L
11/09/2004,3,FEET,46.15,DEGREES F,10.55,MG/L
11/09/2004,5,FEET,46.13,DEGREES F,10.25,MG/L
11/09/2004,10,FEET,46.08,DEGREES F,10.2,MG/L
11/09/2004,15,FEET,46.02,DEGREES F,10.15,MG/L
11/09/2004,17,FEET,45.75,DEGREES F,10.4,MG/L
02/09/2005,3,FEET,37.92,DEGREES F,5,MG/L
02/09/2005,5,FEET,37.92,DEGREES F,4.45,MG/L
02/09/2005,10,FEET,37.98,DEGREES F,3.7,MG/L
02/09/2005,15,FEET,38.95,DEGREES F,2.1,MG/L
02/09/2005,17,FEET,40.14,DEGREES F,1.9,MG/L
04/18/2005,3,FEET,60.06,DEGREES F,10.1,MG/L
04/18/2005,5,FEET,57.9,DEGREES F,10,MG/L
04/18/2005,10,FEET,51.82,DEGREES F,10.3,MG/L
04/18/2005,15,FEET,44.55,DEGREES F,10.1,MG/L
07/04/2005,3,FEET,74.8,DEGREES F,10.15,MG/L
07/04/2005,5,FEET,74.64,DEGREES F,9.9,MG/L
07/04/2005,10,FEET,73.76,DEGREES F,9.6,MG/L
07/04/2005,15,FEET,65.19,DEGREES F,11,MG/L
07/04/2005,17,FEET,56.44,DEGREES F,2.4,MG/L
07/22/2005,3,FEET,79.66,DEGREES F,8.75,MG/L
07/22/2005,5,FEET,79.47,DEGREES F,8.6,MG/L
07/22/2005,10,FEET,78.66,DEGREES F,8.3,MG/L
07/22/2005,15,FEET,69.73,DEGREES F,7.8,MG/L
07/22/2005,17,FEET,62.81,DEGREES F,.9,MG/L
08/15/2005,3,FEET,76.75,DEGREES F,13.3,MG/L
08/15/2005,5,FEET,75.85,DEGREES F,13.2,MG/L
08/15/2005,10,FEET,75.16,DEGREES F,13.2,MG/L
08/15/2005,15,FEET,67.42,DEGREES F,10.9,MG/L
08/15/2005,17,FEET,67.42,DEGREES F,10.9,MG/L
09/02/2005,3,FEET,73.71,DEGREES F,10.9,MG/L
09/02/2005,5,FEET,73.65,DEGREES F,10.9,MG/L
09/02/2005,10,FEET,70.68,DEGREES F,10.7,MG/L
09/02/2005,15,FEET,68.88,DEGREES F,10.15,MG/L
09/02/2005,17,FEET,69.03,DEGREES F,10.1,MG/L
09/15/2005,3,FEET,73.42,DEGREES F,11.2,MG/L
09/15/2005,5,FEET,73.08,DEGREES F,10.35,MG/L
09/15/2005,10,FEET,71.04,DEGREES F,9.3,MG/L
09/15/2005,15,FEET,70.32,DEGREES F,5.3,MG/L
09/15/2005,17,FEET,70.09,DEGREES F,4.8,MG/L
11/15/2005,3,FEET,44.67,DEGREES F,4.3,MG/L
11/15/2005,5,FEET,44.69,DEGREES F,5.15,MG/L
11/15/2005,10,FEET,44.65,DEGREES F,6.5,MG/L
11/15/2005,15,FEET,44.94,DEGREES F,7,MG/L
04/13/2006,3,FEET,54.75,DEGREES F,10.7,MG/L
04/13/2006,5,FEET,54.5,DEGREES F,11,MG/L
04/13/2006,10,FEET,53.65,DEGREES F,11.4,MG/L
04/13/2006,15,FEET,48.22,DEGREES F,11.4,MG/L
04/13/2006,17,FEET,47.88,DEGREES F,10.6,MG/L
07/07/2006,3,FEET,77.02,DEGREES F,10.08,MG/L
07/07/2006,5,FEET,76.77,DEGREES F,10.47,MG/L
07/07/2006,10,FEET,76.05,DEGREES F,10.59,MG/L
07/07/2006,12,FEET,78.04,DEGREES F,9.04,MG/L
07/27/2006,3,FEET,82.35,DEGREES F,12.51,MG/L
07/27/2006,5,FEET,81.54,DEGREES F,12.83,MG/L
07/27/2006,10,FEET,79.54,DEGREES F,9.76,MG/L
07/27/2006,12,FEET,77.76,DEGREES F,8.25,MG/L
09/05/2006,3,FEET,72.36,DEGREES F,10.1,MG/L
09/05/2006,5,FEET,71.83,DEGREES F,10.5,MG/L
09/05/2006,10,FEET,70.48,DEGREES F,10.1,MG/L
09/05/2006,15,FEET,70.52,DEGREES F,10.9,MG/L
09/07/2006,3,FEET,72.5,DEGREES F,11.46,MG/L
09/07/2006,5,FEET,71.49,DEGREES F,10.05,MG/L
09/07/2006,10,FEET,71.82,DEGREES F,10.05,MG/L
09/07/2006,15,FEET,71.08,DEGREES F,7.5,MG/L
09/16/2006,3,FEET,65.98,DEGREES F,8.43,MG/L
09/16/2006,5,FEET,65.95,DEGREES F,8.72,MG/L
09/16/2006,10,FEET,64.17,DEGREES F,9.36,MG/L
09/16/2006,15,FEET,63.66,DEGREES F,9.71,MG/L
09/16/2006,17,FEET,63.59,DEGREES F,9.62,MG/L
07/16/2010,0,FEET,81.1,DEGREES F,,
07/16/2010,5,FEET,80.9,DEGREES F,,
08/05/2010,0,FEET,81.3,DEGREES F,,
08/05/2010,5,FEET,81.5,DEGREES F,,
08/05/2010,10,FEET,80.7,DEGREES F,,
08/05/2010,15,FEET,75.5,DEGREES F,,
05/16/2011,0,FEET,57.2,DEGREES F,,
05/16/2011,5,FEET,60.1,DEGREES F,,
05/16/2011,10,FEET,57.5,DEGREES F,,
04/06/2012,0,FEET,53,DEGREES F,,
04/06/2012,5,FEET,52.5,DEGREES F,,
04/06/2012,10,FEET,51.9,DEGREES F,,
04/06/2012,15,FEET,51.4,DEGREES F,,
04/17/2015,0,FEET,61.3,DEGREES F,,
04/17/2015,5,FEET,59.1,DEGREES F,,
04/17/2015,10,FEET,53.2,DEGREES F,,
04/17/2015,15,FEET,53.2,DEGREES F,,
05/11/2016,0,FEET,58.8,DEGREES F,,
05/11/2016,5,FEET,58.8,DEGREES F,,
05/11/2016,10,FEET,58.1,DEGREES F,,
05/11/2016,15,FEET,56.6,DEGREES F,,



Start Date,Fieldwork Comment
05/29/1993,Sunny- air temp 56- lily pads just appearing- lake up 18 inches from last fall.  Lake level: Rising    
06/06/1993,Partly cloudy- air temp 72- algae blooms starting- lily pads blooming    
06/25/1993,1.5" rain last night- windy- air temp 75- sunny- no algae problems now.  Lake level: Rising    
07/02/1993,Mostly cloudy- air temp 75- 1.12" rain last night- ohwm: 7/2/92 -38.10- 4/8/93 -25.60- 5/13/93 -17.10- 6/8/93 -13.00    
07/09/1993,Mostly cloudy- air temp 84- .30" rain last night    
07/15/1993,Calm- sunny- air temp 82- anchor on 30' rope didn't touch bottom    
07/21/1993,Partly cloudy- air temp 72- no wind- pulled up prickly weeds on anchor    
07/30/1993,Air temp 78- many lilly pads ringing lake.  Lake level: Rising    
08/06/1993,Partly cloudy- air temp 67- rained 1.25" last night.  Lake level: Rising    
08/17/1993,Rained last night- air temp 82- mostly sunny.  Lake level: Rising    
08/25/1993,Sunny- clear- air temp 78- west quarter of lake full of lilly pads    
09/03/1993,Clear- slight wind- 72 degrees- water rose 48" since last fall 1992.    
09/18/1993,Lily pads disappearing- 58 degrees- partly cloudy.    
09/23/1993,Lake plants residing.  Full sun- 55 degrees.    
06/01/1994,Sunny- has been windy for days.  Lily pads starting to show.    
06/09/1994,Sunny.  Did not pick up any weeds on anchor this time.    
06/21/1994,Sunny- hot no rain for 1 1/2 weeks.  Milfoil stuck on anchor.    
06/29/1994,70 degrees.  Rained last night.  Very windy today.  Milfoil on anchor.    
07/10/1994,Rained week of the 4th.  Could not take readings.  Rained 5"+.    
07/17/1994,Rained lightly all week.  Moderate temp.  Lily pads on hold!    
07/28/1994,Rained all night before-weather-partly cloudy-74 degrees-calm.    
08/03/1994,Lake went down 2.5" in last 14 days.    
08/11/1994,No seen until 2: 25 p.m.  1.10 of rain last 24 hours.    
08/17/1994,Calm.    
08/31/1994,1.30" of rain yesterday.    
09/08/1994,Dropped disc to 16' and pulled it up with milfoil on it.    
09/14/1994,1" of rain last night.    
09/28/1994,Dropped disc to 16' and pulled up milfoil.  Dropped disc to bottom = 24.5'.    
10/06/1994,Pulled up milfoil from 16' tests that depth May not be good.    
04/17/1995,Sunny- calm- no show of weeds yet!  water lower than last year.    
05/06/1995,70 degrees- mostly sunny- calm- no algae!    
05/17/1995,Sunny- calm- - no weeds on anchor - no algae yet.    
05/26/1995,Partly cloudy - 60 degrees - milfoil- showed on anchor- 1st time!    
05/31/1995,Sunny - calm - 75 degrees.  Some signs of algal blooms - milfoil on anchor.  Water level: up some- rained.    
06/15/1995,Some algae blooms-80 degrees- sunny.  Rained 1" last night.    
06/23/1995,89 degrees- sunny-no rain/8 days.  Algal blooms getting worse-milfoil thicker.    
07/02/1995,Sunny- 75 degrees-algal blooms disappearing.  No milfoil on anchor this time.  Lake level: steady    
07/07/1995,72 degrees- mostly sunny-blooms gone!  milfoil on anchor.  Lake level: steady    
08/05/1995,Sunny- 85 degrees- milfoil on anchor.  Lake level: steady    
08/12/1995,Partly sunny- 85 degrees- rained 1.5" 2 days b-4.  Lake level: steady    
09/03/1995,Sunny- 80 degrees- milfoil bogs in center of lake.  Lake level: steady    
09/08/1995,Partly cloudy-54 degrees-milfoil disappearing from top of water.  Lake level: steady    
05/21/1996,Algae blooms just starting- sunny and 72 degrees.    
05/28/1996,Cloudy.    
06/09/1996,No sun- 62 degrees- calm- slight algal blooms starting.  Milfoil floating.    
06/22/1996,Sunny- clear- 72 degrees.  Slight breeze.  Algal blooms gone.  Water level: up 4"    
06/26/1996,Sunny- 80 degrees- no milfoil on anchor. Water level: Up 4" from previous week.    
07/06/1996,Mostly cloudy- 82 degrees- calm- no weeds on anchor but all on top of water.  Milfoil is taking over the lake!    
08/23/1996,Sunny- 78 degrees- rained yesterday.  Lake level: steady    
09/15/1996,Sunny-65 degrees-calm-weeds disappearing.    
05/13/1997,52 degrees. Mostly sunny and calm.  Lake level: steady    
05/22/1997,Calm- 67 degrees.  No blooms yet.  No weeds on anchor.  Sunny.  Lake level: steady    
06/02/1997,Calm.  75 degrees.  Sunny.  Algal blooms just starting.    
06/23/1997,82 degrees.  Sunny.  Algal blooms present.    
07/01/1997,89 degrees.  Partly cloudy- algal blooms present.    
07/31/1997,75 degrees.  Calm.  Normal weed growth.    
08/06/1997,Sunny and calm.. 74 degrees.  Milfoil floating.    
08/29/1997,Calm- and 65 degrees- mostly cloudy- milk pod exploding    
09/04/1997,Clouds- temp 69- milfoil clouding in some areas of lake    
09/27/1997,Sunny- calm.  72 degrees.  No algae blooms.    
06/03/1998,Windy- 60 degrees.- partly cloudy- some milfoil    
06/12/1998,Calm- 70 degrees.- p.c.- some milfoil- rained 3" 6/11/98.    
06/19/1998,Calm- 75 degrees.- m.s.- rained 2" 6/18/98.    
06/24/1998,Calm- 84 degrees.- p.c.- rained .5" in a.m.    
07/16/1998,Calm- 81 degrees.- sunny.    
06/18/2000,Windy- 74 degrees- partly cloudy- and lots of rain in this month and week.    
06/26/2000,Calm- 80 degrees- sunny- and .2" rain on 6/25.    
07/09/2000,Calm- 85 degrees- partly cloudy- and rain on 7/8 and 7/9.    
07/30/2000,Breezy- 78 degrees- partly cloudy- and there was rain on 7/26.    
08/06/2000,Windy- 80 deg. F- 2" of rain yesterday.    
08/21/2000,Windy- 75 degrees F.    
06/24/2001,Breezy.    
06/30/2001,Partly cloudy.    
07/08/2001,The temperature is 90 degrees- calm- and no rain in the last two weeks.    
07/29/2001,The temperature is 76 degrees- calm- and clouds.    
08/11/2001,The temperature is 80 degrees- breezy- partly cloudy- and lake up 18" over last year.    
10/01/2001,The temperature is 64 degrees- windy- and sunny.    
06/22/2002,High level- the highest in 3 years. 85 degrees- very
breezy. Lots of plants on the water.    
06/30/2002,Lots of rain. Lake the highest in 3 years. 90 degrees
and breezy.    
07/21/2002,95 Degrees. Lots of plants life. Lake level dropping
due to lack of rain.    
08/04/2002,80 Degrees- calm- lake level lower    
08/11/2002,90 Degrees and breezy. Lots of plants. Lake level
dropping from lack of rain.    
08/18/2002,Breezy. 75 degrees.    
08/25/2002,80 degrees. Beautiful day. Calm.    
05/15/2003,DEEP HOLE - SPRING TURNOVER GRAB SAMPLE    
05/26/2003,70 degrees- breezy.
    
06/01/2003,calm- 70 degrees- lake level continues to fall.
    
06/15/2003,80 degrees- breezy. Lake level going down.
    
06/29/2003,79 degrees and windy. Lake lower than it has been in 5
years.
    
07/13/2003,breezy- 85 degrees- great day for water sports. Water
lilies now appearing on dry ground.
    
07/20/2003,80 degrees- partly coudy.
    
08/12/2003,85 degrees- light wind- partly cloudy. Lake continues
to drop.
    
08/26/2003,DEEP HOLE - INTEGRATED 2 METER SAMPLE    
09/01/2003,75 degrees- light winds- perfect day- lake very low
level - most people say it is lower than they ever remember. Many water
plants are now on dry sand.
    
06/06/2004,75 degrees- and calm    
07/03/2004,Super day. 78 degrees- light breeze    
07/25/2004,75 Degrees; breezy    
08/01/2004,80  degrees; calm    
08/08/2004,75 Degrees- Breezy    
08/22/2004,Chilly- 62 degrees- cloudy- rain on the way    
09/05/2004,Windy- 72 degrees    
09/12/2004,Beautiful day- Calm- 83 degrees- water is up a little bit    
09/26/2004,72 degrees- calm. Great day for late summer.    
02/09/2005,with Martin Billings--sample taken from hole in ice-covered lake
08/24/2008,73 degrees- breezy- ideal conditions
07/16/2010,sunny- some wind- beautiful day sunny- some wind- beautiful day
08/05/2010,sunny- but significant wind--beautiful day on the water--this is such a nice lake- except for the EWM problem that keeps growing
05/16/2011,sunny- some wind- beautiful--no other people/boats at lake--not much aquatic plant growth so far
04/06/2012,windy- sunny- chilly
05/14/2013,Anna Moyer of WDNR along--wind just picked up and sky starting to cloud over--air temp low 80s F--one fishing boat out towards west end--water clear except for disturbance from wind--some plant growth noted- but no heavy beds for native aquatic plants--EWM/hybrid noted moderately heavy near boat launch--Canada geese complaining of our presence
04/17/2015,sunny with slight wind--lake is very very low
05/11/2016,overcast- drizzling--air temp in mid-50s- chilly--two shore anglers spotted--plant growth seen under the water- but only emergent + Brasenia schreberi have reached the surface




Start Date,Group Name,Project Name
05/29/1993,Richard Lillie,Citizen Lake Monitoring - Water Quality - Fenner Lake; Max Depth
06/06/1993,Richard Lillie,Citizen Lake Monitoring - Water Quality - Fenner Lake; Max Depth
06/25/1993,Richard Lillie,Citizen Lake Monitoring - Water Quality - Fenner Lake; Max Depth
07/02/1993,Francis Schalk,Citizen Lake Monitoring - Water Quality - Fenner Lake; Max Depth
07/09/1993,Francis Schalk,Citizen Lake Monitoring - Water Quality - Fenner Lake; Max Depth
07/15/1993,Francis Schalk,Citizen Lake Monitoring - Water Quality - Fenner Lake; Max Depth
07/21/1993,Richard Lillie,Citizen Lake Monitoring - Water Quality - Fenner Lake; Max Depth
07/30/1993,Richard Lillie,Citizen Lake Monitoring - Water Quality - Fenner Lake; Max Depth
08/06/1993,Richard Lillie,Citizen Lake Monitoring - Water Quality - Fenner Lake; Max Depth
08/17/1993,Richard Lillie,Citizen Lake Monitoring - Water Quality - Fenner Lake; Max Depth
08/25/1993,Richard Lillie,Citizen Lake Monitoring - Water Quality - Fenner Lake; Max Depth
09/03/1993,Richard Lillie,Citizen Lake Monitoring - Water Quality - Fenner Lake; Max Depth
09/18/1993,Richard Lillie,Citizen Lake Monitoring - Water Quality - Fenner Lake; Max Depth
09/23/1993,Richard Lillie,Citizen Lake Monitoring - Water Quality - Fenner Lake; Max Depth
06/01/1994,Richard Lillie,Citizen Lake Monitoring - Water Quality - Fenner Lake; Max Depth
06/09/1994,Richard Lillie,Citizen Lake Monitoring - Water Quality - Fenner Lake; Max Depth
06/21/1994,Richard Lillie,Citizen Lake Monitoring - Water Quality - Fenner Lake; Max Depth
06/29/1994,Richard Lillie,Citizen Lake Monitoring - Water Quality - Fenner Lake; Max Depth
07/10/1994,Richard Lillie,Citizen Lake Monitoring - Water Quality - Fenner Lake; Max Depth
07/17/1994,Richard Lillie,Citizen Lake Monitoring - Water Quality - Fenner Lake; Max Depth
07/28/1994,Richard Lillie,Citizen Lake Monitoring - Water Quality - Fenner Lake; Max Depth
08/03/1994,Richard Lillie,Citizen Lake Monitoring - Water Quality - Fenner Lake; Max Depth
08/11/1994,Richard Lillie,Citizen Lake Monitoring - Water Quality - Fenner Lake; Max Depth
08/17/1994,Richard Lillie,Citizen Lake Monitoring - Water Quality - Fenner Lake; Max Depth
08/24/1994,Richard Lillie,Citizen Lake Monitoring - Water Quality - Fenner Lake; Max Depth
08/31/1994,Richard Lillie,Citizen Lake Monitoring - Water Quality - Fenner Lake; Max Depth
09/08/1994,Richard Lillie,Citizen Lake Monitoring - Water Quality - Fenner Lake; Max Depth
09/14/1994,Richard Lillie,Citizen Lake Monitoring - Water Quality - Fenner Lake; Max Depth
09/21/1994,Richard Lillie,Citizen Lake Monitoring - Water Quality - Fenner Lake; Max Depth
09/28/1994,Richard Lillie,Citizen Lake Monitoring - Water Quality - Fenner Lake; Max Depth
10/06/1994,Richard Lillie,Citizen Lake Monitoring - Water Quality - Fenner Lake; Max Depth
10/14/1994,Richard Lillie,Citizen Lake Monitoring - Water Quality - Fenner Lake; Max Depth
04/17/1995,Richard Lillie,Citizen Lake Monitoring - Water Quality - Fenner Lake; Max Depth
05/06/1995,Richard Lillie,Citizen Lake Monitoring - Water Quality - Fenner Lake; Max Depth
05/17/1995,Richard Lillie,Citizen Lake Monitoring - Water Quality - Fenner Lake; Max Depth
05/26/1995,Richard Lillie,Citizen Lake Monitoring - Water Quality - Fenner Lake; Max Depth
05/31/1995,Richard Lillie,Citizen Lake Monitoring - Water Quality - Fenner Lake; Max Depth
06/15/1995,Richard Lillie,Citizen Lake Monitoring - Water Quality - Fenner Lake; Max Depth
06/23/1995,Richard Lillie,Citizen Lake Monitoring - Water Quality - Fenner Lake; Max Depth
07/02/1995,Richard Lillie And Francis Schalk,Citizen Lake Monitoring - Water Quality - Fenner Lake; Max Depth
07/07/1995,Richard Lillie And Francis Schalk,Citizen Lake Monitoring - Water Quality - Fenner Lake; Max Depth
07/13/1995,Richard Lillie And Francis Schalk,Citizen Lake Monitoring - Water Quality - Fenner Lake; Max Depth
07/20/1995,Richard Lillie And Francis Schalk,Citizen Lake Monitoring - Water Quality - Fenner Lake; Max Depth
07/27/1995,Richard Lillie And Francis Schalk,Citizen Lake Monitoring - Water Quality - Fenner Lake; Max Depth
08/05/1995,Richard Lillie And Francis Schalk,Citizen Lake Monitoring - Water Quality - Fenner Lake; Max Depth
08/12/1995,Richard Lillie And Francis Schalk,Citizen Lake Monitoring - Water Quality - Fenner Lake; Max Depth
09/03/1995,Richard Lillie And Francis Schalk,Citizen Lake Monitoring - Water Quality - Fenner Lake; Max Depth
09/08/1995,Richard Lillie And Francis Schalk,Citizen Lake Monitoring - Water Quality - Fenner Lake; Max Depth
05/21/1996,Richard Lillie,Citizen Lake Monitoring - Water Quality - Fenner Lake; Max Depth
05/28/1996,Althea Lillie,Citizen Lake Monitoring - Water Quality - Fenner Lake; Max Depth
06/09/1996,Richard Lillie,Citizen Lake Monitoring - Water Quality - Fenner Lake; Max Depth
06/22/1996,Richard Lillie,Citizen Lake Monitoring - Water Quality - Fenner Lake; Max Depth
06/26/1996,Richard Lillie,Citizen Lake Monitoring - Water Quality - Fenner Lake; Max Depth
07/06/1996,Richard Lillie,Citizen Lake Monitoring - Water Quality - Fenner Lake; Max Depth
07/13/1996,Francis Schalk,Citizen Lake Monitoring - Water Quality - Fenner Lake; Max Depth
07/21/1996,Francis Schalk,Citizen Lake Monitoring - Water Quality - Fenner Lake; Max Depth
07/27/1996,Francis Schalk,Citizen Lake Monitoring - Water Quality - Fenner Lake; Max Depth
08/02/1996,Francis Schalk,Citizen Lake Monitoring - Water Quality - Fenner Lake; Max Depth
08/10/1996,Francis Schalk,Citizen Lake Monitoring - Water Quality - Fenner Lake; Max Depth
08/23/1996,Richard Lillie,Citizen Lake Monitoring - Water Quality - Fenner Lake; Max Depth
09/15/1996,Richard Lillie,Citizen Lake Monitoring - Water Quality - Fenner Lake; Max Depth
05/13/1997,Richard Lillie,Citizen Lake Monitoring - Water Quality - Fenner Lake; Max Depth
05/22/1997,Richard Lillie,Citizen Lake Monitoring - Water Quality - Fenner Lake; Max Depth
06/02/1997,Richard Lillie,Citizen Lake Monitoring - Water Quality - Fenner Lake; Max Depth
06/23/1997,Richard Lillie,Citizen Lake Monitoring - Water Quality - Fenner Lake; Max Depth
07/01/1997,Richard Lillie,Citizen Lake Monitoring - Water Quality - Fenner Lake; Max Depth
07/31/1997,Richard Lillie,Citizen Lake Monitoring - Water Quality - Fenner Lake; Max Depth
08/06/1997,Richard Lillie,Citizen Lake Monitoring - Water Quality - Fenner Lake; Max Depth
08/29/1997,Richard Lillie,Citizen Lake Monitoring - Water Quality - Fenner Lake; Max Depth
09/04/1997,Richard Lillie,Citizen Lake Monitoring - Water Quality - Fenner Lake; Max Depth
09/27/1997,Richard Lillie,Citizen Lake Monitoring - Water Quality - Fenner Lake; Max Depth
06/03/1998,Richard Lillie,Citizen Lake Monitoring - Water Quality - Fenner Lake; Max Depth
06/12/1998,Richard Lillie,Citizen Lake Monitoring - Water Quality - Fenner Lake; Max Depth
06/19/1998,Richard Lillie,Citizen Lake Monitoring - Water Quality - Fenner Lake; Max Depth
06/24/1998,Richard Lillie,Citizen Lake Monitoring - Water Quality - Fenner Lake; Max Depth
07/16/1998,Richard Lillie,Citizen Lake Monitoring - Water Quality - Fenner Lake; Max Depth
06/18/2000,Ann Weigel,Citizen Lake Monitoring - Water Quality - Fenner Lake; Max Depth
06/26/2000,Ann Weigel,Citizen Lake Monitoring - Water Quality - Fenner Lake; Max Depth
07/09/2000,Ann Weigel,Citizen Lake Monitoring - Water Quality - Fenner Lake; Max Depth
07/30/2000,Ann Weigel,Citizen Lake Monitoring - Water Quality - Fenner Lake; Max Depth
08/06/2000,Ann Weigel,Citizen Lake Monitoring - Water Quality - Fenner Lake; Max Depth
08/21/2000,Ann Weigel,Citizen Lake Monitoring - Water Quality - Fenner Lake; Max Depth
06/24/2001,Ann Weigel,Citizen Lake Monitoring - Water Quality - Fenner Lake; Max Depth
06/30/2001,Ann Weigel,Citizen Lake Monitoring - Water Quality - Fenner Lake; Max Depth
07/08/2001,Ann Weigel,Citizen Lake Monitoring - Water Quality - Fenner Lake; Max Depth
07/29/2001,Ann Weigel,Citizen Lake Monitoring - Water Quality - Fenner Lake; Max Depth
08/11/2001,Ann Weigel,Citizen Lake Monitoring - Water Quality - Fenner Lake; Max Depth
10/01/2001,Ann Weigel,Citizen Lake Monitoring - Water Quality - Fenner Lake; Max Depth
06/22/2002,Ann Weigel,Citizen Lake Monitoring - Water Quality - Fenner Lake; Max Depth
06/30/2002,Ann Weigel,Citizen Lake Monitoring - Water Quality - Fenner Lake; Max Depth
07/21/2002,Ann Weigel,Citizen Lake Monitoring - Water Quality - Fenner Lake; Max Depth
08/04/2002,Ann Weigel,Citizen Lake Monitoring - Water Quality - Fenner Lake; Max Depth
08/11/2002,Ann Weigel,Citizen Lake Monitoring - Water Quality - Fenner Lake; Max Depth
08/18/2002,Ann Weigel,Citizen Lake Monitoring - Water Quality - Fenner Lake; Max Depth
08/25/2002,Ann Weigel,Citizen Lake Monitoring - Water Quality - Fenner Lake; Max Depth
05/15/2003,Todd Kittel,Lake Baseline Monitoring- DNR (1970s-2006)
05/26/2003,Ann Weigel,Citizen Lake Monitoring - Water Quality - Fenner Lake; Max Depth
06/01/2003,Ann Weigel,Citizen Lake Monitoring - Water Quality - Fenner Lake; Max Depth
06/15/2003,Ann Weigel,Citizen Lake Monitoring - Water Quality - Fenner Lake; Max Depth
06/29/2003,Ann Weigel,Citizen Lake Monitoring - Water Quality - Fenner Lake; Max Depth
07/13/2003,Ann Weigel,Citizen Lake Monitoring - Water Quality - Fenner Lake; Max Depth
07/20/2003,Ann Weigel,Citizen Lake Monitoring - Water Quality - Fenner Lake; Max Depth
08/12/2003,Ann Weigel,Citizen Lake Monitoring - Water Quality - Fenner Lake; Max Depth
08/26/2003,Todd Kittel,Lake Baseline Monitoring- DNR (1970s-2006)
09/01/2003,Ann Weigel,Citizen Lake Monitoring - Water Quality - Fenner Lake; Max Depth
06/06/2004,Ann Weigel,Citizen Lake Monitoring - Water Quality - Fenner Lake; Max Depth
06/06/2004,Reesa Evans,Citizen Lake Monitoring - Water Quality - Fenner Lake; Max Depth
06/29/2004,Reesa Evans,Citizen Lake Monitoring - Water Quality - Fenner Lake; Max Depth
07/03/2004,Ann Weigel,Citizen Lake Monitoring - Water Quality - Fenner Lake; Max Depth
07/03/2004,Reesa Evans,Citizen Lake Monitoring - Water Quality - Fenner Lake; Max Depth
07/25/2004,Ann Weigel,Citizen Lake Monitoring - Water Quality - Fenner Lake; Max Depth
07/25/2004,Reesa Evans,Citizen Lake Monitoring - Water Quality - Fenner Lake; Max Depth
08/01/2004,Ann Weigel,Citizen Lake Monitoring - Water Quality - Fenner Lake; Max Depth
08/01/2004,Reesa Evans,Citizen Lake Monitoring - Water Quality - Fenner Lake; Max Depth
08/08/2004,Ann Weigel,Citizen Lake Monitoring - Water Quality - Fenner Lake; Max Depth
08/08/2004,Reesa Evans,Citizen Lake Monitoring - Water Quality - Fenner Lake; Max Depth
08/22/2004,Ann Weigel,Citizen Lake Monitoring - Water Quality - Fenner Lake; Max Depth
08/22/2004,Reesa Evans,Citizen Lake Monitoring - Water Quality - Fenner Lake; Max Depth
08/23/2004,Reesa Evans,Citizen Lake Monitoring - Water Quality - Fenner Lake; Max Depth
09/05/2004,Ann Weigel,Citizen Lake Monitoring - Water Quality - Fenner Lake; Max Depth
09/05/2004,Reesa Evans,Citizen Lake Monitoring - Water Quality - Fenner Lake; Max Depth
09/12/2004,Ann Weigel,Citizen Lake Monitoring - Water Quality - Fenner Lake; Max Depth
09/12/2004,Reesa Evans,Citizen Lake Monitoring - Water Quality - Fenner Lake; Max Depth
09/15/2004,Reesa Evans,Citizen Lake Monitoring - Water Quality - Fenner Lake; Max Depth
09/26/2004,Ann Weigel,Citizen Lake Monitoring - Water Quality - Fenner Lake; Max Depth
09/26/2004,Reesa Evans,Citizen Lake Monitoring - Water Quality - Fenner Lake; Max Depth
11/09/2004,Reesa Evans,Citizen Lake Monitoring - Water Quality - Fenner Lake; Max Depth
02/09/2005,Reesa Evans,Citizen Lake Monitoring - Water Quality - Fenner Lake; Max Depth
04/18/2005,Reesa Evans,Citizen Lake Monitoring - Water Quality - Fenner Lake; Max Depth
05/29/2005,Ann Weigel,Citizen Lake Monitoring - Water Quality - Fenner Lake; Max Depth
06/19/2005,Ann Weigel,Citizen Lake Monitoring - Water Quality - Fenner Lake; Max Depth
07/04/2005,Ann Weigel,Citizen Lake Monitoring - Water Quality - Fenner Lake; Max Depth
07/04/2005,Reesa Evans,Citizen Lake Monitoring - Water Quality - Fenner Lake; Max Depth
07/22/2005,Reesa Evans,Citizen Lake Monitoring - Water Quality - Fenner Lake; Max Depth
08/06/2005,Ann Weigel,Citizen Lake Monitoring - Water Quality - Fenner Lake; Max Depth
08/15/2005,Reesa Evans,Citizen Lake Monitoring - Water Quality - Fenner Lake; Max Depth
09/02/2005,Reesa Evans,Citizen Lake Monitoring - Water Quality - Fenner Lake; Max Depth
09/15/2005,Reesa Evans,Citizen Lake Monitoring - Water Quality - Fenner Lake; Max Depth
11/15/2005,Reesa Evans,Citizen Lake Monitoring - Water Quality - Fenner Lake; Max Depth
04/13/2006,Reesa Evans,Citizen Lake Monitoring - Water Quality - Fenner Lake; Max Depth
07/07/2006,Reesa Evans,Citizen Lake Monitoring - Water Quality - Fenner Lake; Max Depth
07/27/2006,Reesa Evans,Citizen Lake Monitoring - Water Quality - Fenner Lake; Max Depth
09/05/2006,Reesa Evans,Citizen Lake Monitoring - Water Quality - Fenner Lake; Max Depth
09/07/2006,Reesa Evans,Citizen Lake Monitoring - Water Quality - Fenner Lake; Max Depth
09/16/2006,Reesa Evans,Citizen Lake Monitoring - Water Quality - Fenner Lake; Max Depth
08/13/2008,Reesa Evans,Citizen Lake Monitoring - Water Quality - Fenner Lake; Max Depth
08/24/2008,Alan Golemo,Citizen Lake Monitoring - Water Quality - Fenner Lake; Max Depth
08/24/2008,Ann Weigel,Citizen Lake Monitoring - Water Quality - Fenner Lake; Max Depth
07/16/2010,Reesa Evans,Citizen Lake Monitoring - Water Quality - Fenner Lake; Max Depth
08/05/2010,Reesa Evans,Citizen Lake Monitoring - Water Quality - Fenner Lake; Max Depth
05/16/2011,Reesa Evans,Citizen Lake Monitoring - Water Quality - Fenner Lake; Max Depth
07/05/2011,Scott VanEgeren- Jennifer Steltenpohl- Christopher Kolasinski and Reesa Evans,Citizen Lake Monitoring - Water Quality - Fenner Lake; Max Depth
04/06/2012,Reesa Evans,Citizen Lake Monitoring - Water Quality - Fenner Lake; Max Depth
05/14/2013,Reesa Evans,Citizen Lake Monitoring - Water Quality - Fenner Lake; Max Depth
04/17/2015,Reesa Evans,Citizen Lake Monitoring - Water Quality - Fenner Lake; Max Depth
05/11/2016,Reesa Evans,Citizen Lake Monitoring - Water Quality - Fenner Lake; Max Depth
07/19/2016,Reesa Evans,Citizen Lake Monitoring - Water Quality - Fenner Lake; Max Depth
