Lake Water Quality Report - 1950 to 2017


Lake Name,County Name,Waterbody ID(WBIC),Region Code,County Code,Station Name,Station ID,Geo Region,Lake Type
Lake Wisconsin,Columbia,1260600,SC,11,,10029002,SE,DRAINAGE



Group Seq No, Start Date, Secchi (Feet),Secchi Hit Bottom?,Secchi (Meters),Chlorophyll(ug/l),Total Phosphorus(ug/l),Secchi TSI,Total Phosphorus TSI,Chlorophyll TSI,Lake Level,Staff Gauge,Appearance,Color,Perception
99924747,06/14/2014,2.5,NO,0.8,,,64,,,LOW,,CLEAR,YELLOW,2-Very minor aesthetic problems
99924747,06/22/2014,4.5,NO,1.4,,,55,,,LOW,,CLEAR,YELLOW,2-Very minor aesthetic problems
99924747,07/04/2014,2.5,NO,0.8,,,64,,,NORMAL,,MURKY,YELLOW,4-Would not swim but boating OK (algae)
99924747,07/11/2014,2.25,NO,0.7,,,65,,,LOW,,MURKY,YELLOW,3-Enjoyment somewhat impaired (algae)
99924747,07/17/2014,2,NO,0.6,,,67,,,LOW,,MURKY,YELLOW,4-Would not swim but boating OK (algae)
99924747,07/27/2014,2,NO,0.6,,,67,,,LOW,,MURKY,YELLOW,5-Enjoyment substantially impaired (algae)
99924747,08/02/2014,1.75,NO,0.5,,,69,,,NORMAL,,MURKY,YELLOW,5-Enjoyment substantially impaired (algae)
99924747,08/06/2014,, ,,,,,,,,,,,5-Enjoyment substantially impaired (algae)
99924747,08/16/2014,3,NO,0.9,,,61,,,LOW,,CLEAR,YELLOW,2-Very minor aesthetic problems
99924747,08/27/2014,2.25,NO,0.7,,,65,,,LOW,,,YELLOW,2-Very minor aesthetic problems
99924747,09/04/2014,3,NO,0.9,,,61,,,HIGH,,MURKY,YELLOW,3-Enjoyment somewhat impaired (algae)
99924747,09/06/2014,2.75,NO,0.8,,,63,,,HIGH,,MURKY,YELLOW,2-Very minor aesthetic problems
99924747,09/28/2014,3.5,NO,1.1,,,59,,,NORMAL,,MURKY,YELLOW,3-Enjoyment somewhat impaired (algae)
99924747,04/11/2015,4.5,NO,1.4,,,55,,,NORMAL,,CLEAR,YELLOW,1-Beautiful, could not be nicer
99924747,05/04/2015,3,NO,0.9,,,61,,,LOW,,CLEAR,YELLOW,1-Beautiful, could not be nicer
99924747,05/22/2015,3,NO,0.9,,,61,,,NORMAL,,CLEAR,YELLOW,1-Beautiful, could not be nicer
99924747,05/27/2015,3.5,NO,1.1,,,59,,,NORMAL,,CLEAR,YELLOW,1-Beautiful, could not be nicer
99924747,06/02/2015,3.5,NO,1.1,,,59,,,NORMAL,,CLEAR,YELLOW,1-Beautiful, could not be nicer
99924747,06/24/2015,2.75,NO,0.8,,,63,,,NORMAL,,MURKY,YELLOW,3-Enjoyment somewhat impaired (algae)
99924747,07/08/2015,2,NO,0.6,,,67,,,NORMAL,,MURKY,YELLOW,4-Would not swim but boating OK (algae)
99924747,07/15/2015,2,NO,0.6,,,67,,,NORMAL,,MURKY,YELLOW,4-Would not swim but boating OK (algae)
99924747,08/03/2015,1.5,NO,0.5,,,71,,,NORMAL,,MURKY,YELLOW,4-Would not swim but boating OK (algae)
99924747,08/22/2015,2.5,NO,0.8,,,64,,,NORMAL,,MURKY,YELLOW,4-Would not swim but boating OK (algae)
99924747,09/01/2015,2.25,NO,0.7,,,65,,,NORMAL,,MURKY,YELLOW,5-Enjoyment substantially impaired (algae)
99924747,09/09/2015,2,NO,0.6,,,67,,,NORMAL,,MURKY,YELLOW,5-Enjoyment substantially impaired (algae)
99924747,09/16/2015,2.5,NO,0.8,,,64,,,NORMAL,,,YELLOW,3-Enjoyment somewhat impaired (algae)
7505218,06/20/2017,2.25,NO,0.7,,,65,,,NORMAL,,MURKY,BROWN,2-Very minor aesthetic problems
7505218,07/20/2017,2,NO,0.6,,,67,,,NORMAL,,MURKY,BROWN,2-Very minor aesthetic problems
7505218,08/08/2017,2,NO,0.6,,,67,,,NORMAL,,MURKY,BROWN,2-Very minor aesthetic problems
7505218,09/12/2017,2.3,NO,0.7,,,65,,,NORMAL,,MURKY,BROWN,2-Very minor aesthetic problems



Start Date,Depth,Depth Units,Temperature,Temperature Units,Dissolved Oxygen,Dissolved Oxygen Units



Start Date,Fieldwork Comment
06/14/2014,Wavy but not white caps.  Very blue skies and no boat traffic.  For Lake Wis- the water seemed very clean.  My husband- Ron Smith- drove our pontoon and helped find the GPS coordinates and the visual markers for next time
06/22/2014,light waves and light weekend boat traffic.  This was after a week of heavy rain and wind
07/04/2014,Very calm with no boat traffic.  Very weedy in shallow areas.  This was my first test from the kayak and I was not able to anchor but there was no wind and no waves..
07/11/2014,slight breeze with slight waves.  Can't anchor my kayak
07/17/2014,Calm.  Silver dollar size algae chunks floating
07/27/2014,Windy and rough.  Heavy algae
08/02/2014,Small waves.  The water is getting more algae by the day.  Worth noting that I am pretty squeamish when it comes to algae so while many people are in the water- apparently enjoying it- I don't even like to kayak next to it. Small waves.  Water is getting dirtier by the day
08/06/2014,I did not do the testing because the water was filled with blue green algae and smelled horrible.  In 11 years of living on the lake I have never seen it like this.  I would not even put my kayak in
08/16/2014,light breeze.  Last week's algae has dispersed
08/27/2014,totally quiet waters - no boats- no waves
09/04/2014,Windy with slight waves.  Kidney bean size chunks of algae suspended on the water
09/06/2014,From pontoon boat.  Somewhat wavy and windy conditions.  This was 2 days after a huge rainfall and predictions were for the river to crest just north in Portage the next day.
09/28/2014,calm - lots of geese.  This is the last test I'll do as our pier is coming out.
04/11/2015,Followed 2 days of rain.  This is the cleanest I have seen the lake in 11 years.  
05/04/2015,1/2" rain last night.  Slightly breezy day
05/22/2015,calm with no recent rain.  There is much pollen floating on the surface but otherwise water looks clean
05/27/2015,This is my new spot.  43.37178- -89.56638.  Same depth and readings as old spot.  After 2 days of 4+" of rain the lake is smelly.  There are some carp jumping.
06/02/2015,weedy with lots of milfoil closer to shore.  very wavy day.
06/24/2015,Lots of carp near shore.  Large clumps of algae and lots of milfoil near shore.   The testing hole has lots of dispersed algae.  Slightly breezy day.
07/08/2015,Weedy with dispersed algae
07/15/2015,smelly and weedy
08/03/2015,smelly with lots of dispersed algae
08/22/2015,very windy conditions
09/01/2015,very calm.  Have not seen so much algae in years.  I found the water disgusting.  Lots of geese gathering in the bay

09/09/2015,Lots of algae and geese
09/16/2015,Very windy and lots of geese
06/20/2017,Water temp 71- last week in 90s- Rain had quit - sunny- calm- few boats out
07/20/2017,Water 80F- partly sunny- wind 5mph W- hot humid last three days- bluegreen algae starting to appear- sparse- wild celery fragments present
08/08/2017,Water 74F- Sunny- light wind SW- past week cool- little rain- slight blue green bloom- river normal
09/12/2017,Minimal blue green algae- light SE wind- cooler weather lately- no rain -  main channel has bg algae all way down lake- most of year- places leaves a green wake




Start Date,Group Name,Project Name
06/14/2014,Paulette Walker Smith,Citizen Lake Monitoring - Water Quality - Lake Wisconsin - Sticky Bay - Center
06/22/2014,Paulette Walker Smith,Citizen Lake Monitoring - Water Quality - Lake Wisconsin - Sticky Bay - Center
07/04/2014,Paulette Walker Smith,Citizen Lake Monitoring - Water Quality - Lake Wisconsin - Sticky Bay - Center
07/11/2014,Paulette Walker Smith,Citizen Lake Monitoring - Water Quality - Lake Wisconsin - Sticky Bay - Center
07/17/2014,Paulette Walker Smith,Citizen Lake Monitoring - Water Quality - Lake Wisconsin - Sticky Bay - Center
07/27/2014,Paulette Walker Smith,Citizen Lake Monitoring - Water Quality - Lake Wisconsin - Sticky Bay - Center
08/02/2014,Paulette Walker Smith,Citizen Lake Monitoring - Water Quality - Lake Wisconsin - Sticky Bay - Center
08/06/2014,Paulette Walker Smith,Citizen Lake Monitoring - Water Quality - Lake Wisconsin - Sticky Bay - Center
08/16/2014,Paulette Walker Smith,Citizen Lake Monitoring - Water Quality - Lake Wisconsin - Sticky Bay - Center
08/27/2014,Paulette Walker Smith,Citizen Lake Monitoring - Water Quality - Lake Wisconsin - Sticky Bay - Center
09/04/2014,Paulette Walker Smith,Citizen Lake Monitoring - Water Quality - Lake Wisconsin - Sticky Bay - Center
09/06/2014,Paulette Walker Smith,Citizen Lake Monitoring - Water Quality - Lake Wisconsin - Sticky Bay - Center
09/28/2014,Paulette Walker Smith,Citizen Lake Monitoring - Water Quality - Lake Wisconsin - Sticky Bay - Center
04/11/2015,Paulette Walker Smith,Citizen Lake Monitoring - Water Quality - Lake Wisconsin - Sticky Bay - Center
05/04/2015,Paulette Walker Smith,Citizen Lake Monitoring - Water Quality - Lake Wisconsin - Sticky Bay - Center
05/22/2015,Paulette Walker Smith,Citizen Lake Monitoring - Water Quality - Lake Wisconsin - Sticky Bay - Center
05/27/2015,Paulette Walker Smith,Citizen Lake Monitoring - Water Quality - Lake Wisconsin - Sticky Bay - Center
06/02/2015,Paulette Walker Smith,Citizen Lake Monitoring - Water Quality - Lake Wisconsin - Sticky Bay - Center
06/24/2015,Paulette Walker Smith,Citizen Lake Monitoring - Water Quality - Lake Wisconsin - Sticky Bay - Center
07/08/2015,Paulette Walker Smith,Citizen Lake Monitoring - Water Quality - Lake Wisconsin - Sticky Bay - Center
07/15/2015,Paulette Walker Smith,Citizen Lake Monitoring - Water Quality - Lake Wisconsin - Sticky Bay - Center
08/03/2015,Paulette Walker Smith,Citizen Lake Monitoring - Water Quality - Lake Wisconsin - Sticky Bay - Center
08/22/2015,Paulette Walker Smith,Citizen Lake Monitoring - Water Quality - Lake Wisconsin - Sticky Bay - Center
09/01/2015,Paulette Walker Smith,Citizen Lake Monitoring - Water Quality - Lake Wisconsin - Sticky Bay - Center
09/09/2015,Paulette Walker Smith,Citizen Lake Monitoring - Water Quality - Lake Wisconsin - Sticky Bay - Center
09/16/2015,Paulette Walker Smith,Citizen Lake Monitoring - Water Quality - Lake Wisconsin - Sticky Bay - Center
06/20/2017,TIM LARSON,Citizen Lake Monitoring - Water Quality - Lake Wisconsin - Sticky Bay - Center
07/20/2017,TIM LARSON,Citizen Lake Monitoring - Water Quality - Lake Wisconsin - Sticky Bay - Center
08/08/2017,TIM LARSON,Citizen Lake Monitoring - Water Quality - Lake Wisconsin - Sticky Bay - Center
09/12/2017,TIM LARSON,Citizen Lake Monitoring - Water Quality - Lake Wisconsin - Sticky Bay - Center
