Lake Water Quality Report - 1950 to 2017


Lake Name,County Name,Waterbody ID(WBIC),Region Code,County Code,Station Name,Station ID,Geo Region,Lake Type
Mud Hen Lake,Burnett,2649500,NO,7,,073046,NW,SEEPAGE



Group Seq No, Start Date, Secchi (Feet),Secchi Hit Bottom?,Secchi (Meters),Chlorophyll(ug/l),Total Phosphorus(ug/l),Secchi TSI,Total Phosphorus TSI,Chlorophyll TSI,Lake Level,Staff Gauge,Appearance,Color,Perception
8190784,08/25/1987,9.75,NO,3,,,44,,,NORMAL,,CLEAR,BLUE,
8190784,08/28/1987,10.75,NO,3.3,,,43,,,NORMAL,,CLEAR,BLUE,
8190784,09/02/1987,10,NO,3,,,44,,,NORMAL,,CLEAR,BLUE,
8190784,09/22/1987,9,NO,2.7,,,45,,,4" HIGHER THAN 9/2,,CLEAR,BLUE,
8190784,04/21/1988,7.75,NO,2.4,,,48,,,NORMAL,,CLEAR,BLUE,1-Beautiful, could not be nicer
8190784,05/21/1988,11.25,NO,3.4,,,42,,,LOWER THAN NORMAL,,CLEAR,BLUE,2-Very minor aesthetic problems
8190784,06/15/1988,8.5,NO,2.6,,,46,,,ABOUT 8-12 INCHES BELOW NORMAL,,CLEAR,BLUE,2-Very minor aesthetic problems
8190784,06/26/1988,7.75,NO,2.4,,,48,,,8-14" LOWER THAN NORMAL,,,BLUE/GREEN,2-Very minor aesthetic problems
8190784,07/08/1988,7,NO,2.1,,,49,,,8-15" BELOW NORMAL,,,BLUE/GREEN,2-Very minor aesthetic problems
8190784,07/21/1988,7.25,NO,2.2,,,49,,,~10" LOW FOR THIS TIME,,,BLUE/GR.,3-Enjoyment somewhat impaired (algae)
8190784,07/30/1988,8,NO,2.4,,,47,,,DOWN 10";,,,BLUE/GR.,2-Very minor aesthetic problems
8190784,08/15/1988,8.5,NO,2.6,,,46,,,GAUGE,97.26,,BLUE/GREEN,2-Very minor aesthetic problems
8190784,08/26/1988,9,NO,2.7,,,45,,,GAUGE,97.25,,BLUE/GREEN,2-Very minor aesthetic problems
8190784,09/17/1988,8.5,NO,2.6,,,46,,,GAUGE,97.4,,BLUE/GREEN,2-Very minor aesthetic problems
8190784,05/13/1989,9.75,NO,3,,,44,,,GAUGE,98.07,CLEAR,BLUE,2-Very minor aesthetic problems
8190784,05/21/1989,10.25,NO,3.1,,,44,,,GAUGE,98.01,CLEAR,,2-Very minor aesthetic problems
8190784,06/04/1989,11,NO,3.3,,,43,,,GAUGE,97.88,CLEAR,,2-Very minor aesthetic problems
8190784,06/10/1989,11.5,NO,3.5,,,42,,,GAUGE,97.78,,,2-Very minor aesthetic problems
8190616,06/16/1989,10,NO,3,,,44,,,GAUGE,97.76,CLEAR,,2-Very minor aesthetic problems
8190784,06/24/1989,10.5,NO,3.2,,,43,,,GAUGE,97.74,CLEAR,,2-Very minor aesthetic problems
8190616,07/10/1989,10,NO,3,,,44,,,GAUGE,97.7,CLEAR,,2-Very minor aesthetic problems
8190616,07/17/1989,10.5,NO,3.2,,,43,,,GAUGE,97.7,CLEAR,BLUE,2-Very minor aesthetic problems
8190616,07/31/1989,10,NO,3,,,44,,,GAUGE,97.7,CLEAR,,2-Very minor aesthetic problems
8190616,08/14/1989,9.5,NO,2.9,,,45,,,GAUGE,97.7,CLEAR,,2-Very minor aesthetic problems
8190616,08/30/1989,10,NO,3,,,44,,,GAUGE,97.7,CLEAR,,2-Very minor aesthetic problems
8190616,06/04/1990,9,NO,2.7,,,45,,,GAUGE,97.8,CLEAR,BLUE,2-Very minor aesthetic problems
8190616,06/14/1990,10,NO,3,,,44,,,GAUGE,97.9,CLEAR,BLUE,2-Very minor aesthetic problems
8190616,06/24/1990,11,NO,3.3,,,43,,,GAUGE,97.9,CLEAR,BLUE,2-Very minor aesthetic problems
8190616,07/09/1990,10,NO,3,,,44,,,GAUGE,97.9,CLEAR,BLUE,2-Very minor aesthetic problems
8190616,07/20/1990,11,NO,3.3,,,43,,,GAUGE,97.8,CLEAR,BLUE,2-Very minor aesthetic problems
8190616,07/31/1990,9,NO,2.7,,,45,,,GAUGE,97.8,CLEAR,BLUE,2-Very minor aesthetic problems
8190616,08/13/1990,9.5,NO,2.9,,,45,,,GAUGE,97.8,CLEAR,BLUE,2-Very minor aesthetic problems
8190616,08/22/1990,9,NO,2.7,,,45,,,GAUGE,97.8,CLEAR,BLUE,2-Very minor aesthetic problems
8190616,09/10/1990,8,NO,2.4,,,47,,,GAUGE,97.8,CLEAR,BLUE,2-Very minor aesthetic problems
8190616,09/20/1990,8,NO,2.4,,,47,,,GAUGE,97.8,CLEAR,BLUE,2-Very minor aesthetic problems
8190616,07/10/1991,10,NO,3,,,44,,,GAUGE,98.1,CLEAR,BLUE,2-Very minor aesthetic problems
8190616,07/17/1991,9,NO,2.7,,,45,,,GAUGE,98.1,CLEAR,BLUE,2-Very minor aesthetic problems
8190616,07/26/1991,7,NO,2.1,,,49,,,GAUGE,98.1,CLEAR,BLUE,1-Beautiful, could not be nicer
8190616,08/09/1991,8.5,NO,2.6,,,46,,,GAUGE,98.1,CLEAR,BLUE,2-Very minor aesthetic problems
8190616,08/21/1991,7.5,NO,2.3,,,48,,,GAUGE,98.1,CLEAR,BLUE,1-Beautiful, could not be nicer
8190616,09/06/1991,8.5,NO,2.6,,,46,,,GAUGE,98.1,CLEAR,BLUE,1-Beautiful, could not be nicer
8190616,04/23/1992,7,NO,2.1,,,49,,,GAUGE,98.1,CLEAR,BLUE,2-Very minor aesthetic problems
8190616,07/11/1992,11,NO,3.3,,,43,,,GAUGE,97.8,CLEAR,BLUE,2-Very minor aesthetic problems
8190616,07/16/1992,10,NO,3,,,44,,,GAUGE,97.8,CLEAR,BLUE,2-Very minor aesthetic problems
8190616,08/11/1993,10,NO,3,,,44,,,GAUGE,97.8,CLEAR,BLUE,1-Beautiful, could not be nicer
8190142,09/15/1993,,,,,17,,50,,,,CLEAR,BLUE,2-Very minor aesthetic problems
71165775,09/15/1993,,,,13.5,,,,54,,,,,
1,11/03/1993,,,,7.09,,,,50,,,,,
8190142,11/03/1993,11,NO,3.3,,16,43,50,,GAUGE,97.92,CLEAR,BLUE,2-Very minor aesthetic problems
8189572,05/18/1994,9,NO,2.7,2.89,14,45,49,43,GAUGE,98.26,CLEAR,BLUE,
8190359,06/01/1994,10.75,NO,3.3,,,43,,,GAUGE,97.25,CLEAR,BLUE,
8190359,06/10/1994,10,NO,3,,,44,,,,,CLEAR,BLUE,2-Very minor aesthetic problems
8190359,06/18/1994,9.75,NO,3,,,44,,,,,CLEAR,,
8190359,06/24/1994,12,NO,3.6,,,41,,,HIGH,,CLEAR,,
8190359,07/05/1994,18,NO,5.5,,,35,,,GAUGE,98.1,CLEAR,GREEN,2-Very minor aesthetic problems
8189572,07/06/1994,8.5,NO,2.6,6.51,23,46,52,49,GAUGE,98.3,CLEAR,GREEN,2-Very minor aesthetic problems
8190359,07/14/1994,8.5,NO,2.6,,,46,,,HIGH 98.1,,CLEAR,GREEN,2-Very minor aesthetic problems
8190359,07/24/1994,9,NO,2.7,,,45,,,HIGH 98.1,,CLEAR,,2-Very minor aesthetic problems
8190359,08/09/1994,9.25,NO,2.8,,,45,,,HIGH 98,,CLEAR,BLUE,2-Very minor aesthetic problems
8189572,08/24/1994,8.5,NO,2.6,3.42,17,46,50,44,,,CLEAR,BLUE,2-Very minor aesthetic problems
8190359,09/05/1994,8,NO,2.4,,,47,,,HIGH,,CLEAR,BLUE,2-Very minor aesthetic problems
8190359,09/23/1994,7,NO,2.1,,,49,,,HIGHEST ON RECORD,,CLEAR,BLUE,2-Very minor aesthetic problems
8190359,10/01/1994,7.75,NO,2.4,,,48,,,RECORD HIGH,,,BLUE,2-Very minor aesthetic problems
8189572,11/04/1994,9,NO,2.7,10.5,22,45,52,53,,,CLEAR,BLUE,2-Very minor aesthetic problems
8190359,05/15/1995,15,NO,4.6,,,38,,,HIGH,,CLEAR,BLUE,1-Beautiful, could not be nicer
8190142,05/30/1995,10,NO,3,2.15,29,44,54,41,,,CLEAR,BLUE,2-Very minor aesthetic problems
8190359,05/31/1995,12.25,NO,3.7,,,41,,,HIGH,,CLEAR,BLUE,2-Very minor aesthetic problems
8190142,06/20/1995,10,NO,3,1.34,10,44,46,37,,,,GREEN,2-Very minor aesthetic problems
8190359,06/28/1995,10.25,NO,3.1,,,44,,,DOWN 8",,,BLUE/GREEN,2-Very minor aesthetic problems
8190359,07/04/1995,8.5,NO,2.6,,,46,,,HIGH,,CLEAR,BLUE,2-Very minor aesthetic problems
8190359,07/24/1995,10,NO,3,0.04,19,44,51,10,HIGH,,CLEAR,BLUE,2-Very minor aesthetic problems
8190142,08/23/1995,9,NO,2.7,4.31,18,45,51,46,,,,GREEN,2-Very minor aesthetic problems
8190359,08/30/1995,8.5,NO,2.6,,,46,,,HIGH,,CLEAR,BLUE,2-Very minor aesthetic problems
8190359,09/10/1995,9.5,NO,2.9,,,45,,,NORMAL,,CLEAR,BLUE,2-Very minor aesthetic problems
8190142,10/30/1995,9.5,NO,2.9,10.4,19,45,51,53,,,CLEAR,BLUE,1-Beautiful, could not be nicer
8190359,06/09/1996,9.5,NO,2.9,,,45,,,NORMAL,,,GREEN,
8189572,07/01/1996,9,NO,2.7,3.33,35,45,56,44,HIGH,,CLEAR,GREEN,2-Very minor aesthetic problems
8190359,07/06/1996,10.25,NO,3.1,,,44,,,HIGH,,,,
8189573,08/02/1996,9,NO,2.7,3.95,14,45,49,45,HIGH,,CLEAR,GREEN,2-Very minor aesthetic problems
8190359,08/29/1996,9,NO,2.7,,,45,,,HIGH,,CLEAR,BLUE,2-Very minor aesthetic problems
8190784,09/01/1996,9,NO,2.7,,,45,,,HIGH,,CLEAR,GREEN,2-Very minor aesthetic problems
8190359,09/17/1996,8.25,NO,2.5,,,47,,,HIGH,,CLEAR,GREEN,2-Very minor aesthetic problems
8190359,09/27/1996,7.25,NO,2.2,,,49,,,HIGH,,CLEAR,BROWN,2-Very minor aesthetic problems
8190142,11/05/1996,10,NO,3,6.81,20,44,51,49,,,,GREEN,2-Very minor aesthetic problems
8190359,06/01/1997,13,NO,4,,,40,,,LOW,,CLEAR,BLUE,2-Very minor aesthetic problems
8189572,07/11/1997,8.75,NO,2.7,,,46,,,,,CLEAR,BLUE,2-Very minor aesthetic problems
8190359,07/24/1997,7.75,NO,2.4,,,48,,,NORMAL,,CLEAR,GREEN,2-Very minor aesthetic problems
8190359,08/15/1997,7.75,NO,2.4,,,48,,,NORMAL,,CLEAR,GREEN,2-Very minor aesthetic problems
8190359,08/28/1997,10.25,NO,3.1,,,44,,,HIGH,,CLEAR,GREEN,2-Very minor aesthetic problems
8189572,09/12/1997,9,NO,2.7,5.02,27,45,54,47,,,,GREEN,2-Very minor aesthetic problems
8190359,09/25/1997,10.25,NO,3.1,,,44,,,HIGH,,CLEAR,GREEN,2-Very minor aesthetic problems
8189572,10/01/1997,7,NO,2.1,9.25,28,49,54,52,,,CLEAR,GREEN,2-Very minor aesthetic problems
8189572,07/07/1998,7,NO,2.1,5.5,18,49,51,48,NO CHANGE,,CLEAR,GREEN,2-Very minor aesthetic problems
8189572,09/14/1998,6.5,NO,2,6.34,24,50,53,49,NO CHANGE,,CLEAR,GREEN,2-Very minor aesthetic problems
8189572,10/14/1998,6.5,NO,2,8.73,27,50,54,51,NORMAL,,CLEAR,GREEN,2-Very minor aesthetic problems
8189572,05/30/1999,8.5,NO,2.6,,,46,,,NORMAL,,CLEAR,GREEN,2-Very minor aesthetic problems
8190359,06/12/1999,10,NO,3,,,44,,,HIGH,,CLEAR,GREEN,3-Enjoyment somewhat impaired (algae)
8189572,06/30/1999,8,NO,2.4,4.52,15,47,49,46,HIGH,,CLEAR,GREEN,3-Enjoyment somewhat impaired (algae)
8190359,07/11/1999,9,NO,2.7,,,45,,,HIGH,,CLEAR,GREEN,3-Enjoyment somewhat impaired (algae)
8189572,08/02/1999,8.5,NO,2.6,1.39,20,46,51,37,NORMAL,,MURKY,GREEN,2-Very minor aesthetic problems
8190359,08/17/1999,7.5,NO,2.3,,,48,,,HIGH,,MURKY,GREEN,3-Enjoyment somewhat impaired (algae)
8189572,09/16/1999,7.5,NO,2.3,7,18,48,51,50,HIGH,,MURKY,GREEN,2-Very minor aesthetic problems
8190359,10/01/1999,8,NO,2.4,,,47,,,HIGH,,CLEAR,GREEN,3-Enjoyment somewhat impaired (algae)
8189572,10/20/1999,6.5,NO,2,14,23,50,52,55,NORMAL,,MURKY,GREEN,2-Very minor aesthetic problems
8190142,07/25/2000,10.5,NO,3.2,1.9,14,43,49,40,NORMAL,,CLEAR,GREEN,2-Very minor aesthetic problems
8189125,07/26/2000,10.5,NO,3.2,,,43,,,NORMAL,,CLEAR,GREEN,2-Very minor aesthetic problems
8189125,08/08/2000,10,NO,3,,,44,,,NORMAL,,CLEAR,GREEN,2-Very minor aesthetic problems
8189125,08/23/2000,9,NO,2.7,,,45,,,HIGH,,CLEAR,GREEN,2-Very minor aesthetic problems
18137439,08/28/2000,8.2,,2.5,7,16,47,50,50,,,,,
8189193,08/29/2000,9,NO,2.7,6,16,45,50,48,NORMAL,,CLEAR,GREEN,2-Very minor aesthetic problems
8189125,10/04/2000,8,NO,2.4,,,47,,,NORMAL,,CLEAR,GREEN,2-Very minor aesthetic problems
8189193,10/10/2000,7,NO,2.1,6,22,49,52,48,NORMAL,,MURKY,GREEN,2-Very minor aesthetic problems
8189125,10/16/2000,9,NO,2.7,,,45,,,LOW,,CLEAR,GREEN,1-Beautiful, could not be nicer
8189125,05/15/2001,8.25,NO,2.5,,20,47,51,,HIGH,,CLEAR,GREEN,2-Very minor aesthetic problems
8189125,08/02/2001,9.25,NO,2.8,,,45,,,LOW,,CLEAR,GREEN,2-Very minor aesthetic problems
8189125,10/01/2001,10.25,NO,3.1,8,23,44,52,51,HIGH,,CLEAR,GREEN,1-Beautiful, could not be nicer
8189193,05/20/2002,19,NO,5.8,,11,35,47,,LOW,,CLEAR,GREEN,1-Beautiful, could not be nicer
8189193,06/17/2002,15.25,NO,4.6,,,38,,,LOW,,CLEAR,GREEN,1-Beautiful, could not be nicer
8189193,07/23/2002,10,NO,3,,,44,,,NORMAL,,CLEAR,GREEN,1-Beautiful, could not be nicer
8189193,07/24/2002,,,,4.16,18,,51,46,,,,,
8189193,08/26/2002,9.75,NO,3,5.25,15,44,49,47,HIGH,,CLEAR,GREEN,1-Beautiful, could not be nicer
8189193,10/16/2002,13.25,NO,4,4.39,24,40,53,46,NORMAL,,CLEAR,GREEN,1-Beautiful, could not be nicer
8189193,05/16/2003,17.5,NO,5.3,,8,36,44,,NORMAL,,CLEAR,GREEN,1-Beautiful, could not be nicer
8189125,06/17/2003,17.5,NO,5.3,,,36,,,LOW,,CLEAR,GREEN,1-Beautiful, could not be nicer
8189193,06/30/2003,19,NO,5.8,1.55,13,35,48,38,NORMAL,,CLEAR,GREEN,1-Beautiful, could not be nicer
8189193,07/28/2003,17,NO,5.2,2.34,12,36,47,41,NORMAL,,CLEAR,GREEN,1-Beautiful, could not be nicer
8189193,08/25/2003,9,NO,2.7,4.51,19,45,51,46,LOW,,CLEAR,GREEN,1-Beautiful, could not be nicer
8189193,10/14/2003,12,NO,3.6,10.6,20,41,51,53,LOW,,CLEAR,GREEN,1-Beautiful, could not be nicer
8188751,06/01/2004,15,NO,4.6,,17,38,50,,NORMAL,,CLEAR,GREEN,2-Very minor aesthetic problems
8188751,06/28/2004,12,NO,3.6,5.57,30,41,54,48,LOW,,CLEAR,GREEN,2-Very minor aesthetic problems
8188751,07/19/2004,13,NO,4,1.99,14,40,49,40,NORMAL,,CLEAR,GREEN,1-Beautiful, could not be nicer
8188751,08/23/2004,11,NO,3.3,4.11,16,43,50,45,NORMAL,,CLEAR,GREEN,2-Very minor aesthetic problems
8188751,10/10/2004,8.5,NO,2.6,,,46,,,LOW,,CLEAR,GREEN,1-Beautiful, could not be nicer
8189125,10/10/2004,8.5,NO,2.6,13.1,36,46,56,54,LOW,,CLEAR,GREEN,1-Beautiful, could not be nicer
8188751,05/24/2005,21,NO,6.4,,16,33,50,,NORMAL,,CLEAR,GREEN,1-Beautiful, could not be nicer
8188751,06/21/2005,15,NO,4.6,1.78,7,38,43,39,NORMAL,,CLEAR,GREEN,1-Beautiful, could not be nicer
8188751,07/27/2005,11.5,NO,3.5,5.56,19,42,51,48,LOW,,CLEAR,GREEN,1-Beautiful, could not be nicer
8188751,08/16/2005,10,NO,3,6.37,17,44,50,49,LOW,,CLEAR,GREEN,2-Very minor aesthetic problems
8188751,10/10/2005,10,NO,3,6.94,19,44,51,49,HIGH,,CLEAR,GREEN,1-Beautiful, could not be nicer
8188751,05/30/2006,15,NO,4.6,,13,38,48,,NORMAL,,CLEAR,GREEN,1-Beautiful, could not be nicer
8188751,06/26/2006,12,NO,3.6,4.39,17,41,50,46,NORMAL,,CLEAR,GREEN,1-Beautiful, could not be nicer
8188751,07/25/2006,10.5,NO,3.2,3.34,21,43,52,44,LOW,,CLEAR,GREEN,2-Very minor aesthetic problems
8188751,09/04/2006,9,NO,2.7,5.19,18,45,51,47,LOW,,CLEAR,GREEN,2-Very minor aesthetic problems
19016900,05/26/2007,15,NO,4.6,,,38,,,LOW,,CLEAR,BLUE,1-Beautiful, could not be nicer
1,06/16/2007,,,,2.57,15,,49,42,,,,,
19016900,07/28/2007,,,,3.89,16,,50,45,,,,,
19016900,05/11/2008,7.5,NO,2.3,,18,48,51,,NORMAL,,CLEAR,BLUE,1-Beautiful, could not be nicer
19016900,05/25/2008,14.5,NO,4.4,,,39,,,NORMAL,,CLEAR,BLUE,1-Beautiful, could not be nicer
19016900,05/31/2008,17,NO,5.2,,,36,,,NORMAL,,CLEAR,BLUE,1-Beautiful, could not be nicer
19016900,06/15/2008,12.5,NO,3.8,3.45,18,41,51,44,NORMAL,,CLEAR,BLUE,1-Beautiful, could not be nicer
19016900,07/02/2008,7.5,NO,2.3,,,48,,,NORMAL,,CLEAR,BLUE,2-Very minor aesthetic problems
19016900,07/23/2008,7.5,NO,2.3,3.88,21,48,52,45,NORMAL,,CLEAR,BLUE,2-Very minor aesthetic problems
18897746,08/10/2008,7.5,NO,2.3,,,48,,,NORMAL,,CLEAR,BLUE,1-Beautiful, could not be nicer
19016900,09/01/2008,7.5,NO,2.3,6.45,18,48,51,49,NORMAL,,CLEAR,BLUE,2-Very minor aesthetic problems
19016900,05/24/2009,27,NO,8.2,,,30,,,NORMAL,,CLEAR,BLUE,2-Very minor aesthetic problems
19016900,06/30/2009,15.5,NO,4.7,2.76,20,38,51,42,NORMAL,,CLEAR,BLUE,2-Very minor aesthetic problems
19016900,07/04/2009,19.5,NO,5.9,,,34,,,NORMAL,,CLEAR,BLUE,1-Beautiful, could not be nicer
19016900,07/12/2009,19.5,NO,5.9,,,34,,,NORMAL,,CLEAR,BLUE,2-Very minor aesthetic problems
19016900,09/07/2009,9.5,NO,2.9,6.07,12,45,47,48,LOW,,CLEAR,BLUE,1-Beautiful, could not be nicer
19016900,04/11/2010,15.5,NO,4.7,,17,38,50,,NORMAL,,CLEAR,BLUE,1-Beautiful, could not be nicer
19016900,05/17/2010,17.5,NO,5.3,,,36,,,NORMAL,,CLEAR,BLUE,1-Beautiful, could not be nicer
19016900,06/20/2010,12.5,NO,3.8,3.74,18,41,51,45,NORMAL,,CLEAR,BLUE,1-Beautiful, could not be nicer
19016900,07/26/2010,11.5,NO,3.5,4.1,18,42,51,45,NORMAL,,CLEAR,BLUE,2-Very minor aesthetic problems
19016900,09/06/2010,5.5,NO,1.7,8.5,25,53,53,51,NORMAL,,MURKY,BLUE,2-Very minor aesthetic problems
19016900,06/26/2011,13,NO,4,5.94,17,40,50,48,NORMAL,,CLEAR,BLUE,2-Very minor aesthetic problems
19016900,07/06/2011,15.5,NO,4.7,,,38,,,NORMAL,,CLEAR,BLUE,2-Very minor aesthetic problems
19016900,07/10/2011,13.5,NO,4.1,,,40,,,LOW,,CLEAR,GREEN,2-Very minor aesthetic problems
19016900,07/17/2011,11,NO,3.3,4.98,23,43,52,47,LOW,,CLEAR,BLUE,2-Very minor aesthetic problems
19016900,08/06/2011,11,NO,3.3,,,43,,,NORMAL,,MURKY,BLUE,2-Very minor aesthetic problems
19016900,08/14/2011,9.25,NO,2.8,,,45,,,NORMAL,0,CLEAR,BLUE,2-Very minor aesthetic problems
71165775,08/14/2011,9.25,NO,2.8,,,45,,,NORMAL,,CLEAR,BLUE,2-Very minor aesthetic problems
19016900,08/20/2011,,,,6.51,22,,52,49,,,,,
19016900,08/21/2011,9.5,NO,2.9,,,45,,,NORMAL,,CLEAR,BLUE,2-Very minor aesthetic problems
71165775,08/21/2011,9.5,NO,2.9,,,45,,,NORMAL,,CLEAR,BLUE,2-Very minor aesthetic problems
19016900,08/28/2011,10,NO,3,,,44,,,NORMAL,,CLEAR,BLUE,2-Very minor aesthetic problems
71165775,08/28/2011,12,NO,3.6,,,41,,,LOW,,CLEAR,BLUE,2-Very minor aesthetic problems
19016900,09/07/2011,12,NO,3.6,,,41,,,NORMAL,,CLEAR,BLUE,2-Very minor aesthetic problems
71165775,09/07/2011,10.5,NO,3.2,,,43,,,LOW,,CLEAR,BLUE,2-Very minor aesthetic problems
19016900,10/02/2011,11,NO,3.3,,,43,,,NORMAL,,CLEAR,BLUE,2-Very minor aesthetic problems
71165775,05/25/2012,16,NO,4.9,,,37,,,NORMAL,,CLEAR,BLUE,2-Very minor aesthetic problems
71165775,06/03/2012,14,NO,4.3,,,39,,,NORMAL,,CLEAR,BLUE,2-Very minor aesthetic problems
71165775,06/11/2012,12.5,NO,3.8,,,41,,,NORMAL,,CLEAR,BLUE,2-Very minor aesthetic problems
71165775,06/17/2012,10.5,NO,3.2,,,43,,,NORMAL,,CLEAR,BLUE,2-Very minor aesthetic problems
71165775,06/30/2012,13.5,NO,4.1,,,40,,,NORMAL,,CLEAR,BLUE,2-Very minor aesthetic problems
71165775,07/07/2012,15,NO,4.6,,,38,,,NORMAL,,CLEAR,BLUE,2-Very minor aesthetic problems
71165775,07/15/2012,14.5,NO,4.4,,,39,,,NORMAL,,CLEAR,BLUE,2-Very minor aesthetic problems
71165775,07/29/2012,9.5,NO,2.9,,,45,,,NORMAL,,CLEAR,BLUE,2-Very minor aesthetic problems
71165775,07/31/2012,11,NO,3.3,,,43,,,NORMAL,,CLEAR,BLUE,2-Very minor aesthetic problems
71165775,08/11/2012,10.5,NO,3.2,,,43,,,LOW,,CLEAR,BLUE,2-Very minor aesthetic problems
71165775,08/19/2012,12,NO,3.6,,,41,,,LOW,,CLEAR,BLUE,2-Very minor aesthetic problems
71165775,09/02/2012,10.5,NO,3.2,,,43,,,LOW,,CLEAR,BLUE,2-Very minor aesthetic problems
71165775,09/07/2012,12,NO,3.6,,,41,,,NORMAL,,CLEAR,BLUE,2-Very minor aesthetic problems
71165775,09/16/2012,11,NO,3.3,,,43,,,LOW,,CLEAR,BLUE,2-Very minor aesthetic problems
71165775,09/18/2012,12,NO,3.6,,,41,,,LOW,,CLEAR,BLUE,2-Very minor aesthetic problems
71165775,09/30/2012,9.5,NO,2.9,,,45,,,LOW,,MURKY,BLUE,2-Very minor aesthetic problems
71165775,10/13/2012,13.5,NO,4.1,,,40,,,LOW,,CLEAR,BLUE,2-Very minor aesthetic problems
71165775,10/16/2012,16,NO,4.9,,,37,,,LOW,,CLEAR,BLUE,2-Very minor aesthetic problems
71165755,05/27/2013,18,NO,5.5,,,35,,,NORMAL,,CLEAR,BLUE,1-Beautiful, could not be nicer
71165755,06/02/2013,20,NO,6.1,,,34,,,NORMAL,,CLEAR,BLUE,1-Beautiful, could not be nicer
71165755,06/08/2013,16,NO,4.9,,,37,,,NORMAL,,CLEAR,BLUE,1-Beautiful, could not be nicer
71165755,06/16/2013,15,NO,4.6,,,38,,,NORMAL,,CLEAR,BLUE,1-Beautiful, could not be nicer
71165755,06/23/2013,13.5,NO,4.1,,,40,,,NORMAL,,CLEAR,BLUE,1-Beautiful, could not be nicer
19016900,06/30/2013,14,NO,4.3,3.16,12.7,39,48,43,NORMAL,,CLEAR,BLUE,1-Beautiful, could not be nicer
19016900,07/07/2013,11,NO,3.3,,,43,,,NORMAL,,CLEAR,BLUE,2-Very minor aesthetic problems
71165755,07/14/2013,12.5,NO,3.8,,,41,,,NORMAL,,CLEAR,BLUE,1-Beautiful, could not be nicer
71165755,07/20/2013,12,NO,3.6,,,41,,,NORMAL,,CLEAR,BLUE,1-Beautiful, could not be nicer
19016900,07/28/2013,10,NO,3,7.35,19.5,44,51,50,LOW,,,BLUE,2-Very minor aesthetic problems
71165755,07/28/2013,10,NO,3,,,44,,,NORMAL,,CLEAR,BLUE,1-Beautiful, could not be nicer
71165755,08/10/2013,10.5,NO,3.2,,,43,,,NORMAL,,CLEAR,BLUE,1-Beautiful, could not be nicer
71165755,08/31/2013,9.5,NO,2.9,,,45,,,NORMAL,,CLEAR,BLUE,1-Beautiful, could not be nicer
71165755,09/10/2013,9,NO,2.7,,,45,,,NORMAL,,CLEAR,BLUE,1-Beautiful, could not be nicer
71165755,09/29/2013,10.5,NO,3.2,,,43,,,NORMAL,,CLEAR,BLUE,1-Beautiful, could not be nicer
71165755,10/13/2013,10,NO,3,,,44,,,NORMAL,,CLEAR,BLUE,1-Beautiful, could not be nicer
71165755,10/27/2013,13,NO,4,,,40,,,NORMAL,,CLEAR,BLUE,1-Beautiful, could not be nicer
71165775,06/22/2014,14,NO,4.3,,,39,,,NORMAL,,CLEAR,BLUE,1-Beautiful, could not be nicer
71165775,06/29/2014,9.5,NO,2.9,,,45,,,NORMAL,,CLEAR,BLUE,1-Beautiful, could not be nicer
71165775,07/13/2014,11,NO,3.3,,,43,,,NORMAL,,CLEAR,BLUE,1-Beautiful, could not be nicer
71165775,07/27/2014,8.5,NO,2.6,,,46,,,NORMAL,,CLEAR,BLUE,1-Beautiful, could not be nicer
19016900,08/05/2014,,,,3.86,24.7,,53,45,,,,,
71165775,08/16/2014,9,NO,2.7,,,45,,,NORMAL,,CLEAR,BLUE,1-Beautiful, could not be nicer
71165775,08/30/2014,9.5,NO,2.9,,,45,,,NORMAL,,CLEAR,BLUE,1-Beautiful, could not be nicer
71165775,09/01/2014,12.5,NO,3.8,,,41,,,NORMAL,,CLEAR,BLUE,1-Beautiful, could not be nicer
71165775,09/07/2014,10,NO,3,,,44,,,NORMAL,,CLEAR,BLUE,1-Beautiful, could not be nicer
71165775,05/03/2015,20,NO,6.1,,,34,,,NORMAL,,CLEAR,BLUE,1-Beautiful, could not be nicer
71165775,05/30/2015,17,NO,5.2,,,36,,,NORMAL,,CLEAR,BLUE,1-Beautiful, could not be nicer
19016900,06/07/2015,14,NO,4.3,,,39,,,NORMAL,,CLEAR,BLUE,2-Very minor aesthetic problems
71165775,06/07/2015,17.5,NO,5.3,,,36,,,NORMAL,,CLEAR,BLUE,1-Beautiful, could not be nicer
19016900,06/14/2015,13.5,NO,4.1,,,40,,,NORMAL,,CLEAR,GREEN,2-Very minor aesthetic problems
71165775,06/14/2015,17,NO,5.2,,,36,,,NORMAL,,CLEAR,BLUE,1-Beautiful, could not be nicer
19016900,06/21/2015,13.5,NO,4.1,,19.2,40,51,,NORMAL,,CLEAR,GREEN,2-Very minor aesthetic problems
71165775,06/21/2015,12.5,NO,3.8,,,41,,,NORMAL,,CLEAR,BLUE,1-Beautiful, could not be nicer
19016900,06/27/2015,19.5,NO,5.9,,,34,,,NORMAL,,CLEAR,GREEN,2-Very minor aesthetic problems
71165755,07/05/2015,12,NO,3.6,,,41,,,NORMAL,,CLEAR,BLUE,1-Beautiful, could not be nicer
19016900,07/09/2015,14.5,NO,4.4,,,39,,,NORMAL,,CLEAR,GREEN,2-Very minor aesthetic problems
71165755,07/10/2015,11,NO,3.3,,,43,,,NORMAL,,CLEAR,BLUE,1-Beautiful, could not be nicer
71165755,07/19/2015,11,NO,3.3,,,43,,,NORMAL,,CLEAR,BLUE,1-Beautiful, could not be nicer
19016900,07/25/2015,12,NO,3.6,,,41,,,NORMAL,,MURKY,GREEN,2-Very minor aesthetic problems
71165755,07/25/2015,11,NO,3.3,,,43,,,NORMAL,,CLEAR,BLUE,1-Beautiful, could not be nicer
19016900,07/26/2015,12,NO,3.6,2.75,15.3,41,49,42,NORMAL,,CLEAR,GREEN,2-Very minor aesthetic problems
19016900,08/05/2015,15,NO,4.6,,,38,,,LOW,,CLEAR,GREEN,2-Very minor aesthetic problems
71165775,08/09/2015,11,NO,3.3,,,43,,,NORMAL,,CLEAR,BLUE,1-Beautiful, could not be nicer
19016900,08/15/2015,13,NO,4,,,40,,,NORMAL,,CLEAR,GREEN,1-Beautiful, could not be nicer
71165775,08/30/2015,10,NO,3,,,44,,,NORMAL,,CLEAR,BLUE,1-Beautiful, could not be nicer
71165775,09/07/2015,,NO,,,,,,,NORMAL,,CLEAR,BLUE,1-Beautiful, could not be nicer
71165775,09/12/2015,13,NO,4,,,40,,,NORMAL,,CLEAR,BLUE,1-Beautiful, could not be nicer
71165775,10/24/2015,12,NO,3.6,,,41,,,HIGH,,CLEAR,BLUE,1-Beautiful, could not be nicer
71165775,05/30/2016,18,NO,5.5,,,35,,,NORMAL,,CLEAR,BLUE,1-Beautiful, could not be nicer
19016900,06/16/2016,17,NO,5.2,,,36,,,LOW,,CLEAR,GREEN,1-Beautiful, could not be nicer
71165775,06/18/2016,16,NO,4.9,,,37,,,NORMAL,,CLEAR,BLUE,1-Beautiful, could not be nicer
19016900,07/02/2016,11,NO,3.3,,,43,,,NORMAL,,MURKY,GREEN,2-Very minor aesthetic problems
71165775,07/16/2016,12,NO,3.6,,,41,,,NORMAL,,CLEAR,BLUE,1-Beautiful, could not be nicer
19016900,07/22/2016,13.5,NO,4.1,,,40,,,NORMAL,,CLEAR,GREEN,2-Very minor aesthetic problems
19016900,08/07/2016,10.5,NO,3.2,,,43,,,NORMAL,,MURKY,GREEN,2-Very minor aesthetic problems
71165775,08/07/2016,11,NO,3.3,,,43,,,NORMAL,,CLEAR,BLUE,1-Beautiful, could not be nicer
71165775,08/14/2016,11,NO,3.3,,,43,,,NORMAL,,CLEAR,BLUE,1-Beautiful, could not be nicer
71165775,08/28/2016,10,NO,3,,,44,,,NORMAL,,CLEAR,BLUE,1-Beautiful, could not be nicer
71165775,10/01/2016,11,NO,3.3,,,43,,,NORMAL,11,CLEAR,BLUE,1-Beautiful, could not be nicer
71165775,05/07/2017,17,NO,5.2,,,36,,,NORMAL,,CLEAR,BLUE,1-Beautiful, could not be nicer
19016900,06/04/2017,17.5,NO,5.3,,,36,,,NORMAL,,CLEAR,GREEN,1-Beautiful, could not be nicer
19016900,06/18/2017,10,NO,3,11.9,30,44,54,54,LOW,,MURKY,GREEN,2-Very minor aesthetic problems
19016900,07/03/2017,11.5,NO,3.5,,,42,,,LOW,,MURKY,GREEN,2-Very minor aesthetic problems
153282758,07/22/2017,,,,5.3,26.8,,54,47,,,,,
19016900,07/23/2017,8.5,NO,2.6,,,46,,,NORMAL,,MURKY,GREEN,2-Very minor aesthetic problems
19016900,09/03/2017,6.5,NO,2,,,50,,,NORMAL,,MURKY,GREEN,3-Enjoyment somewhat impaired (algae)
71165775,10/07/2017,12,NO,3.6,,,41,,,NORMAL,,CLEAR,BLUE,1-Beautiful, could not be nicer
71165775,10/22/2017,14,NO,4.3,,,39,,,NORMAL,,CLEAR,BLUE,1-Beautiful, could not be nicer



Start Date,Depth,Depth Units,Temperature,Temperature Units,Dissolved Oxygen,Dissolved Oxygen Units
09/15/1993,1,FEET,61,DEGREES F,,
09/15/1993,10,FEET,61,DEGREES F,,
09/15/1993,20,FEET,61,DEGREES F,,
09/15/1993,30,FEET,61,DEGREES F,,
09/15/1993,40,FEET,58,DEGREES F,,
09/15/1993,48,FEET,57,DEGREES F,,
09/15/1993,53,FEET,52,DEGREES F,,
09/15/1993,56,FEET,51,DEGREES F,,
11/03/1993,1,FEET,42,DEGREES F,,
11/03/1993,10,FEET,42,DEGREES F,,
11/03/1993,20,FEET,42,DEGREES F,,
11/03/1993,30,FEET,42,DEGREES F,,
11/03/1993,40,FEET,42,DEGREES F,,
11/03/1993,50,FEET,42,DEGREES F,,
11/03/1993,56,FEET,42,DEGREES F,,
05/18/1994,1,FEET,65,DEGREES F,,
05/18/1994,10,FEET,63,DEGREES F,,
05/18/1994,20,FEET,60,DEGREES F,,
05/18/1994,30,FEET,55,DEGREES F,,
05/18/1994,40,FEET,51,DEGREES F,,
05/18/1994,50,FEET,49,DEGREES F,,
05/18/1994,61,FEET,48,DEGREES F,,
07/06/1994,1,FEET,81,DEGREES F,,
07/06/1994,10,FEET,75,DEGREES F,,
07/06/1994,20,FEET,72,DEGREES F,,
07/06/1994,30,FEET,62,DEGREES F,,
07/06/1994,40,FEET,55,DEGREES F,,
07/06/1994,50,FEET,52,DEGREES F,,
07/06/1994,60,FEET,52,DEGREES F,,
08/24/1994,3,FEET,74,DEGREES F,,
08/24/1994,10,FEET,72,DEGREES F,,
08/24/1994,20,FEET,71,DEGREES F,,
08/24/1994,30,FEET,65,DEGREES F,,
08/24/1994,40,FEET,54,DEGREES F,,
08/24/1994,50,FEET,53,DEGREES F,,
08/24/1994,59,FEET,52,DEGREES F,,
08/24/1994,,,74,C,,
11/04/1994,3,FEET,47,DEGREES F,,
11/04/1994,10,FEET,47,DEGREES F,,
11/04/1994,20,FEET,47,DEGREES F,,
11/04/1994,30,FEET,47,DEGREES F,,
11/04/1994,40,FEET,47,DEGREES F,,
11/04/1994,50,FEET,47,DEGREES F,,
11/04/1994,57,FEET,47,DEGREES F,,
05/30/1995,1,FEET,62,DEGREES F,,
05/30/1995,10,FEET,61,DEGREES F,,
05/30/1995,20,FEET,59,DEGREES F,,
05/30/1995,30,FEET,58,DEGREES F,,
05/30/1995,40,FEET,51,DEGREES F,,
05/30/1995,50,FEET,47,DEGREES F,,
05/30/1995,57,FEET,47,DEGREES F,,
06/20/1995,1,FEET,85,DEGREES F,,
06/20/1995,10,FEET,80,DEGREES F,,
06/20/1995,20,FEET,61,DEGREES F,,
06/20/1995,30,FEET,57,DEGREES F,,
06/20/1995,40,FEET,51,DEGREES F,,
06/20/1995,50,FEET,48,DEGREES F,,
06/20/1995,60,FEET,47,DEGREES F,,
06/20/1995,64,FEET,46,DEGREES F,,
07/24/1995,1,FEET,80,DEGREES F,,
07/24/1995,10,FEET,78,DEGREES F,,
07/24/1995,20,FEET,71,DEGREES F,,
07/24/1995,30,FEET,60,DEGREES F,,
07/24/1995,40,FEET,52,DEGREES F,,
07/24/1995,50,FEET,50,DEGREES F,,
07/24/1995,60,FEET,49,DEGREES F,,
07/24/1995,62,FEET,49,DEGREES F,,
08/23/1995,1,FEET,81,DEGREES F,,
08/23/1995,10,FEET,79,DEGREES F,,
08/23/1995,20,FEET,75,DEGREES F,,
08/23/1995,30,FEET,56,DEGREES F,,
08/23/1995,40,FEET,51,DEGREES F,,
08/23/1995,50,FEET,50,DEGREES F,,
08/23/1995,58,FEET,49,DEGREES F,,
10/30/1995,1,FEET,46,DEGREES F,,
10/30/1995,10,FEET,46,DEGREES F,,
10/30/1995,20,FEET,46,DEGREES F,,
10/30/1995,30,FEET,46,DEGREES F,,
10/30/1995,40,FEET,46,DEGREES F,,
10/30/1995,46,FEET,46,DEGREES F,,
07/01/1996,3,FEET,78,DEGREES F,,
07/01/1996,5,FEET,78,DEGREES F,,
07/01/1996,10,FEET,77,DEGREES F,,
07/01/1996,15,FEET,73,DEGREES F,,
07/01/1996,20,FEET,67,DEGREES F,,
07/01/1996,30,FEET,57,DEGREES F,,
07/01/1996,40,FEET,49,DEGREES F,,
07/01/1996,50,FEET,47,DEGREES F,,
07/01/1996,60,FEET,47,DEGREES F,,
08/02/1996,3,FEET,77,DEGREES F,,
08/02/1996,5,FEET,75,DEGREES F,,
08/02/1996,10,FEET,73,DEGREES F,,
08/02/1996,15,FEET,72,DEGREES F,,
08/02/1996,20,FEET,70,DEGREES F,,
08/02/1996,30,FEET,53,DEGREES F,,
08/02/1996,40,FEET,50,DEGREES F,,
08/02/1996,50,FEET,50,DEGREES F,,
08/02/1996,57,FEET,49,DEGREES F,,
11/05/1996,3,FEET,41,DEGREES F,,
11/05/1996,5,FEET,41,DEGREES F,,
11/05/1996,10,FEET,41,DEGREES F,,
11/05/1996,15,FEET,41,DEGREES F,,
11/05/1996,20,FEET,41,DEGREES F,,
11/05/1996,30,FEET,41,DEGREES F,,
11/05/1996,40,FEET,41,DEGREES F,,
11/05/1996,50,FEET,41,DEGREES F,,
11/05/1996,60,FEET,41,DEGREES F,,
07/11/1997,0,FEET,71,DEGREES F,,
07/11/1997,5,FEET,71,DEGREES F,,
07/11/1997,10,FEET,71,DEGREES F,,
07/11/1997,15,FEET,71,DEGREES F,,
07/11/1997,20,FEET,67,DEGREES F,,
07/11/1997,30,FEET,59,DEGREES F,,
07/11/1997,40,FEET,54,DEGREES F,,
07/11/1997,50,FEET,52,DEGREES F,,
07/11/1997,64,FEET,52,DEGREES F,,
09/12/1997,0,FEET,71,DEGREES F,,
09/12/1997,5,FEET,71,DEGREES F,,
09/12/1997,10,FEET,70,DEGREES F,,
09/12/1997,15,FEET,70,DEGREES F,,
09/12/1997,20,FEET,69,DEGREES F,,
09/12/1997,30,FEET,59,DEGREES F,,
09/12/1997,40,FEET,54,DEGREES F,,
09/12/1997,50,FEET,53,DEGREES F,,
09/12/1997,62,FEET,53,DEGREES F,,
10/01/1997,0,FEET,61,DEGREES F,,
10/01/1997,5,FEET,61,DEGREES F,,
10/01/1997,10,FEET,61,DEGREES F,,
10/01/1997,15,FEET,61,DEGREES F,,
10/01/1997,20,FEET,60,DEGREES F,,
10/01/1997,30,FEET,60,DEGREES F,,
10/01/1997,40,FEET,55,DEGREES F,,
10/01/1997,50,FEET,54,DEGREES F,,
10/01/1997,60,FEET,54,DEGREES F,,
10/01/1997,63,FEET,54,DEGREES F,,
07/07/1998,3,FEET,77,DEGREES F,,
07/07/1998,5,FEET,76,DEGREES F,,
07/07/1998,10,FEET,77,DEGREES F,,
07/07/1998,15,FEET,75,DEGREES F,,
07/07/1998,20,FEET,70,DEGREES F,,
07/07/1998,30,FEET,59,DEGREES F,,
07/07/1998,40,FEET,53,DEGREES F,,
07/07/1998,50,FEET,52,DEGREES F,,
07/07/1998,60,FEET,51,DEGREES F,,
09/14/1998,3,FEET,73,DEGREES F,,
09/14/1998,5,FEET,73,DEGREES F,,
09/14/1998,10,FEET,72,DEGREES F,,
09/14/1998,15,FEET,71,DEGREES F,,
09/14/1998,20,FEET,70,DEGREES F,,
09/14/1998,30,FEET,61,DEGREES F,,
09/14/1998,40,FEET,54,DEGREES F,,
09/14/1998,50,FEET,54,DEGREES F,,
09/14/1998,60,FEET,51,DEGREES F,,
10/14/1998,3,FEET,54,DEGREES F,,
10/14/1998,5,FEET,54,DEGREES F,,
10/14/1998,10,FEET,54,DEGREES F,,
10/14/1998,15,FEET,54,DEGREES F,,
10/14/1998,20,FEET,54,DEGREES F,,
10/14/1998,30,FEET,54,DEGREES F,,
10/14/1998,40,FEET,54,DEGREES F,,
10/14/1998,50,FEET,54,DEGREES F,,
10/14/1998,58,FEET,54,DEGREES F,,
06/30/1999,3,FEET,74,DEGREES F,,
06/30/1999,5,FEET,74,DEGREES F,,
06/30/1999,10,FEET,74,DEGREES F,,
06/30/1999,15,FEET,74,DEGREES F,,
06/30/1999,20,FEET,67,DEGREES F,,
06/30/1999,30,FEET,55,DEGREES F,,
06/30/1999,40,FEET,50,DEGREES F,,
06/30/1999,50,FEET,51,DEGREES F,,
06/30/1999,60,FEET,49,DEGREES F,,
08/02/1999,3,FEET,80,DEGREES F,,
08/02/1999,5,FEET,80,DEGREES F,,
08/02/1999,10,FEET,80,DEGREES F,,
08/02/1999,15,FEET,78,DEGREES F,,
08/02/1999,20,FEET,76,DEGREES F,,
08/02/1999,30,FEET,59,DEGREES F,,
08/02/1999,40,FEET,53,DEGREES F,,
08/02/1999,50,FEET,51,DEGREES F,,
08/02/1999,60,FEET,50,DEGREES F,,
09/16/1999,3,FEET,65,DEGREES F,,
09/16/1999,5,FEET,64,DEGREES F,,
09/16/1999,10,FEET,64,DEGREES F,,
09/16/1999,15,FEET,63,DEGREES F,,
09/16/1999,20,FEET,63,DEGREES F,,
09/16/1999,30,FEET,61,DEGREES F,,
09/16/1999,40,FEET,55,DEGREES F,,
09/16/1999,50,FEET,53,DEGREES F,,
09/16/1999,60,FEET,53,DEGREES F,,
10/20/1999,3,FEET,51,DEGREES F,,
10/20/1999,5,FEET,52,DEGREES F,,
10/20/1999,10,FEET,52,DEGREES F,,
10/20/1999,15,FEET,52,DEGREES F,,
10/20/1999,20,FEET,52,DEGREES F,,
10/20/1999,30,FEET,52,DEGREES F,,
10/20/1999,40,FEET,52,DEGREES F,,
10/20/1999,50,FEET,51,DEGREES F,,
10/20/1999,60,FEET,51,DEGREES F,,
10/20/1999,62,FEET,51,DEGREES F,,
07/25/2000,1,FEET,75,DEGREES F,,
07/25/2000,5,FEET,75,DEGREES F,,
07/25/2000,10,FEET,75,DEGREES F,,
07/25/2000,15,FEET,75,DEGREES F,,
07/25/2000,20,FEET,74,DEGREES F,,
07/25/2000,30,FEET,66,DEGREES F,,
07/25/2000,35,FEET,60,DEGREES F,,
07/25/2000,40,FEET,54,DEGREES F,,
07/25/2000,50,FEET,54,DEGREES F,,
07/25/2000,55,FEET,51,DEGREES F,,
08/29/2000,1,FEET,74,DEGREES F,,
08/29/2000,5,FEET,74,DEGREES F,,
08/29/2000,10,FEET,73,DEGREES F,,
08/29/2000,15,FEET,73,DEGREES F,,
08/29/2000,20,FEET,72,DEGREES F,,
08/29/2000,30,FEET,62,DEGREES F,,
08/29/2000,40,FEET,46,DEGREES F,,
08/29/2000,50,FEET,53,DEGREES F,,
08/29/2000,60,FEET,51,DEGREES F,,
10/10/2000,1,FEET,54,DEGREES F,,
10/10/2000,5,FEET,54,DEGREES F,,
10/10/2000,10,FEET,53,DEGREES F,,
10/10/2000,15,FEET,53,DEGREES F,,
10/10/2000,20,FEET,53,DEGREES F,,
10/10/2000,30,FEET,53,DEGREES F,,
10/10/2000,40,FEET,53,DEGREES F,,
10/10/2000,50,FEET,53,DEGREES F,,
05/15/2001,5,FEET,66,DEGREES F,,
05/15/2001,10,FEET,64,DEGREES F,,
05/15/2001,20,FEET,61,DEGREES F,,
05/15/2001,30,FEET,59,DEGREES F,,
05/15/2001,40,FEET,55,DEGREES F,,
05/15/2001,50,FEET,47,DEGREES F,,
05/20/2002,5,FEET,55,DEGREES F,,
05/20/2002,10,FEET,55,DEGREES F,,
05/20/2002,15,FEET,55,DEGREES F,,
05/20/2002,20,FEET,55,DEGREES F,,
05/20/2002,25,FEET,54,DEGREES F,,
05/20/2002,30,FEET,52,DEGREES F,,
05/20/2002,40,FEET,50,DEGREES F,,
05/20/2002,50,FEET,50,DEGREES F,,
06/17/2002,40,FEET,54,DEGREES F,,
06/17/2002,50,FEET,52,DEGREES F,,
08/26/2002,5,FEET,74,DEGREES F,,
08/26/2002,10,FEET,72,DEGREES F,,
08/26/2002,15,FEET,70,DEGREES F,,
08/26/2002,20,FEET,70,DEGREES F,,
08/26/2002,25,FEET,66,DEGREES F,,
08/26/2002,30,FEET,58,DEGREES F,,
08/26/2002,40,FEET,52,DEGREES F,,
08/26/2002,50,FEET,51,DEGREES F,,
10/16/2002,5,FEET,50,DEGREES F,,
10/16/2002,10,FEET,50,DEGREES F,,
10/16/2002,15,FEET,50,DEGREES F,,
10/16/2002,20,FEET,50,DEGREES F,,
10/16/2002,25,FEET,50,DEGREES F,,
10/16/2002,30,FEET,50,DEGREES F,,
10/16/2002,40,FEET,50,DEGREES F,,
10/16/2002,50,FEET,50,DEGREES F,,
05/16/2003,5,FEET,57,DEGREES F,8,MG/L
05/16/2003,15,FEET,56,DEGREES F,8,MG/L
05/16/2003,30,FEET,53,DEGREES F,6,MG/L
05/16/2003,35,FEET,51,DEGREES F,5,MG/L
05/16/2003,40,FEET,50,DEGREES F,5,MG/L
05/16/2003,45,FEET,46,DEGREES F,5,MG/L
06/30/2003,0,FEET,72,DEGREES F,,
06/30/2003,5,FEET,72,DEGREES F,8,MG/L
06/30/2003,10,FEET,70,DEGREES F,8,MG/L
06/30/2003,15,FEET,70,DEGREES F,8,MG/L
06/30/2003,20,FEET,64,DEGREES F,6,MG/L
06/30/2003,30,FEET,57,DEGREES F,4,MG/L
06/30/2003,35,FEET,51,DEGREES F,2.5,MG/L
06/30/2003,40,FEET,50,DEGREES F,2,MG/L
06/30/2003,45,FEET,50,DEGREES F,,
06/30/2003,50,FEET,50,DEGREES F,2,MG/L
07/28/2003,0,FEET,76,DEGREES F,,
07/28/2003,5,FEET,76,DEGREES F,8,MG/L
07/28/2003,10,FEET,75,DEGREES F,8,MG/L
07/28/2003,15,FEET,74,DEGREES F,8,MG/L
07/28/2003,20,FEET,70,DEGREES F,3,MG/L
07/28/2003,30,FEET,57,DEGREES F,1,MG/L
07/28/2003,35,FEET,53,DEGREES F,1,MG/L
07/28/2003,40,FEET,51,DEGREES F,1,MG/L
07/28/2003,45,FEET,51,DEGREES F,1,MG/L
07/28/2003,50,FEET,50,DEGREES F,1,MG/L
08/25/2003,0,FEET,77.3,DEGREES F,,
08/25/2003,5,FEET,77,DEGREES F,8,MG/L
08/25/2003,10,FEET,77,DEGREES F,8,MG/L
08/25/2003,15,FEET,75,DEGREES F,6,MG/L
08/25/2003,20,FEET,73,DEGREES F,3,MG/L
08/25/2003,30,FEET,54.8,DEGREES F,1,MG/L
08/25/2003,35,FEET,52.1,DEGREES F,,
08/25/2003,40,FEET,51,DEGREES F,1,MG/L
08/25/2003,45,FEET,50.3,DEGREES F,,
08/25/2003,50,FEET,50.1,DEGREES F,1,MG/L
10/14/2003,0,FEET,55.5,DEGREES F,,
10/14/2003,5,FEET,55.5,DEGREES F,8,MG/L
10/14/2003,10,FEET,55.4,DEGREES F,8,MG/L
10/14/2003,15,FEET,55.2,DEGREES F,8,MG/L
10/14/2003,20,FEET,53.9,DEGREES F,6,MG/L
10/14/2003,30,FEET,51.9,DEGREES F,5,MG/L
10/14/2003,35,FEET,51.8,DEGREES F,5,MG/L
10/14/2003,40,FEET,51.8,DEGREES F,5,MG/L
10/14/2003,45,FEET,51.8,DEGREES F,5,MG/L
10/14/2003,50,FEET,51.8,DEGREES F,5,MG/L
06/01/2004,5,FEET,58.1,DEGREES F,8,MG/L
06/01/2004,10,FEET,57.9,DEGREES F,8,MG/L
06/01/2004,15,FEET,57.9,DEGREES F,8,MG/L
06/01/2004,20,FEET,57.7,DEGREES F,8,MG/L
06/01/2004,25,FEET,57,DEGREES F,8,MG/L
06/01/2004,30,FEET,56.5,DEGREES F,8,MG/L
06/01/2004,35,FEET,56.1,DEGREES F,6,MG/L
06/01/2004,40,FEET,55.4,DEGREES F,6,MG/L
06/01/2004,45,FEET,54.6,DEGREES F,6,MG/L
06/01/2004,50,FEET,54.6,DEGREES F,5,MG/L
06/28/2004,5,FEET,64.7,DEGREES F,8,MG/L
06/28/2004,10,FEET,64.5,DEGREES F,8,MG/L
06/28/2004,15,FEET,64.2,DEGREES F,8,MG/L
06/28/2004,20,FEET,63.8,DEGREES F,8,MG/L
06/28/2004,25,FEET,62.4,DEGREES F,6,MG/L
06/28/2004,30,FEET,57.9,DEGREES F,4,MG/L
06/28/2004,35,FEET,56.1,DEGREES F,3,MG/L
06/28/2004,40,FEET,55.4,DEGREES F,2,MG/L
06/28/2004,45,FEET,55.2,DEGREES F,2,MG/L
06/28/2004,50,FEET,55.2,DEGREES F,1,MG/L
07/19/2004,5,FEET,76.2,DEGREES F,8,MG/L
07/19/2004,10,FEET,75.9,DEGREES F,8,MG/L
07/19/2004,15,FEET,71.4,DEGREES F,7,MG/L
07/19/2004,20,FEET,66.7,DEGREES F,6,MG/L
07/19/2004,25,FEET,62.4,DEGREES F,3,MG/L
07/19/2004,30,FEET,58.8,DEGREES F,1,MG/L
07/19/2004,35,FEET,55.7,DEGREES F,1,MG/L
07/19/2004,40,FEET,55.2,DEGREES F,1,MG/L
07/19/2004,45,FEET,55,DEGREES F,1,MG/L
07/19/2004,50,FEET,54.8,DEGREES F,1,MG/L
08/23/2004,5,FEET,66.3,DEGREES F,8,MG/L
08/23/2004,10,FEET,66.2,DEGREES F,8,MG/L
08/23/2004,15,FEET,66.2,DEGREES F,8,MG/L
08/23/2004,20,FEET,66.2,DEGREES F,6,MG/L
08/23/2004,25,FEET,65,DEGREES F,3.5,MG/L
08/23/2004,30,FEET,65.6,DEGREES F,3,MG/L
08/23/2004,35,FEET,65.6,DEGREES F,1,MG/L
08/23/2004,40,FEET,57.2,DEGREES F,1,MG/L
08/23/2004,45,FEET,54.8,DEGREES F,1,MG/L
08/23/2004,50,FEET,54.6,DEGREES F,1,MG/L
10/10/2004,5,FEET,57.2,DEGREES F,8,MG/L
10/10/2004,10,FEET,57,DEGREES F,8,MG/L
10/10/2004,15,FEET,56.8,DEGREES F,8,MG/L
10/10/2004,20,FEET,56.8,DEGREES F,8,MG/L
10/10/2004,25,FEET,56.6,DEGREES F,8,MG/L
10/10/2004,30,FEET,56.4,DEGREES F,8,MG/L
10/10/2004,35,FEET,56.3,DEGREES F,8,MG/L
10/10/2004,40,FEET,56.1,DEGREES F,8,MG/L
10/10/2004,45,FEET,55.9,DEGREES F,8,MG/L
10/10/2004,50,FEET,55.9,DEGREES F,8,MG/L
05/24/2005,5,FEET,57.2,DEGREES F,8,MG/L
05/24/2005,20,FEET,55.5,DEGREES F,8,MG/L
05/24/2005,25,FEET,54.8,DEGREES F,8,MG/L
05/24/2005,30,FEET,53.4,DEGREES F,8,MG/L
05/24/2005,35,FEET,51.9,DEGREES F,8,MG/L
05/24/2005,40,FEET,51,DEGREES F,8,MG/L
05/24/2005,50,FEET,50.3,DEGREES F,8,MG/L
06/21/2005,5,FEET,72.8,DEGREES F,6,MG/L
06/21/2005,20,FEET,61.8,DEGREES F,6,MG/L
06/21/2005,25,FEET,56.4,DEGREES F,5,MG/L
06/21/2005,30,FEET,54.6,DEGREES F,4,MG/L
06/21/2005,35,FEET,53,DEGREES F,3,MG/L
06/21/2005,40,FEET,52.1,DEGREES F,2,MG/L
06/21/2005,50,FEET,51.8,DEGREES F,2,MG/L
07/27/2005,5,FEET,73.7,DEGREES F,5,MG/L
07/27/2005,20,FEET,69,DEGREES F,3,MG/L
07/27/2005,25,FEET,58.8,DEGREES F,1,MG/L
07/27/2005,30,FEET,54.8,DEGREES F,1,MG/L
07/27/2005,35,FEET,53,DEGREES F,1,MG/L
07/27/2005,40,FEET,52.3,DEGREES F,1,MG/L
07/27/2005,50,FEET,51.8,DEGREES F,1,MG/L
08/16/2005,5,FEET,73.5,DEGREES F,8,MG/L
08/16/2005,20,FEET,71.4,DEGREES F,4,MG/L
08/16/2005,25,FEET,60.9,DEGREES F,1,MG/L
08/16/2005,30,FEET,54.5,DEGREES F,1,MG/L
08/16/2005,35,FEET,52.8,DEGREES F,1,MG/L
08/16/2005,40,FEET,52.3,DEGREES F,1,MG/L
08/16/2005,50,FEET,52.1,DEGREES F,1,MG/L
10/10/2005,5,FEET,56.1,DEGREES F,8,MG/L
10/10/2005,20,FEET,55.9,DEGREES F,8,MG/L
10/10/2005,25,FEET,55.7,DEGREES F,8,MG/L
10/10/2005,30,FEET,55.4,DEGREES F,8,MG/L
10/10/2005,35,FEET,55.4,DEGREES F,7,MG/L
10/10/2005,40,FEET,55.2,DEGREES F,6,MG/L
10/10/2005,50,FEET,54.6,DEGREES F,5,MG/L
05/30/2006,5,FEET,73.2,DEGREES F,8,MG/L
05/30/2006,10,FEET,71,DEGREES F,8,MG/L
05/30/2006,15,FEET,65.4,DEGREES F,8,MG/L
05/30/2006,20,FEET,59.3,DEGREES F,8,MG/L
05/30/2006,25,FEET,56.6,DEGREES F,8,MG/L
05/30/2006,30,FEET,55.4,DEGREES F,6,MG/L
05/30/2006,35,FEET,54.8,DEGREES F,6,MG/L
05/30/2006,40,FEET,54.3,DEGREES F,5,MG/L
05/30/2006,45,FEET,53.7,DEGREES F,4.5,MG/L
05/30/2006,50,FEET,53.4,DEGREES F,4,MG/L
06/26/2006,5,FEET,73.2,DEGREES F,8,MG/L
06/26/2006,10,FEET,72.8,DEGREES F,8,MG/L
06/26/2006,15,FEET,71,DEGREES F,8,MG/L
06/26/2006,20,FEET,65.6,DEGREES F,6,MG/L
06/26/2006,25,FEET,58.4,DEGREES F,5,MG/L
06/26/2006,30,FEET,55.9,DEGREES F,3,MG/L
06/26/2006,35,FEET,54.8,DEGREES F,2,MG/L
06/26/2006,40,FEET,54.1,DEGREES F,2,MG/L
06/26/2006,45,FEET,53.6,DEGREES F,2,MG/L
06/26/2006,50,FEET,53.6,DEGREES F,2,MG/L
07/25/2006,5,FEET,78.3,DEGREES F,8,MG/L
07/25/2006,10,FEET,78,DEGREES F,8,MG/L
07/25/2006,15,FEET,77.7,DEGREES F,8,MG/L
07/25/2006,20,FEET,70.1,DEGREES F,4,MG/L
07/25/2006,25,FEET,61.8,DEGREES F,2,MG/L
07/25/2006,30,FEET,55.9,DEGREES F,1.5,MG/L
07/25/2006,35,FEET,54.6,DEGREES F,1.25,MG/L
07/25/2006,40,FEET,53.9,DEGREES F,1.25,MG/L
07/25/2006,45,FEET,53.6,DEGREES F,1,MG/L
07/25/2006,50,FEET,53.6,DEGREES F,1,MG/L
09/04/2006,5,FEET,72.3,DEGREES F,8,MG/L
09/04/2006,10,FEET,70.5,DEGREES F,8,MG/L
09/04/2006,15,FEET,69.9,DEGREES F,8,MG/L
09/04/2006,20,FEET,69.6,DEGREES F,7,MG/L
09/04/2006,25,FEET,67.2,DEGREES F,6,MG/L
09/04/2006,30,FEET,59,DEGREES F,1,MG/L
09/04/2006,35,FEET,55.2,DEGREES F,1,MG/L
09/04/2006,40,FEET,54.3,DEGREES F,1,MG/L
09/04/2006,45,FEET,53.9,DEGREES F,1,MG/L
09/04/2006,50,FEET,53.9,DEGREES F,.5,MG/L
05/26/2007,0,FEET,62.6,DEGREES F,,
05/26/2007,5,FEET,62.7,DEGREES F,8.3,MG/L
05/26/2007,10,FEET,62.6,DEGREES F,,
05/26/2007,15,FEET,62.6,DEGREES F,,
05/26/2007,20,FEET,61.8,DEGREES F,8.1,MG/L
05/26/2007,25,FEET,60.4,DEGREES F,2.8,MG/L
05/26/2007,30,FEET,56.4,DEGREES F,2,MG/L
05/26/2007,35,FEET,51.2,DEGREES F,3.5,MG/L
05/26/2007,40,FEET,48.3,DEGREES F,,
05/26/2007,45,FEET,47.4,DEGREES F,,
05/26/2007,50,FEET,46.9,DEGREES F,,
05/26/2007,55,FEET,45.3,DEGREES F,2,MG/L
05/11/2008,0,FEET,51.8,DEGREES F,,
05/11/2008,5,FEET,51.6,DEGREES F,6.8,MG/L
05/11/2008,10,FEET,51.6,DEGREES F,,
05/11/2008,15,FEET,51.4,DEGREES F,7.8,MG/L
05/11/2008,20,FEET,50.7,DEGREES F,5.8,MG/L
05/11/2008,25,FEET,49.4,DEGREES F,6.4,MG/L
05/11/2008,30,FEET,48.5,DEGREES F,5.6,MG/L
05/11/2008,35,FEET,47.4,DEGREES F,5.8,MG/L
05/11/2008,40,FEET,47.1,DEGREES F,,
05/11/2008,45,FEET,46.6,DEGREES F,,
05/11/2008,50,FEET,46.2,DEGREES F,,
05/11/2008,55,FEET,46,DEGREES F,5.2,MG/L
05/25/2008,0,FEET,62.6,DEGREES F,,
05/25/2008,5,FEET,62.1,DEGREES F,8.76,MG/L
05/25/2008,10,FEET,61.6,DEGREES F,,
05/25/2008,15,FEET,61.2,DEGREES F,9.5,MG/L
05/25/2008,20,FEET,60.1,DEGREES F,9.31,MG/L
05/25/2008,25,FEET,54.3,DEGREES F,7.91,MG/L
05/25/2008,30,FEET,51.4,DEGREES F,6.81,MG/L
05/25/2008,35,FEET,49.8,DEGREES F,6.23,MG/L
05/25/2008,40,FEET,49,DEGREES F,5.97,MG/L
05/25/2008,45,FEET,48.4,DEGREES F,5.76,MG/L
05/25/2008,50,FEET,47.8,DEGREES F,,
05/25/2008,55,FEET,47.7,DEGREES F,,
05/31/2008,0,FEET,59.9,DEGREES F,,
05/31/2008,5,FEET,59.8,DEGREES F,8.76,MG/L
05/31/2008,10,FEET,59.5,DEGREES F,8.67,MG/L
05/31/2008,15,FEET,59.1,DEGREES F,8.51,MG/L
05/31/2008,20,FEET,58.5,DEGREES F,7.83,MG/L
05/31/2008,25,FEET,57.4,DEGREES F,7.99,MG/L
05/31/2008,30,FEET,55.7,DEGREES F,7.28,MG/L
05/31/2008,35,FEET,54.7,DEGREES F,7.03,MG/L
05/31/2008,40,FEET,50.8,DEGREES F,5.42,MG/L
05/31/2008,45,FEET,50.1,DEGREES F,5.68,MG/L
05/31/2008,50,FEET,49.7,DEGREES F,4.76,MG/L
05/31/2008,55,FEET,49.9,DEGREES F,4.54,MG/L
06/15/2008,0,FEET,65.8,DEGREES F,,
06/15/2008,5,FEET,65.6,DEGREES F,9.38,MG/L
06/15/2008,10,FEET,65.4,DEGREES F,9.36,MG/L
06/15/2008,15,FEET,65.2,DEGREES F,9.39,MG/L
06/15/2008,20,FEET,63.7,DEGREES F,7.41,MG/L
06/15/2008,25,FEET,59.7,DEGREES F,5.11,MG/L
06/15/2008,30,FEET,54.3,DEGREES F,2.99,MG/L
06/15/2008,35,FEET,51.9,DEGREES F,2.6,MG/L
06/15/2008,40,FEET,50,DEGREES F,1.71,MG/L
06/15/2008,45,FEET,49.5,DEGREES F,1.4,MG/L
06/15/2008,50,FEET,49.1,DEGREES F,.91,MG/L
06/15/2008,55,FEET,48.7,DEGREES F,.29,MG/L
07/02/2008,0,FEET,73.5,DEGREES F,,
07/02/2008,5,FEET,73.3,DEGREES F,9.48,MG/L
07/02/2008,10,FEET,73,DEGREES F,9.42,MG/L
07/02/2008,15,FEET,68.8,DEGREES F,7.35,MG/L
07/02/2008,20,FEET,65.6,DEGREES F,6.58,MG/L
07/02/2008,25,FEET,60.3,DEGREES F,2.6,MG/L
07/02/2008,30,FEET,54.9,DEGREES F,.07,MG/L
07/02/2008,35,FEET,51.8,DEGREES F,.03,MG/L
07/02/2008,40,FEET,51,DEGREES F,.05,MG/L
07/02/2008,45,FEET,50.4,DEGREES F,.03,MG/L
07/02/2008,50,FEET,50.1,DEGREES F,.03,MG/L
07/02/2008,55,FEET,50.8,DEGREES F,.02,MG/L
07/23/2008,0,FEET,74.1,DEGREES F,8.96,MG/L
07/23/2008,5,FEET,73.8,DEGREES F,8.97,MG/L
07/23/2008,10,FEET,73.4,DEGREES F,8.86,MG/L
07/23/2008,15,FEET,71.7,DEGREES F,6.51,MG/L
07/23/2008,20,FEET,68.7,DEGREES F,1.91,MG/L
07/23/2008,25,FEET,61.3,DEGREES F,.09,MG/L
07/23/2008,30,FEET,56.6,DEGREES F,.04,MG/L
07/23/2008,35,FEET,52.1,DEGREES F,.03,MG/L
07/23/2008,40,FEET,51.3,DEGREES F,.04,MG/L
07/23/2008,45,FEET,51.2,DEGREES F,.05,MG/L
07/23/2008,50,FEET,51.1,DEGREES F,.08,MG/L
07/23/2008,55,FEET,52.2,DEGREES F,.16,MG/L
09/01/2008,0,FEET,72.2,DEGREES F,8.49,MG/L
09/01/2008,5,FEET,72.1,DEGREES F,8.5,MG/L
09/01/2008,10,FEET,71.9,DEGREES F,8.41,MG/L
09/01/2008,15,FEET,71.4,DEGREES F,8.43,MG/L
09/01/2008,20,FEET,71,DEGREES F,8.3,MG/L
09/01/2008,25,FEET,69.8,DEGREES F,7.41,MG/L
09/01/2008,30,FEET,58,DEGREES F,.05,MG/L
09/01/2008,35,FEET,53.7,DEGREES F,.03,MG/L
09/01/2008,40,FEET,52.5,DEGREES F,.06,MG/L
09/01/2008,45,FEET,52.1,DEGREES F,.05,MG/L
09/01/2008,50,FEET,51.8,DEGREES F,.07,MG/L
09/01/2008,55,FEET,51.9,DEGREES F,.12,MG/L
05/24/2009,0,FEET,64.8,DEGREES F,9.76,MG/L
05/24/2009,5,FEET,63.8,DEGREES F,9.89,MG/L
05/24/2009,10,FEET,63.3,DEGREES F,9.85,MG/L
05/24/2009,15,FEET,62.4,DEGREES F,9.07,MG/L
05/24/2009,20,FEET,60.6,DEGREES F,8.19,MG/L
05/24/2009,25,FEET,59,DEGREES F,7.58,MG/L
05/24/2009,30,FEET,58.2,DEGREES F,7.74,MG/L
05/24/2009,35,FEET,57.6,DEGREES F,7.82,MG/L
05/24/2009,40,FEET,56.9,DEGREES F,7.06,MG/L
05/24/2009,45,FEET,56.1,DEGREES F,6.48,MG/L
05/24/2009,50,FEET,56.1,DEGREES F,5.98,MG/L
05/24/2009,55,FEET,56.3,DEGREES F,5.74,MG/L
06/30/2009,0,FEET,67.2,DEGREES F,7.63,MG/L
06/30/2009,5,FEET,67.2,DEGREES F,7.62,MG/L
06/30/2009,10,FEET,67,DEGREES F,7.6,MG/L
06/30/2009,15,FEET,66.3,DEGREES F,7.18,MG/L
06/30/2009,20,FEET,64.3,DEGREES F,6.13,MG/L
06/30/2009,25,FEET,62.8,DEGREES F,6.01,MG/L
06/30/2009,30,FEET,60.1,DEGREES F,1.6,MG/L
06/30/2009,35,FEET,59,DEGREES F,.19,MG/L
06/30/2009,40,FEET,58.1,DEGREES F,.06,MG/L
06/30/2009,45,FEET,57.2,DEGREES F,.06,MG/L
06/30/2009,50,FEET,56.6,DEGREES F,.09,MG/L
06/30/2009,55,FEET,56.8,DEGREES F,.18,MG/L
07/04/2009,0,FEET,73.1,DEGREES F,9.42,MG/L
07/04/2009,5,FEET,71.9,DEGREES F,9.36,MG/L
07/04/2009,10,FEET,67.9,DEGREES F,8.18,MG/L
07/04/2009,15,FEET,66.7,DEGREES F,7.38,MG/L
07/04/2009,20,FEET,64.9,DEGREES F,5.91,MG/L
07/04/2009,25,FEET,62,DEGREES F,3.78,MG/L
07/04/2009,30,FEET,60.3,DEGREES F,.85,MG/L
07/04/2009,35,FEET,59.4,DEGREES F,.09,MG/L
07/04/2009,40,FEET,58.7,DEGREES F,.09,MG/L
07/04/2009,45,FEET,57.8,DEGREES F,.09,MG/L
07/04/2009,50,FEET,57.3,DEGREES F,.12,MG/L
07/04/2009,55,FEET,58.2,DEGREES F,.14,MG/L
09/07/2009,0,FEET,71.3,DEGREES F,10.12,MG/L
09/07/2009,5,FEET,70.9,DEGREES F,10.04,MG/L
09/07/2009,10,FEET,69.8,DEGREES F,8.81,MG/L
09/07/2009,15,FEET,68.6,DEGREES F,7.2,MG/L
09/07/2009,20,FEET,67.9,DEGREES F,5.47,MG/L
09/07/2009,25,FEET,67,DEGREES F,3.86,MG/L
09/07/2009,30,FEET,63.7,DEGREES F,.06,MG/L
09/07/2009,35,FEET,59.7,DEGREES F,.04,MG/L
09/07/2009,40,FEET,58.7,DEGREES F,.03,MG/L
09/07/2009,45,FEET,58.2,DEGREES F,.03,MG/L
09/07/2009,50,FEET,58.3,DEGREES F,.04,MG/L
09/07/2009,55,FEET,58.2,DEGREES F,.06,MG/L
09/07/2009,60,FEET,58.4,DEGREES F,.1,MG/L
04/11/2010,0,FEET,54.8,DEGREES F,10.53,MG/L
04/11/2010,5,FEET,51.9,DEGREES F,10.68,MG/L
04/11/2010,10,FEET,50.9,DEGREES F,10.7,MG/L
04/11/2010,15,FEET,50.4,DEGREES F,10.76,MG/L
04/11/2010,20,FEET,50,DEGREES F,10.85,MG/L
04/11/2010,25,FEET,48.3,DEGREES F,9.82,MG/L
04/11/2010,30,FEET,47.6,DEGREES F,9.28,MG/L
04/11/2010,35,FEET,47.4,DEGREES F,9.1,MG/L
04/11/2010,40,FEET,47.3,DEGREES F,9.01,MG/L
04/11/2010,45,FEET,46.1,DEGREES F,.1,MG/L
04/11/2010,50,FEET,46.5,DEGREES F,.1,MG/L
04/11/2010,55,FEET,46.6,DEGREES F,.13,MG/L
04/11/2010,60,FEET,46.7,DEGREES F,.17,MG/L
05/17/2010,0,FEET,66.4,DEGREES F,10.72,MG/L
05/17/2010,5,FEET,62,DEGREES F,11.26,MG/L
05/17/2010,10,FEET,55.5,DEGREES F,11.1,MG/L
05/17/2010,15,FEET,54.7,DEGREES F,11.04,MG/L
05/17/2010,20,FEET,54,DEGREES F,10.7,MG/L
05/17/2010,25,FEET,53.5,DEGREES F,10.13,MG/L
05/17/2010,30,FEET,53.1,DEGREES F,9.91,MG/L
05/17/2010,35,FEET,53,DEGREES F,9.66,MG/L
05/17/2010,40,FEET,52.8,DEGREES F,9.54,MG/L
05/17/2010,45,FEET,52.7,DEGREES F,9.28,MG/L
05/17/2010,50,FEET,52.6,DEGREES F,9.13,MG/L
05/17/2010,55,FEET,52.2,DEGREES F,.16,MG/L
05/17/2010,60,FEET,51.8,DEGREES F,.13,MG/L
06/20/2010,0,FEET,70.8,DEGREES F,9.29,MG/L
06/20/2010,5,FEET,68.4,DEGREES F,9.36,MG/L
06/20/2010,10,FEET,67.8,DEGREES F,9.21,MG/L
06/20/2010,15,FEET,66.5,DEGREES F,8.76,MG/L
06/20/2010,20,FEET,58.8,DEGREES F,8,MG/L
06/20/2010,25,FEET,54.6,DEGREES F,6.89,MG/L
06/20/2010,30,FEET,53.4,DEGREES F,4.58,MG/L
06/20/2010,35,FEET,53.1,DEGREES F,3.36,MG/L
06/20/2010,40,FEET,52.9,DEGREES F,1.57,MG/L
06/20/2010,45,FEET,52.8,DEGREES F,.38,MG/L
06/20/2010,50,FEET,53,DEGREES F,.34,MG/L
06/20/2010,55,FEET,53.6,DEGREES F,.19,MG/L
06/20/2010,60,FEET,55.2,DEGREES F,.12,MG/L
07/26/2010,0,FEET,79.2,DEGREES F,9.29,MG/L
07/26/2010,5,FEET,78.7,DEGREES F,9.33,MG/L
07/26/2010,10,FEET,77.7,DEGREES F,9.42,MG/L
07/26/2010,15,FEET,74.3,DEGREES F,6.8,MG/L
07/26/2010,20,FEET,64.9,DEGREES F,.37,MG/L
07/26/2010,25,FEET,58.1,DEGREES F,.28,MG/L
07/26/2010,30,FEET,54.9,DEGREES F,.06,MG/L
07/26/2010,35,FEET,54.2,DEGREES F,.06,MG/L
07/26/2010,40,FEET,54.4,DEGREES F,.06,MG/L
07/26/2010,45,FEET,54.6,DEGREES F,.06,MG/L
07/26/2010,50,FEET,57.4,DEGREES F,.06,MG/L
07/26/2010,55,FEET,58.7,DEGREES F,.07,MG/L
07/26/2010,60,FEET,59.4,DEGREES F,.1,MG/L
09/06/2010,0,FEET,68.4,DEGREES F,8.32,MG/L
09/06/2010,5,FEET,68.3,DEGREES F,8.26,MG/L
09/06/2010,10,FEET,68.1,DEGREES F,8.16,MG/L
09/06/2010,15,FEET,67.5,DEGREES F,7.68,MG/L
09/06/2010,20,FEET,67.6,DEGREES F,7.09,MG/L
09/06/2010,25,FEET,66.3,DEGREES F,4.41,MG/L
09/06/2010,30,FEET,65.6,DEGREES F,3.28,MG/L
09/06/2010,35,FEET,64,DEGREES F,2.63,MG/L
09/06/2010,40,FEET,66.5,DEGREES F,2.8,MG/L
09/06/2010,45,FEET,64.2,DEGREES F,2.78,MG/L
09/06/2010,50,FEET,55,DEGREES F,.1,MG/L
09/06/2010,55,FEET,54.7,DEGREES F,.13,MG/L
09/06/2010,60,FEET,55,DEGREES F,.2,MG/L
06/26/2011,0,FEET,69.3,DEGREES F,9.76,MG/L
06/26/2011,5,FEET,60.1,DEGREES F,9.72,MG/L
06/26/2011,10,FEET,68.4,DEGREES F,9.7,MG/L
06/26/2011,15,FEET,65.2,DEGREES F,7.58,MG/L
06/26/2011,20,FEET,64.1,DEGREES F,7.08,MG/L
06/26/2011,25,FEET,61.4,DEGREES F,4.15,MG/L
06/26/2011,30,FEET,54.1,DEGREES F,1.48,MG/L
06/26/2011,35,FEET,50.5,DEGREES F,1.37,MG/L
06/26/2011,40,FEET,49.6,DEGREES F,1.18,MG/L
06/26/2011,45,FEET,49.2,DEGREES F,.61,MG/L
06/26/2011,50,FEET,49.6,DEGREES F,.64,MG/L
06/26/2011,55,FEET,49.8,DEGREES F,.41,MG/L
06/26/2011,60,FEET,49.8,DEGREES F,.44,MG/L
07/17/2011,0,FEET,81.9,DEGREES F,8.97,MG/L
07/17/2011,5,FEET,77.9,DEGREES F,9.12,MG/L
07/17/2011,10,FEET,74.5,DEGREES F,7.61,MG/L
07/17/2011,15,FEET,72.8,DEGREES F,6.03,MG/L
07/17/2011,20,FEET,66.7,DEGREES F,1.88,MG/L
07/17/2011,25,FEET,59.3,DEGREES F,.11,MG/L
07/17/2011,30,FEET,56.1,DEGREES F,.06,MG/L
07/17/2011,35,FEET,53.8,DEGREES F,.06,MG/L
07/17/2011,40,FEET,52.9,DEGREES F,.06,MG/L
07/17/2011,45,FEET,52.6,DEGREES F,.06,MG/L
07/17/2011,50,FEET,55.2,DEGREES F,.05,MG/L
07/17/2011,55,FEET,56,DEGREES F,.09,MG/L
07/17/2011,60,FEET,55.9,DEGREES F,.09,MG/L
06/30/2013,0,FEET,72.4,DEGREES F,8.45,MG/L
06/30/2013,5,FEET,72.9,DEGREES F,8.36,MG/L
06/30/2013,10,FEET,72.3,DEGREES F,8.25,MG/L
06/30/2013,15,FEET,69,DEGREES F,7.5,MG/L
06/30/2013,20,FEET,61.2,DEGREES F,5.06,MG/L
06/30/2013,25,FEET,55.5,DEGREES F,2.77,MG/L
06/30/2013,30,FEET,51.3,DEGREES F,1.6,MG/L
06/30/2013,35,FEET,49.7,DEGREES F,1.02,MG/L
06/30/2013,40,FEET,49.3,DEGREES F,1.04,MG/L
06/30/2013,45,FEET,49.2,DEGREES F,.84,MG/L
06/30/2013,50,FEET,49.2,DEGREES F,.74,MG/L
06/30/2013,55,FEET,49.3,DEGREES F,.51,MG/L
06/30/2013,60,FEET,49.9,DEGREES F,.45,MG/L
07/28/2013,0,FEET,69.3,DEGREES F,7.64,MG/L
07/28/2013,5,FEET,68.9,DEGREES F,7.7,MG/L
07/28/2013,10,FEET,68.6,DEGREES F,7.69,MG/L
07/28/2013,15,FEET,66.8,DEGREES F,6.65,MG/L
07/28/2013,20,FEET,65.2,DEGREES F,4.94,MG/L
07/28/2013,25,FEET,54.7,DEGREES F,.1,MG/L
07/28/2013,30,FEET,52,DEGREES F,.08,MG/L
07/28/2013,35,FEET,49.9,DEGREES F,.07,MG/L
07/28/2013,40,FEET,49.2,DEGREES F,.08,MG/L
07/28/2013,45,FEET,49.1,DEGREES F,.09,MG/L
07/28/2013,50,FEET,49.1,DEGREES F,.11,MG/L
07/28/2013,55,FEET,49.3,DEGREES F,.14,MG/L
07/28/2013,60,FEET,49.7,DEGREES F,.17,MG/L
06/07/2015,0,FEET,67.1,DEGREES F,9.16,MG/L
06/07/2015,5,FEET,67.1,DEGREES F,9.15,MG/L
06/07/2015,10,FEET,66.2,DEGREES F,9,MG/L
06/07/2015,15,FEET,62.9,DEGREES F,8.18,MG/L
06/07/2015,20,FEET,60.3,DEGREES F,7.76,MG/L
06/07/2015,25,FEET,56.7,DEGREES F,6.75,MG/L
06/07/2015,30,FEET,53.5,DEGREES F,4.12,MG/L
06/07/2015,35,FEET,51.5,DEGREES F,2.72,MG/L
06/07/2015,40,FEET,50.6,DEGREES F,2.47,MG/L
06/07/2015,45,FEET,50.3,DEGREES F,2.26,MG/L
06/07/2015,50,FEET,50.2,DEGREES F,1.93,MG/L
06/07/2015,55,FEET,50.1,DEGREES F,1.56,MG/L
06/07/2015,60,FEET,54.1,DEGREES F,.15,MG/L
06/21/2015,0,FEET,70.8,DEGREES F,8.88,MG/L
06/21/2015,5,FEET,69.9,DEGREES F,8.91,MG/L
06/21/2015,10,FEET,68.7,DEGREES F,8.34,MG/L
06/21/2015,15,FEET,66.2,DEGREES F,7.31,MG/L
06/21/2015,20,FEET,60.1,DEGREES F,5.6,MG/L
06/21/2015,25,FEET,56.4,DEGREES F,4.04,MG/L
06/21/2015,30,FEET,53.9,DEGREES F,2.03,MG/L
06/21/2015,35,FEET,52.3,DEGREES F,.91,MG/L
06/21/2015,40,FEET,51.3,DEGREES F,.96,MG/L
06/21/2015,45,FEET,50.7,DEGREES F,.41,MG/L
06/21/2015,50,FEET,50.4,DEGREES F,.1,MG/L
06/21/2015,55,FEET,50.4,DEGREES F,.12,MG/L
06/21/2015,60,FEET,50.7,DEGREES F,.15,MG/L
07/26/2015,0,FEET,80.2,DEGREES F,9.18,MG/L
07/26/2015,5,FEET,79.5,DEGREES F,9.23,MG/L
07/26/2015,10,FEET,77.3,DEGREES F,9.36,MG/L
07/26/2015,15,FEET,74.3,DEGREES F,7.89,MG/L
07/26/2015,20,FEET,65.9,DEGREES F,.36,MG/L
07/26/2015,25,FEET,57.7,DEGREES F,.1,MG/L
07/26/2015,30,FEET,53.6,DEGREES F,.09,MG/L
07/26/2015,35,FEET,52.7,DEGREES F,.1,MG/L
07/26/2015,40,FEET,52.3,DEGREES F,.1,MG/L
07/26/2015,45,FEET,52.2,DEGREES F,.11,MG/L
07/26/2015,50,FEET,52.2,DEGREES F,.11,MG/L
07/26/2015,55,FEET,52.4,DEGREES F,.12,MG/L
07/26/2015,60,FEET,54,DEGREES F,.15,MG/L
06/04/2017,5,FEET,71.2,DEGREES F,9.17,MG/L
06/04/2017,10,FEET,64,DEGREES F,9.68,MG/L
06/04/2017,15,FEET,61.3,DEGREES F,8.47,MG/L
06/04/2017,20,FEET,58.9,DEGREES F,7.72,MG/L
06/04/2017,25,FEET,54.5,DEGREES F,6.25,MG/L
06/04/2017,30,FEET,51.4,DEGREES F,5.03,MG/L
06/04/2017,35,FEET,49.6,DEGREES F,3.89,MG/L
06/04/2017,40,FEET,48.9,DEGREES F,3.57,MG/L
06/04/2017,45,FEET,48.4,DEGREES F,2.7,MG/L
06/04/2017,50,FEET,48.4,DEGREES F,2.87,MG/L
06/04/2017,55,FEET,49.8,DEGREES F,1.8,MG/L
06/18/2017,0,FEET,71.7,DEGREES F,8.83,MG/L
06/18/2017,5,FEET,71.3,DEGREES F,8.86,MG/L
06/18/2017,10,FEET,70.8,DEGREES F,8.78,MG/L
06/18/2017,15,FEET,67,DEGREES F,6.69,MG/L
06/18/2017,20,FEET,59.3,DEGREES F,5.38,MG/L
06/18/2017,25,FEET,53.8,DEGREES F,3.41,MG/L
06/18/2017,30,FEET,51.3,DEGREES F,2.47,MG/L
06/18/2017,35,FEET,50.3,DEGREES F,1.86,MG/L
06/18/2017,40,FEET,50,DEGREES F,1.68,MG/L
06/18/2017,45,FEET,49.9,DEGREES F,1.34,MG/L
06/18/2017,50,FEET,49.8,DEGREES F,1.03,MG/L
06/18/2017,55,FEET,49.9,DEGREES F,.95,MG/L
06/18/2017,60,FEET,51,DEGREES F,1.72,MG/L
07/23/2017,0,FEET,76.4,DEGREES F,8.68,MG/L
07/23/2017,5,FEET,76.2,DEGREES F,8.7,MG/L
07/23/2017,10,FEET,75.5,DEGREES F,8.59,MG/L
07/23/2017,15,FEET,71.2,DEGREES F,3.78,MG/L
07/23/2017,20,FEET,56.4,DEGREES F,.2,MG/L
07/23/2017,25,FEET,56.1,DEGREES F,,
07/23/2017,30,FEET,52.3,DEGREES F,.07,MG/L
07/23/2017,35,FEET,51.1,DEGREES F,.11,MG/L
07/23/2017,40,FEET,50.3,DEGREES F,.03,MG/L
07/23/2017,45,FEET,50,DEGREES F,.03,MG/L
07/23/2017,50,FEET,49.9,DEGREES F,.03,MG/L
07/23/2017,55,FEET,51.7,DEGREES F,.03,MG/L
07/23/2017,60,FEET,52.1,DEGREES F,.03,MG/L



Start Date,Fieldwork Comment
08/25/1987,Calm and slightly overcast- air temp. 70 F- surface water temp. 71 F.    
08/28/1987,Bright sun- calm- surface water temp. 68 F- air temp. 65 F.  Ice out on 4/9.    
09/02/1987,Very slight overcast-strong shadows- calm- surface water temp. 67 F- air temp. 58 F.    
09/22/1987,Wind 35-40 mph few hours. earlier- murky all month- 5" rain for June- boats reasonable.    
04/21/1988,1.6" rain so far in July- most weeds not to surface yet.    
05/21/1988,Air 75 F- water 66 F- sunny and calm- water depth 66'.    
06/15/1988,Lowest level in 13 years- some algae growth- hot- air 74 F- water 73 F- calm- overcast- no rain  greater than 30 days.    
06/26/1988,76 F- water 76 F- hottest June on record- 90's this past week- no algae.    
07/08/1988,Air 85- water 79 F- some suspended algae- algae along shore.    
07/21/1988,Air/water both 75 F- sunny- calm- some suspended algae- more weeds than usual     
07/30/1988,.9" rain yesterday.- 2 loons with chicks- air 78 F- water 77- sunny- some algae- some weeds less than 1987.    
08/15/1988,Air 86 F- water 79 F- sunny- SE wind 5 mph- some suspended algae visible- 2.3" rain on 8/13.    
08/26/1988,Air 62 F- water 70 F- sunny- wind SE 1-5 mph- some suspended algae- 2 loons and 2 chicks.    
09/17/1988,Slight algae on surface- air 65 F- water 63 F- hazy- wind calm- clear- 1.1" rain- loons.    
05/13/1989,Air 63 F- water 58 F- bright- sunny- wind NE 5 mph- no weeds- 4 loons.    
05/21/1989,Air 72 F- water 64 F- slight haze- SE wind 2 mph- no weeds yet- 2 pair loons.    
06/04/1989,Air 58 F- water 64 F- sunny- bright- wind W 4 mph- no weeds yet.    
06/10/1989,Air 70 F- water 66 F- bright sun- SE wind 2 mph- 2 nesting pairs of loons.    
06/16/1989,Air 70 F- water 70 F- bright sun- calm- 2 pair loons- one nesting- one with 2 chicks.    
06/24/1989,Air 80 F- water 74 F- bright sun- SE wind 2 mph- a little algae- weeds- loons- 1 pr.- 2 chicks- others     
07/10/1989,Sunny- 78 F- calm- water 80 F- 1 pair loons with 2 chicks.    
07/17/1989,Sunny- bright- 79 F- calm- water 80 F- loons with 2 chicks still around.    
07/31/1989,Sunny- bright- calm- 79 F- water 80 F.    
08/14/1989,Overcast- air 78 F- water 75 F- calm- still have a pair of loons with 2 chicks.    
08/30/1989,Sunny- calm- air 60 F- water 72 F.    
06/04/1990,Clear- calm- water 62 F- air 52 F.    
06/14/1990,Clear- calm- water 72 F- air 62 F.    
06/24/1990,Clear- sunny- calm- water 72 F- air 70 F- no algae.    
07/09/1990,Clear- calm- water 75 F- air 69 F- no algae.    
07/20/1990,Clear- calm- water 79 F- air 69 F- no algae.    
07/31/1990,Clear- calm- air 62 F- water 76 F- some algae.    
08/13/1990,Clear- calm- air 64 F- water 74 F- some algae.    
08/22/1990,Clear- calm- air 72 F- water 72 F- some algae.    
09/10/1990,Partly overcast- NE wind 3 mph- air 60 F- water 71 F.    
09/20/1990,Partly cloudy- calm- air 54 F- water 64 F- very little algae.    
07/10/1991,Clear- calm- water temp: 76 F- 72 F.    
07/17/1991,Clear- calm- water temp: 82 F- 86 F.    
07/26/1991,Little algae- partly cloudy- 72 F- calm- water temp: 76 F.    
08/09/1991,Clear- calm- little algae- water temp: 71 F- 60 F.    
08/21/1991,Clear- winds at 10 mph- water temp: 72 F- 2" waves- 68 F.    
09/06/1991,Calm- 64 F- clear- algae bloom- water temp: 71 F    
04/23/1992,Ice out 4-5.  Air temp: 45- water temp: 44- little algae.    
07/11/1992,Clear skies- water is calm.    
07/16/1992,Sky is clear- light wind.    
08/11/1993,Partly cloudy- water temp 78- air temp 80- calm.    
09/15/1993,Secchi depth was not measured.    
05/18/1994,A lot of tall fuzz- etc. in water.    
06/01/1994,Calm- clear- hi-pressure.    
06/20/1995,Hot still evening with a green tint of algae.  Secchi depth would have been greater during high sun.    
07/24/1995,Scattered cumulus clouds- 5-8 mph wind from south-southwest.    
08/23/1995,Sunny and humid.    
10/30/1995,Could not find the Deep Hole at the lake today.    
06/09/1996,Water dirty from tree blooms.    
07/01/1996,Some swimmer's itch.    
09/27/1996,1/2" rain last night- temp. 45 degrees.    
11/05/1996,Ice on some edges of lake- very cloudy.    
07/11/1997,Blue green water.    
07/24/1997,A little windy and overcast.    
08/28/1997,5-10 mph wind- clear weather- and a forecasted thunderstorm later.    
09/12/1997,Wind at 10-15 mph.    
10/01/1997,Mild wind at 5 mph.    
07/07/1998,Heavy t-storms last 24 hours.    
09/14/1998,Cloudy and light rain.    
10/14/1998,Windy- clear- and cold.    
05/30/1999,Windy + partly sunny.    
08/02/1999,Windy + partly sunny.    
09/16/1999,Cloudy.    
10/20/1999,Cool with slight fog.    
07/25/2000,Slight W breeze- sunny.    
07/26/2000,Sunny- slight breeze out of the south.    
08/08/2000,Partly cloudy- slight breeze out of the south east.    
08/23/2000,Sunny- slight breeze out of the west.    
08/29/2000,Clear- very slight breeze out of the west. Sunny- beautiful day.    
10/04/2000,Sunny- slight NW breeze. cool- low 50's.    
10/10/2000,South wind- sunny.    
10/16/2000,Sunny- calm. 53 degrees.    
05/15/2001,Clear skies- sunny 82 F.  South wind- ripple on water.    
08/02/2001,Clear- sunny- slight breeze out of west.    
10/01/2001,Clear- sunny- slight breeze out of SW.  Beautiful day!    
05/20/2002,Cool- 54 degrees F. Slight winds out of the west- bright and sunny.    
06/17/2002,Temperature 67 degrees- breeze out of NE- and bright and sunny.    
07/23/2002,Air temp 71 degrees F. Low humidity- calm- bright and sunny.    
07/24/2002,DEEP HOLE - SURFACE    
08/26/2002,Air temp 69 degrees F- calm- bright and sunny.    
10/16/2002,Calm- sunny- cold- air temp 31 degrees- shoreline trees are beautiful.    
05/16/2003,Bottom temp 47 F.    
06/30/2003,Sunny- bright calm morning. Bottom temp 58 F.    
07/28/2003,68 F- nice day. Light breeze out of NW. Bottom temp 50 F- bottom D.O. 1 mg/l.    
08/25/2003,84 F- slight breeze out of south.  Bottom temp 59 F.    
10/14/2003,48 F- sunny- breeze out of NW. Bottom temp 59 F.    
06/01/2004,56F- slight breeze out of north- partly cloudy- wet and cool spring    
06/28/2004,59F- slight breeze out of the West- clear- warming trend started    
07/19/2004,70F slight breeze out of the south- sunny- clear skies    
08/23/2004,61F- partly cloudy- wind out of NE- cold august    
10/10/2004,65F- sunny- slight breeze out of the south- no clouds in the sky    
10/10/2004,TOP    
05/24/2005,52 F- clear- sunny- calm.  Wet- cool spring.    
06/21/2005,71 F- clear- sunny- calm.  Strong storm last night.    
07/27/2005,64 F- clear- sunny- slight breeze out of west.  11 day hot spell ended!    
08/16/2005,74 F.  Clear- sunny- lake at lowest level in last five years - more weeds then normal.    
10/10/2005,46 F- clear- sunny.  10+ inches of rain last week.    
05/30/2006,bright sunny day- 69F- strong wind and 2" rain last night
06/26/2006,Bright- cool morning- 62F 
07/25/2006,Long spell of hot dry weather 
05/26/2007,breezy- cloudy
05/11/2008,cloudy and windy
05/25/2008,overcast and windy
05/31/2008,bright sun and windy
06/15/2008,ptly cloudy light wind
07/23/2008,ptly cloudy and mild
09/01/2008,very windy- choppy waves
05/24/2009,Calm- Bright Sunshine
06/30/2009,breezy- cloudy
07/04/2009,Absolutly beautiful day! Bright sun- light breeze
07/12/2009,partly cloudy
09/07/2009,Clear- calm- sunny
04/11/2010,clear- calm and sunny
05/17/2010,clear
06/20/2010,partly cloudy- extremely calm
07/26/2010,Partly cloudy and breezy
09/06/2010,Overcast and very windy
06/26/2011,Windy- partly cloudy
07/06/2011,Sunny- calm light breeze- saw two adult loons with one baby- bald eagle- osprey
07/10/2011,Partly cloudy- hot- calm with no wind
07/17/2011,Overcast- calm very hot- very humid
08/06/2011,Partly cloudy- shortly after heavy rain and wind
08/14/2011,Clear skies- no wind- low humidity. clear skies- no wind- low humidity Clear skies- light wind- low humidity.  Clear skies- light wind- low humidity. 
08/14/2011,clear skies- no wind
08/21/2011,Clear skies- light wind- low humidity clear skies- light wind- low humidity
08/21/2011,clear skies- light wind
08/28/2011,Clear skies- now wind- low humidity. partly overcast- no wind- low humidity clear skies- light wind- low humidity clear skies- light wind- low humidity Clear- windy- low humidity. Clear- windy- low humidity. Windy- overcast- rain.  Sunny- windy- cold.  Clear- windy- low humidity. Clear- windy- low humidity. Partly cloudy- no wind- low humidity.  Partly cloudy- no wind- low humidity.  Partly cloudy- no wind- low humidity.    Partly cloudy- no wind- low humidity Partly cloudy- no wind- low humidity
08/28/2011,partly overcast- no wind- low humidity day
09/07/2011,Clear skies- light wind- low humidity- in the 40's at night. Partly cloudy- windy- low humidity.  clear- windy- low humidity
09/07/2011,clear skies- light wind- low temp previous night down into the 40's
10/02/2011,cleat skies- light wind
05/25/2012,Partly cloudy- light wind- low humidity
06/03/2012,Cloudy- light wind- low humidity
06/11/2012,Partly Cloudy- medium wind- low humidity
06/17/2012,Cloudy- windy- low humidity
06/30/2012,clear- no wind- low humidity
07/07/2012,Clear- light wind- low humidity
07/15/2012,Partly cloudy- no wind- high humidity
07/29/2012,Partly cloudy- windy- medium humidity
07/31/2012,Partly cloudy- no wind- low humidity
08/11/2012,Partly cloudy- no wind- low humidity
08/19/2012,clear- windy- low humidity
09/02/2012,Partly cloudy- slight wind- low humidity
09/07/2012,clear skies- light wind- low humidity- lows in 40 at night
09/16/2012,Partly cloudy- slight wind- low humidity. 
09/18/2012,Clear- windy- low humidity
09/30/2012,Clear- low humidity
10/13/2012,Cloudy- no humidity
10/16/2012,Clear- little wind
07/28/2013,Mostly cloudy- unseasonably cool.
06/29/2014,Cloudy- heavy rain the night before
07/13/2014,Sunny
07/27/2014,Cloudy- little wind
08/16/2014,Partly cloudy- little wind
08/30/2014,Little wind- sunny
09/01/2014,Little wind- sunny
09/07/2014,Clear- sunny- windy
05/03/2015,Cloudy- little wind
05/30/2015,Clear- windy
06/07/2015,Partly cloudy- windy
06/07/2015,two pairs of nesting loons on lake. Moderate breeze
06/14/2015,Cloudy- little wind
06/21/2015,Partly cloudy- little wind
06/21/2015,Sunny fathers day- moderate wind partly cloudy
06/27/2015,Beautiful! Extremely calm- no wind- water surface like glass- bright and sunny
07/05/2015,Partly cloudy- windy
07/09/2015,Bright clear day- mild winds- loons w baby and several turtle s viewed
07/10/2015,Little wind
07/19/2015,Sunny- little wind
07/25/2015,Sunny and calm
07/26/2015,Partly cloudy- calm... 3 adult loons and a juvenile loon sited
08/09/2015,Partly Cloudy
08/30/2015,Clear- windy
09/07/2015,Clear- calm
09/12/2015,Partly cloudy- little wind
10/24/2015,Clear sky- little wind
05/30/2016,Sunny and little wind
06/16/2016,Clear sky right sun winds NNE at 5-10 mph
06/18/2016,Sunny- no wind
07/02/2016,heavy rains earlier in week. Very windy
07/16/2016,Partly cloudy- little wind
08/07/2016,Gorgeous sunny day little to no wind 4 loons (2 adult- 2 juvenile) hanging out nearby
08/07/2016,Sunny- no wind
08/14/2016,Partly cloudy- little wind
08/28/2016,Partly Cloudy- little wind
10/01/2016,Clear- little wind
05/07/2017,Clear but windy
06/04/2017,Nice sunny day light wind from the west. Large flock of geese flew overhead.
07/03/2017,Mostly sunny light winds
10/07/2017,Sunny- little wind
10/22/2017,Windy and sunny




Start Date,Group Name,Project Name
08/25/1987,Ed Bissen,Citizen Lake Monitoring - Water Quality - Mud Hen Lake; At Deepest Point
08/28/1987,Ed Bissen,Citizen Lake Monitoring - Water Quality - Mud Hen Lake; At Deepest Point
09/02/1987,Ed Bissen,Citizen Lake Monitoring - Water Quality - Mud Hen Lake; At Deepest Point
09/22/1987,Ed Bissen,Citizen Lake Monitoring - Water Quality - Mud Hen Lake; At Deepest Point
04/21/1988,Ed Bissen,Citizen Lake Monitoring - Water Quality - Mud Hen Lake; At Deepest Point
05/21/1988,Ed Bissen,Citizen Lake Monitoring - Water Quality - Mud Hen Lake; At Deepest Point
06/15/1988,Ed Bissen,Citizen Lake Monitoring - Water Quality - Mud Hen Lake; At Deepest Point
06/26/1988,Ed Bissen,Citizen Lake Monitoring - Water Quality - Mud Hen Lake; At Deepest Point
07/08/1988,Ed Bissen,Citizen Lake Monitoring - Water Quality - Mud Hen Lake; At Deepest Point
07/21/1988,Ed Bissen,Citizen Lake Monitoring - Water Quality - Mud Hen Lake; At Deepest Point
07/30/1988,Ed Bissen,Citizen Lake Monitoring - Water Quality - Mud Hen Lake; At Deepest Point
08/15/1988,Ed Bissen,Citizen Lake Monitoring - Water Quality - Mud Hen Lake; At Deepest Point
08/26/1988,Ed Bissen,Citizen Lake Monitoring - Water Quality - Mud Hen Lake; At Deepest Point
09/17/1988,Ed Bissen,Citizen Lake Monitoring - Water Quality - Mud Hen Lake; At Deepest Point
05/13/1989,Ed Bissen,Citizen Lake Monitoring - Water Quality - Mud Hen Lake; At Deepest Point
05/21/1989,Ed Bissen,Citizen Lake Monitoring - Water Quality - Mud Hen Lake; At Deepest Point
06/04/1989,Ed Bissen,Citizen Lake Monitoring - Water Quality - Mud Hen Lake; At Deepest Point
06/10/1989,Ed Bissen,Citizen Lake Monitoring - Water Quality - Mud Hen Lake; At Deepest Point
06/16/1989,Robert Spear,Citizen Lake Monitoring - Water Quality - Mud Hen Lake; At Deepest Point
06/24/1989,Ed Bissen,Citizen Lake Monitoring - Water Quality - Mud Hen Lake; At Deepest Point
07/10/1989,Robert Spear,Citizen Lake Monitoring - Water Quality - Mud Hen Lake; At Deepest Point
07/17/1989,Robert Spear,Citizen Lake Monitoring - Water Quality - Mud Hen Lake; At Deepest Point
07/31/1989,Robert Spear,Citizen Lake Monitoring - Water Quality - Mud Hen Lake; At Deepest Point
08/14/1989,Robert Spear,Citizen Lake Monitoring - Water Quality - Mud Hen Lake; At Deepest Point
08/30/1989,Robert Spear,Citizen Lake Monitoring - Water Quality - Mud Hen Lake; At Deepest Point
06/04/1990,Robert Spear,Citizen Lake Monitoring - Water Quality - Mud Hen Lake; At Deepest Point
06/14/1990,Robert Spear,Citizen Lake Monitoring - Water Quality - Mud Hen Lake; At Deepest Point
06/24/1990,Robert Spear,Citizen Lake Monitoring - Water Quality - Mud Hen Lake; At Deepest Point
07/09/1990,Robert Spear,Citizen Lake Monitoring - Water Quality - Mud Hen Lake; At Deepest Point
07/20/1990,Robert Spear,Citizen Lake Monitoring - Water Quality - Mud Hen Lake; At Deepest Point
07/31/1990,Robert Spear,Citizen Lake Monitoring - Water Quality - Mud Hen Lake; At Deepest Point
08/13/1990,Robert Spear,Citizen Lake Monitoring - Water Quality - Mud Hen Lake; At Deepest Point
08/22/1990,Robert Spear,Citizen Lake Monitoring - Water Quality - Mud Hen Lake; At Deepest Point
09/10/1990,Robert Spear,Citizen Lake Monitoring - Water Quality - Mud Hen Lake; At Deepest Point
09/20/1990,Robert Spear,Citizen Lake Monitoring - Water Quality - Mud Hen Lake; At Deepest Point
07/10/1991,Robert Spear,Citizen Lake Monitoring - Water Quality - Mud Hen Lake; At Deepest Point
07/17/1991,Robert Spear,Citizen Lake Monitoring - Water Quality - Mud Hen Lake; At Deepest Point
07/26/1991,Robert Spear,Citizen Lake Monitoring - Water Quality - Mud Hen Lake; At Deepest Point
08/09/1991,Robert Spear,Citizen Lake Monitoring - Water Quality - Mud Hen Lake; At Deepest Point
08/21/1991,Robert Spear,Citizen Lake Monitoring - Water Quality - Mud Hen Lake; At Deepest Point
09/06/1991,Robert Spear,Citizen Lake Monitoring - Water Quality - Mud Hen Lake; At Deepest Point
04/23/1992,Robert Spear,Citizen Lake Monitoring - Water Quality - Mud Hen Lake; At Deepest Point
07/11/1992,Robert Spear,Citizen Lake Monitoring - Water Quality - Mud Hen Lake; At Deepest Point
07/16/1992,Robert Spear,Citizen Lake Monitoring - Water Quality - Mud Hen Lake; At Deepest Point
08/11/1993,Robert Spear,Citizen Lake Monitoring - Water Quality - Mud Hen Lake; At Deepest Point
09/15/1993,Allen Erickson,Citizen Lake Monitoring - Water Quality - Mud Hen Lake; At Deepest Point
09/15/1993,Mike and Toni Huber,Citizen Lake Monitoring - Water Quality - Mud Hen Lake; At Deepest Point
11/03/1993,Allen Erickson,Citizen Lake Monitoring - Water Quality - Mud Hen Lake; At Deepest Point
11/03/1993,Data Collectors,Citizen Lake Monitoring - Water Quality - Mud Hen Lake; At Deepest Point
05/18/1994,Allen Erickson And John Kujawa,Citizen Lake Monitoring - Water Quality - Mud Hen Lake; At Deepest Point
06/01/1994,John Kujawa,Citizen Lake Monitoring - Water Quality - Mud Hen Lake; At Deepest Point
06/10/1994,John Kujawa,Citizen Lake Monitoring - Water Quality - Mud Hen Lake; At Deepest Point
06/18/1994,John Kujawa,Citizen Lake Monitoring - Water Quality - Mud Hen Lake; At Deepest Point
06/24/1994,John Kujawa,Citizen Lake Monitoring - Water Quality - Mud Hen Lake; At Deepest Point
07/05/1994,John Kujawa,Citizen Lake Monitoring - Water Quality - Mud Hen Lake; At Deepest Point
07/06/1994,Allen Erickson And John Kujawa,Citizen Lake Monitoring - Water Quality - Mud Hen Lake; At Deepest Point
07/14/1994,John Kujawa,Citizen Lake Monitoring - Water Quality - Mud Hen Lake; At Deepest Point
07/24/1994,John Kujawa,Citizen Lake Monitoring - Water Quality - Mud Hen Lake; At Deepest Point
08/09/1994,John Kujawa,Citizen Lake Monitoring - Water Quality - Mud Hen Lake; At Deepest Point
08/24/1994,Allen Erickson And John Kujawa,Citizen Lake Monitoring - Water Quality - Mud Hen Lake; At Deepest Point
09/05/1994,John Kujawa,Citizen Lake Monitoring - Water Quality - Mud Hen Lake; At Deepest Point
09/23/1994,John Kujawa,Citizen Lake Monitoring - Water Quality - Mud Hen Lake; At Deepest Point
10/01/1994,John Kujawa,Citizen Lake Monitoring - Water Quality - Mud Hen Lake; At Deepest Point
11/04/1994,Allen Erickson And John Kujawa,Citizen Lake Monitoring - Water Quality - Mud Hen Lake; At Deepest Point
05/15/1995,John Kujawa,Citizen Lake Monitoring - Water Quality - Mud Hen Lake; At Deepest Point
05/30/1995,Allen Erickson,Citizen Lake Monitoring - Water Quality - Mud Hen Lake; At Deepest Point
05/31/1995,John Kujawa,Citizen Lake Monitoring - Water Quality - Mud Hen Lake; At Deepest Point
06/20/1995,Allen Erickson,Citizen Lake Monitoring - Water Quality - Mud Hen Lake; At Deepest Point
06/28/1995,John Kujawa,Citizen Lake Monitoring - Water Quality - Mud Hen Lake; At Deepest Point
07/04/1995,John Kujawa,Citizen Lake Monitoring - Water Quality - Mud Hen Lake; At Deepest Point
07/24/1995,John Kujawa,Citizen Lake Monitoring - Water Quality - Mud Hen Lake; At Deepest Point
08/23/1995,Allen Erickson,Citizen Lake Monitoring - Water Quality - Mud Hen Lake; At Deepest Point
08/30/1995,John Kujawa,Citizen Lake Monitoring - Water Quality - Mud Hen Lake; At Deepest Point
09/10/1995,John Kujawa,Citizen Lake Monitoring - Water Quality - Mud Hen Lake; At Deepest Point
10/30/1995,Allen Erickson,Citizen Lake Monitoring - Water Quality - Mud Hen Lake; At Deepest Point
06/09/1996,John Kujawa,Citizen Lake Monitoring - Water Quality - Mud Hen Lake; At Deepest Point
07/01/1996,Allen Erickson And John Kujawa,Citizen Lake Monitoring - Water Quality - Mud Hen Lake; At Deepest Point
07/06/1996,John Kujawa,Citizen Lake Monitoring - Water Quality - Mud Hen Lake; At Deepest Point
08/02/1996,Allen Erickson- John Kujawa And Walter Johnson,Citizen Lake Monitoring - Water Quality - Mud Hen Lake; At Deepest Point
08/29/1996,John Kujawa,Citizen Lake Monitoring - Water Quality - Mud Hen Lake; At Deepest Point
09/01/1996,Ed Bissen,Citizen Lake Monitoring - Water Quality - Mud Hen Lake; At Deepest Point
09/17/1996,John Kujawa,Citizen Lake Monitoring - Water Quality - Mud Hen Lake; At Deepest Point
09/27/1996,John Kujawa,Citizen Lake Monitoring - Water Quality - Mud Hen Lake; At Deepest Point
11/05/1996,Allen Erickson,Citizen Lake Monitoring - Water Quality - Mud Hen Lake; At Deepest Point
06/01/1997,John Kujawa,Citizen Lake Monitoring - Water Quality - Mud Hen Lake; At Deepest Point
07/11/1997,Allen Erickson And John Kujawa,Citizen Lake Monitoring - Water Quality - Mud Hen Lake; At Deepest Point
07/24/1997,John Kujawa,Citizen Lake Monitoring - Water Quality - Mud Hen Lake; At Deepest Point
08/15/1997,John Kujawa,Citizen Lake Monitoring - Water Quality - Mud Hen Lake; At Deepest Point
08/28/1997,John Kujawa,Citizen Lake Monitoring - Water Quality - Mud Hen Lake; At Deepest Point
09/12/1997,Allen Erickson And John Kujawa,Citizen Lake Monitoring - Water Quality - Mud Hen Lake; At Deepest Point
09/25/1997,John Kujawa,Citizen Lake Monitoring - Water Quality - Mud Hen Lake; At Deepest Point
10/01/1997,Allen Erickson And John Kujawa,Citizen Lake Monitoring - Water Quality - Mud Hen Lake; At Deepest Point
07/07/1998,Allen Erickson And John Kujawa,Citizen Lake Monitoring - Water Quality - Mud Hen Lake; At Deepest Point
09/14/1998,Allen Erickson And John Kujawa,Citizen Lake Monitoring - Water Quality - Mud Hen Lake; At Deepest Point
10/14/1998,Allen Erickson And John Kujawa,Citizen Lake Monitoring - Water Quality - Mud Hen Lake; At Deepest Point
05/30/1999,Allen Erickson And John Kujawa,Citizen Lake Monitoring - Water Quality - Mud Hen Lake; At Deepest Point
06/12/1999,John Kujawa,Citizen Lake Monitoring - Water Quality - Mud Hen Lake; At Deepest Point
06/30/1999,Allen Erickson And John Kujawa,Citizen Lake Monitoring - Water Quality - Mud Hen Lake; At Deepest Point
07/11/1999,John Kujawa,Citizen Lake Monitoring - Water Quality - Mud Hen Lake; At Deepest Point
08/02/1999,Allen Erickson And John Kujawa,Citizen Lake Monitoring - Water Quality - Mud Hen Lake; At Deepest Point
08/17/1999,John Kujawa,Citizen Lake Monitoring - Water Quality - Mud Hen Lake; At Deepest Point
09/16/1999,Allen Erickson And John Kujawa,Citizen Lake Monitoring - Water Quality - Mud Hen Lake; At Deepest Point
10/01/1999,John Kujawa,Citizen Lake Monitoring - Water Quality - Mud Hen Lake; At Deepest Point
10/20/1999,Allen Erickson And John Kujawa,Citizen Lake Monitoring - Water Quality - Mud Hen Lake; At Deepest Point
07/25/2000,Allen Erickson,Citizen Lake Monitoring - Water Quality - Mud Hen Lake; At Deepest Point
07/26/2000,Neil Miller,Citizen Lake Monitoring - Water Quality - Mud Hen Lake; At Deepest Point
08/08/2000,Neil Miller,Citizen Lake Monitoring - Water Quality - Mud Hen Lake; At Deepest Point
08/23/2000,Neil Miller,Citizen Lake Monitoring - Water Quality - Mud Hen Lake; At Deepest Point
08/28/2000,Daniel Heintz,Citizen Lake Monitoring - Water Quality - Mud Hen Lake; At Deepest Point
08/28/2000,Daniel Heintz,GMU LAKE CLASS STUDY
08/29/2000,Allen Erickson And Neil Miller,Citizen Lake Monitoring - Water Quality - Mud Hen Lake; At Deepest Point
10/04/2000,Neil Miller,Citizen Lake Monitoring - Water Quality - Mud Hen Lake; At Deepest Point
10/10/2000,Allen Erickson And Neil Miller,Citizen Lake Monitoring - Water Quality - Mud Hen Lake; At Deepest Point
10/16/2000,Neil Miller,Citizen Lake Monitoring - Water Quality - Mud Hen Lake; At Deepest Point
05/15/2001,Neil Miller,Citizen Lake Monitoring - Water Quality - Mud Hen Lake; At Deepest Point
08/02/2001,Neil Miller,Citizen Lake Monitoring - Water Quality - Mud Hen Lake; At Deepest Point
10/01/2001,Neil Miller,Citizen Lake Monitoring - Water Quality - Mud Hen Lake; At Deepest Point
05/20/2002,Allen Erickson And Neil Miller,Citizen Lake Monitoring - Water Quality - Mud Hen Lake; At Deepest Point
06/17/2002,Allen Erickson And Neil Miller,Citizen Lake Monitoring - Water Quality - Mud Hen Lake; At Deepest Point
07/23/2002,Allen Erickson And Neil Miller,Citizen Lake Monitoring - Water Quality - Mud Hen Lake; At Deepest Point
07/24/2002,Allen Erickson And Neil Miller,Citizen Lake Monitoring - Water Quality - Mud Hen Lake; At Deepest Point
08/26/2002,Allen Erickson And Neil Miller,Citizen Lake Monitoring - Water Quality - Mud Hen Lake; At Deepest Point
10/16/2002,Allen Erickson And Neil Miller,Citizen Lake Monitoring - Water Quality - Mud Hen Lake; At Deepest Point
05/16/2003,Allen Erickson And Neil Miller,Citizen Lake Monitoring - Water Quality - Mud Hen Lake; At Deepest Point
06/17/2003,Neil Miller,Citizen Lake Monitoring - Water Quality - Mud Hen Lake; At Deepest Point
06/30/2003,Allen Erickson And Neil Miller,Citizen Lake Monitoring - Water Quality - Mud Hen Lake; At Deepest Point
07/28/2003,Allen Erickson And Neil Miller,Citizen Lake Monitoring - Water Quality - Mud Hen Lake; At Deepest Point
08/25/2003,Allen Erickson And Neil Miller,Citizen Lake Monitoring - Water Quality - Mud Hen Lake; At Deepest Point
10/14/2003,Allen Erickson And Neil Miller,Citizen Lake Monitoring - Water Quality - Mud Hen Lake; At Deepest Point
06/01/2004,Neil and Grace Miller,Citizen Lake Monitoring - Water Quality - Mud Hen Lake; At Deepest Point
06/28/2004,Neil and Grace Miller,Citizen Lake Monitoring - Water Quality - Mud Hen Lake; At Deepest Point
07/19/2004,Neil and Grace Miller,Citizen Lake Monitoring - Water Quality - Mud Hen Lake; At Deepest Point
08/23/2004,Neil and Grace Miller,Citizen Lake Monitoring - Water Quality - Mud Hen Lake; At Deepest Point
10/10/2004,Neil Miller,Citizen Lake Monitoring - Water Quality - Mud Hen Lake; At Deepest Point
10/10/2004,Neil and Grace Miller,Citizen Lake Monitoring - Water Quality - Mud Hen Lake; At Deepest Point
05/24/2005,Neil and Grace Miller,Citizen Lake Monitoring - Water Quality - Mud Hen Lake; At Deepest Point
06/21/2005,Neil and Grace Miller,Citizen Lake Monitoring - Water Quality - Mud Hen Lake; At Deepest Point
07/27/2005,Neil and Grace Miller,Citizen Lake Monitoring - Water Quality - Mud Hen Lake; At Deepest Point
08/16/2005,Neil and Grace Miller,Citizen Lake Monitoring - Water Quality - Mud Hen Lake; At Deepest Point
10/10/2005,Neil and Grace Miller,Citizen Lake Monitoring - Water Quality - Mud Hen Lake; At Deepest Point
05/30/2006,Neil and Grace Miller,Citizen Lake Monitoring - Water Quality - Mud Hen Lake; At Deepest Point
06/26/2006,Neil and Grace Miller,Citizen Lake Monitoring - Water Quality - Mud Hen Lake; At Deepest Point
07/25/2006,Neil and Grace Miller,Citizen Lake Monitoring - Water Quality - Mud Hen Lake; At Deepest Point
09/04/2006,Neil and Grace Miller,Citizen Lake Monitoring - Water Quality - Mud Hen Lake; At Deepest Point
05/26/2007,Scott Stennes,Citizen Lake Monitoring - Water Quality - Mud Hen Lake; At Deepest Point
06/16/2007,Data Collectors,Citizen Lake Monitoring - Water Quality - Mud Hen Lake; At Deepest Point
07/28/2007,Scott Stennes,Citizen Lake Monitoring - Water Quality - Mud Hen Lake; At Deepest Point
05/11/2008,Scott Stennes,Citizen Lake Monitoring - Water Quality - Mud Hen Lake; At Deepest Point
05/25/2008,Scott Stennes,Citizen Lake Monitoring - Water Quality - Mud Hen Lake; At Deepest Point
05/31/2008,Scott Stennes,Citizen Lake Monitoring - Water Quality - Mud Hen Lake; At Deepest Point
06/15/2008,Scott Stennes,Citizen Lake Monitoring - Water Quality - Mud Hen Lake; At Deepest Point
07/02/2008,Scott Stennes,Citizen Lake Monitoring - Water Quality - Mud Hen Lake; At Deepest Point
07/23/2008,Scott Stennes,Citizen Lake Monitoring - Water Quality - Mud Hen Lake; At Deepest Point
08/10/2008,Daniel J Heintz- Steven G. Hoffman,Citizen Lake Monitoring - Water Quality - Mud Hen Lake; At Deepest Point
09/01/2008,Scott Stennes,Citizen Lake Monitoring - Water Quality - Mud Hen Lake; At Deepest Point
05/24/2009,Scott Stennes,Citizen Lake Monitoring - Water Quality - Mud Hen Lake; At Deepest Point
06/30/2009,Scott Stennes,Citizen Lake Monitoring - Water Quality - Mud Hen Lake; At Deepest Point
07/04/2009,Scott Stennes,Citizen Lake Monitoring - Water Quality - Mud Hen Lake; At Deepest Point
07/12/2009,Scott Stennes,Citizen Lake Monitoring - Water Quality - Mud Hen Lake; At Deepest Point
09/07/2009,Scott Stennes,Citizen Lake Monitoring - Water Quality - Mud Hen Lake; At Deepest Point
04/11/2010,Scott Stennes,Citizen Lake Monitoring - Water Quality - Mud Hen Lake; At Deepest Point
05/17/2010,Scott Stennes,Citizen Lake Monitoring - Water Quality - Mud Hen Lake; At Deepest Point
06/20/2010,Scott Stennes,Citizen Lake Monitoring - Water Quality - Mud Hen Lake; At Deepest Point
07/26/2010,Scott Stennes,Citizen Lake Monitoring - Water Quality - Mud Hen Lake; At Deepest Point
09/06/2010,Scott Stennes,Citizen Lake Monitoring - Water Quality - Mud Hen Lake; At Deepest Point
06/26/2011,Scott Stennes,Citizen Lake Monitoring - Water Quality - Mud Hen Lake; At Deepest Point
07/06/2011,Scott Stennes,Citizen Lake Monitoring - Water Quality - Mud Hen Lake; At Deepest Point
07/10/2011,Scott Stennes,Citizen Lake Monitoring - Water Quality - Mud Hen Lake; At Deepest Point
07/17/2011,Scott Stennes,Citizen Lake Monitoring - Water Quality - Mud Hen Lake; At Deepest Point
08/06/2011,Scott Stennes,Citizen Lake Monitoring - Water Quality - Mud Hen Lake; At Deepest Point
08/14/2011,Mike and Toni Huber,Citizen Lake Monitoring - Water Quality - Mud Hen Lake; At Deepest Point
08/14/2011,Scott Stennes,Citizen Lake Monitoring - Water Quality - Mud Hen Lake; At Deepest Point
08/20/2011,Scott Stennes,Citizen Lake Monitoring - Water Quality - Mud Hen Lake; At Deepest Point
08/21/2011,Mike and Toni Huber,Citizen Lake Monitoring - Water Quality - Mud Hen Lake; At Deepest Point
08/21/2011,Scott Stennes,Citizen Lake Monitoring - Water Quality - Mud Hen Lake; At Deepest Point
08/28/2011,Mike and Toni Huber,Citizen Lake Monitoring - Water Quality - Mud Hen Lake; At Deepest Point
08/28/2011,Scott Stennes,Citizen Lake Monitoring - Water Quality - Mud Hen Lake; At Deepest Point
09/07/2011,Mike and Toni Huber,Citizen Lake Monitoring - Water Quality - Mud Hen Lake; At Deepest Point
09/07/2011,Scott Stennes,Citizen Lake Monitoring - Water Quality - Mud Hen Lake; At Deepest Point
10/02/2011,Scott Stennes,Citizen Lake Monitoring - Water Quality - Mud Hen Lake; At Deepest Point
05/25/2012,Mike and Toni Huber,Citizen Lake Monitoring - Water Quality - Mud Hen Lake; At Deepest Point
06/03/2012,Mike and Toni Huber,Citizen Lake Monitoring - Water Quality - Mud Hen Lake; At Deepest Point
06/11/2012,Mike and Toni Huber,Citizen Lake Monitoring - Water Quality - Mud Hen Lake; At Deepest Point
06/17/2012,Mike and Toni Huber,Citizen Lake Monitoring - Water Quality - Mud Hen Lake; At Deepest Point
06/30/2012,Mike and Toni Huber,Citizen Lake Monitoring - Water Quality - Mud Hen Lake; At Deepest Point
07/07/2012,Mike and Toni Huber,Citizen Lake Monitoring - Water Quality - Mud Hen Lake; At Deepest Point
07/15/2012,Mike and Toni Huber,Citizen Lake Monitoring - Water Quality - Mud Hen Lake; At Deepest Point
07/29/2012,Mike and Toni Huber,Citizen Lake Monitoring - Water Quality - Mud Hen Lake; At Deepest Point
07/31/2012,Mike and Toni Huber,Citizen Lake Monitoring - Water Quality - Mud Hen Lake; At Deepest Point
08/11/2012,Mike and Toni Huber,Citizen Lake Monitoring - Water Quality - Mud Hen Lake; At Deepest Point
08/19/2012,Mike and Toni Huber,Citizen Lake Monitoring - Water Quality - Mud Hen Lake; At Deepest Point
09/02/2012,Mike and Toni Huber,Citizen Lake Monitoring - Water Quality - Mud Hen Lake; At Deepest Point
09/07/2012,Mike and Toni Huber,Citizen Lake Monitoring - Water Quality - Mud Hen Lake; At Deepest Point
09/16/2012,Mike and Toni Huber,Citizen Lake Monitoring - Water Quality - Mud Hen Lake; At Deepest Point
09/18/2012,Mike and Toni Huber,Citizen Lake Monitoring - Water Quality - Mud Hen Lake; At Deepest Point
09/30/2012,Mike and Toni Huber,Citizen Lake Monitoring - Water Quality - Mud Hen Lake; At Deepest Point
10/13/2012,Mike and Toni Huber,Citizen Lake Monitoring - Water Quality - Mud Hen Lake; At Deepest Point
10/16/2012,Mike and Toni Huber,Citizen Lake Monitoring - Water Quality - Mud Hen Lake; At Deepest Point
05/27/2013,Mike Huber,Citizen Lake Monitoring - Water Quality - Mud Hen Lake; At Deepest Point
06/02/2013,Mike Huber,Citizen Lake Monitoring - Water Quality - Mud Hen Lake; At Deepest Point
06/08/2013,Mike Huber,Citizen Lake Monitoring - Water Quality - Mud Hen Lake; At Deepest Point
06/16/2013,Mike Huber,Citizen Lake Monitoring - Water Quality - Mud Hen Lake; At Deepest Point
06/23/2013,Mike Huber,Citizen Lake Monitoring - Water Quality - Mud Hen Lake; At Deepest Point
06/30/2013,Scott Stennes,Citizen Lake Monitoring - Water Quality - Mud Hen Lake; At Deepest Point
07/07/2013,Scott Stennes,Citizen Lake Monitoring - Water Quality - Mud Hen Lake; At Deepest Point
07/14/2013,Mike Huber,Citizen Lake Monitoring - Water Quality - Mud Hen Lake; At Deepest Point
07/20/2013,Mike Huber,Citizen Lake Monitoring - Water Quality - Mud Hen Lake; At Deepest Point
07/28/2013,Mike Huber,Citizen Lake Monitoring - Water Quality - Mud Hen Lake; At Deepest Point
07/28/2013,Scott Stennes,Citizen Lake Monitoring - Water Quality - Mud Hen Lake; At Deepest Point
08/10/2013,Mike Huber,Citizen Lake Monitoring - Water Quality - Mud Hen Lake; At Deepest Point
08/31/2013,Mike Huber,Citizen Lake Monitoring - Water Quality - Mud Hen Lake; At Deepest Point
09/10/2013,Mike Huber,Citizen Lake Monitoring - Water Quality - Mud Hen Lake; At Deepest Point
09/29/2013,Mike Huber,Citizen Lake Monitoring - Water Quality - Mud Hen Lake; At Deepest Point
10/13/2013,Mike Huber,Citizen Lake Monitoring - Water Quality - Mud Hen Lake; At Deepest Point
10/27/2013,Mike Huber,Citizen Lake Monitoring - Water Quality - Mud Hen Lake; At Deepest Point
06/22/2014,Mike and Toni Huber,Citizen Lake Monitoring - Water Quality - Mud Hen Lake; At Deepest Point
06/29/2014,Mike and Toni Huber,Citizen Lake Monitoring - Water Quality - Mud Hen Lake; At Deepest Point
07/13/2014,Mike and Toni Huber,Citizen Lake Monitoring - Water Quality - Mud Hen Lake; At Deepest Point
07/27/2014,Mike and Toni Huber,Citizen Lake Monitoring - Water Quality - Mud Hen Lake; At Deepest Point
08/05/2014,Scott Stennes,Citizen Lake Monitoring - Water Quality - Mud Hen Lake; At Deepest Point
08/16/2014,Mike and Toni Huber,Citizen Lake Monitoring - Water Quality - Mud Hen Lake; At Deepest Point
08/30/2014,Mike and Toni Huber,Citizen Lake Monitoring - Water Quality - Mud Hen Lake; At Deepest Point
09/01/2014,Mike and Toni Huber,Citizen Lake Monitoring - Water Quality - Mud Hen Lake; At Deepest Point
09/07/2014,Mike and Toni Huber,Citizen Lake Monitoring - Water Quality - Mud Hen Lake; At Deepest Point
05/03/2015,Mike and Toni Huber,Citizen Lake Monitoring - Water Quality - Mud Hen Lake; At Deepest Point
05/30/2015,Mike and Toni Huber,Citizen Lake Monitoring - Water Quality - Mud Hen Lake; At Deepest Point
06/07/2015,Mike and Toni Huber,Citizen Lake Monitoring - Water Quality - Mud Hen Lake; At Deepest Point
06/07/2015,Scott Stennes,Citizen Lake Monitoring - Water Quality - Mud Hen Lake; At Deepest Point
06/14/2015,Mike and Toni Huber,Citizen Lake Monitoring - Water Quality - Mud Hen Lake; At Deepest Point
06/14/2015,Scott Stennes,Citizen Lake Monitoring - Water Quality - Mud Hen Lake; At Deepest Point
06/21/2015,Mike and Toni Huber,Citizen Lake Monitoring - Water Quality - Mud Hen Lake; At Deepest Point
06/21/2015,Scott Stennes,Citizen Lake Monitoring - Water Quality - Mud Hen Lake; At Deepest Point
06/27/2015,Scott Stennes,Citizen Lake Monitoring - Water Quality - Mud Hen Lake; At Deepest Point
07/05/2015,Mike Huber,Citizen Lake Monitoring - Water Quality - Mud Hen Lake; At Deepest Point
07/09/2015,Scott Stennes,Citizen Lake Monitoring - Water Quality - Mud Hen Lake; At Deepest Point
07/10/2015,Mike Huber,Citizen Lake Monitoring - Water Quality - Mud Hen Lake; At Deepest Point
07/19/2015,Mike Huber,Citizen Lake Monitoring - Water Quality - Mud Hen Lake; At Deepest Point
07/25/2015,Mike Huber,Citizen Lake Monitoring - Water Quality - Mud Hen Lake; At Deepest Point
07/25/2015,Scott Stennes,Citizen Lake Monitoring - Water Quality - Mud Hen Lake; At Deepest Point
07/26/2015,Scott Stennes,Citizen Lake Monitoring - Water Quality - Mud Hen Lake; At Deepest Point
08/05/2015,Scott Stennes,Citizen Lake Monitoring - Water Quality - Mud Hen Lake; At Deepest Point
08/09/2015,Mike and Toni Huber,Citizen Lake Monitoring - Water Quality - Mud Hen Lake; At Deepest Point
08/15/2015,Scott Stennes,Citizen Lake Monitoring - Water Quality - Mud Hen Lake; At Deepest Point
08/30/2015,Mike and Toni Huber,Citizen Lake Monitoring - Water Quality - Mud Hen Lake; At Deepest Point
09/07/2015,Mike and Toni Huber,Citizen Lake Monitoring - Water Quality - Mud Hen Lake; At Deepest Point
09/12/2015,Mike and Toni Huber,Citizen Lake Monitoring - Water Quality - Mud Hen Lake; At Deepest Point
10/24/2015,Mike and Toni Huber,Citizen Lake Monitoring - Water Quality - Mud Hen Lake; At Deepest Point
05/30/2016,Mike and Toni Huber,Citizen Lake Monitoring - Water Quality - Mud Hen Lake; At Deepest Point
06/16/2016,Scott Stennes,Citizen Lake Monitoring - Water Quality - Mud Hen Lake; At Deepest Point
06/18/2016,Mike and Toni Huber,Citizen Lake Monitoring - Water Quality - Mud Hen Lake; At Deepest Point
07/02/2016,Scott Stennes,Citizen Lake Monitoring - Water Quality - Mud Hen Lake; At Deepest Point
07/16/2016,Mike and Toni Huber,Citizen Lake Monitoring - Water Quality - Mud Hen Lake; At Deepest Point
07/22/2016,Scott Stennes,Citizen Lake Monitoring - Water Quality - Mud Hen Lake; At Deepest Point
08/07/2016,Mike and Toni Huber,Citizen Lake Monitoring - Water Quality - Mud Hen Lake; At Deepest Point
08/07/2016,Scott Stennes,Citizen Lake Monitoring - Water Quality - Mud Hen Lake; At Deepest Point
08/14/2016,Mike and Toni Huber,Citizen Lake Monitoring - Water Quality - Mud Hen Lake; At Deepest Point
08/28/2016,Mike and Toni Huber,Citizen Lake Monitoring - Water Quality - Mud Hen Lake; At Deepest Point
10/01/2016,Mike and Toni Huber,Citizen Lake Monitoring - Water Quality - Mud Hen Lake; At Deepest Point
05/07/2017,Mike and Toni Huber,Citizen Lake Monitoring - Water Quality - Mud Hen Lake; At Deepest Point
06/04/2017,Scott Stennes,Citizen Lake Monitoring - Water Quality - Mud Hen Lake; At Deepest Point
06/18/2017,Scott Stennes,Citizen Lake Monitoring - Water Quality - Mud Hen Lake; At Deepest Point
07/03/2017,Scott Stennes,Citizen Lake Monitoring - Water Quality - Mud Hen Lake; At Deepest Point
07/22/2017,Mary Sagstetter- Scott Stennes,Citizen Lake Monitoring - Water Quality - Mud Hen Lake; At Deepest Point
07/23/2017,Scott Stennes,Citizen Lake Monitoring - Water Quality - Mud Hen Lake; At Deepest Point
09/03/2017,Scott Stennes,Citizen Lake Monitoring - Water Quality - Mud Hen Lake; At Deepest Point
10/07/2017,Mike and Toni Huber,Citizen Lake Monitoring - Water Quality - Mud Hen Lake; At Deepest Point
10/22/2017,Mike and Toni Huber,Citizen Lake Monitoring - Water Quality - Mud Hen Lake; At Deepest Point
