Lake Water Quality Report - 1950 to 2017


Lake Name,County Name,Waterbody ID(WBIC),Region Code,County Code,Station Name,Station ID,Geo Region,Lake Type
Hammil Lake,Bayfield,2467900,NO,4,,043148,NW,SEEPAGE



Group Seq No, Start Date, Secchi (Feet),Secchi Hit Bottom?,Secchi (Meters),Chlorophyll(ug/l),Total Phosphorus(ug/l),Secchi TSI,Total Phosphorus TSI,Chlorophyll TSI,Lake Level,Staff Gauge,Appearance,Color,Perception
8189041,04/27/2000,14.5,NO,4.4,,,39,,,LOW,,CLEAR,BLUE,1-Beautiful, could not be nicer
8189041,05/14/2000,14.5,NO,4.4,,,39,,,LOW,,CLEAR,BLUE,1-Beautiful, could not be nicer
8189041,05/28/2000,14.75,NO,4.5,,,38,,,LOW,,CLEAR,BLUE,1-Beautiful, could not be nicer
8189041,06/18/2000,14.5,NO,4.4,,,39,,,LOW,,CLEAR,BLUE,1-Beautiful, could not be nicer
8189041,07/11/2000,14,NO,4.3,,,39,,,LOW,,CLEAR,BLUE,1-Beautiful, could not be nicer
8189041,08/14/2000,13.25,NO,4,,,40,,,LOW,,CLEAR,BLUE,1-Beautiful, could not be nicer
8189041,08/28/2000,12.75,NO,3.9,,,40,,,LOW,,CLEAR,BLUE,1-Beautiful, could not be nicer
8189041,09/13/2000,12.5,NO,3.8,,,41,,,LOW,,CLEAR,BLUE,1-Beautiful, could not be nicer
8189041,09/30/2000,12.5,NO,3.8,,,41,,,LOW,,CLEAR,BLUE,1-Beautiful, could not be nicer
8189041,05/06/2001,14,NO,4.3,,,39,,,LOW,,CLEAR,BLUE,1-Beautiful, could not be nicer
8189041,05/31/2001,13.75,NO,4.2,,,39,,,LOW,,CLEAR,BLUE,1-Beautiful, could not be nicer
8189041,06/17/2001,13.75,NO,4.2,,,39,,,LOW,,CLEAR,BLUE,1-Beautiful, could not be nicer
8189041,06/28/2001,13.75,NO,4.2,,,39,,,LOW,,CLEAR,BLUE,1-Beautiful, could not be nicer
8189041,07/18/2001,13.5,NO,4.1,,,40,,,LOW,,CLEAR,BLUE,1-Beautiful, could not be nicer
8189041,08/08/2001,13.25,NO,4,,,40,,,LOW,,CLEAR,BLUE,1-Beautiful, could not be nicer
8189041,09/02/2001,2.5,YES,0.8,,,64,,,LOW,,CLEAR,BLUE,1-Beautiful, could not be nicer
8189041,09/16/2001,12.5,NO,3.8,,,41,,,NORMAL,,CLEAR,BLUE,1-Beautiful, could not be nicer
8189041,05/04/2002,11,NO,3.3,,,43,,,NORMAL,,CLEAR,BLUE,1-Beautiful, could not be nicer
8189041,05/19/2002,11,NO,3.3,,,43,,,NORMAL,,CLEAR,BLUE,1-Beautiful, could not be nicer
8189041,06/02/2002,14.5,NO,4.4,,,39,,,NORMAL,,CLEAR,BLUE,1-Beautiful, could not be nicer
8189041,06/05/2002,16,NO,4.9,,,37,,,NORMAL,,CLEAR,BLUE,1-Beautiful, could not be nicer
8189041,06/25/2002,18,NO,5.5,,,35,,,NORMAL,,CLEAR,BLUE,1-Beautiful, could not be nicer
8189041,07/12/2002,14.5,NO,4.4,,,39,,,NORMAL,,CLEAR,BLUE,1-Beautiful, could not be nicer
8189041,07/18/2002,13.25,NO,4,,,40,,,NORMAL,,CLEAR,BLUE,1-Beautiful, could not be nicer
8189041,08/04/2002,12.5,NO,3.8,,,41,,,NORMAL,,CLEAR,BLUE,1-Beautiful, could not be nicer
8189041,08/18/2002,12.25,NO,3.7,,,41,,,NORMAL,,CLEAR,BLUE,1-Beautiful, could not be nicer
8189041,09/13/2002,12.5,NO,3.8,,,41,,,NORMAL,,CLEAR,BLUE,1-Beautiful, could not be nicer
8189041,05/08/2003,11,NO,3.3,,,43,,,LOW,,CLEAR,GREEN,1-Beautiful, could not be nicer
8189041,05/18/2003,14.25,NO,4.3,,,39,,,NORMAL,,CLEAR,BLUE,1-Beautiful, could not be nicer
8189041,05/29/2003,18.5,NO,5.6,,,35,,,NORMAL,,CLEAR,BLUE,1-Beautiful, could not be nicer
8189041,06/15/2003,20.25,NO,6.2,,,34,,,NORMAL,,CLEAR,BLUE,1-Beautiful, could not be nicer
8189041,06/19/2003,23,NO,7,,,32,,,NORMAL,,CLEAR,BLUE,1-Beautiful, could not be nicer
8189041,06/30/2003,20.5,NO,6.2,,,34,,,NORMAL,,CLEAR,BLUE,1-Beautiful, could not be nicer
8189041,07/13/2003,17.75,NO,5.4,,,36,,,NORMAL,,CLEAR,GREEN,1-Beautiful, could not be nicer
8189041,07/18/2003,17.5,NO,5.3,,,36,,,NORMAL,,CLEAR,GREEN,1-Beautiful, could not be nicer
8189041,07/27/2003,15,NO,4.6,,,38,,,NORMAL,,CLEAR,GREEN,1-Beautiful, could not be nicer
8189041,08/09/2003,13.25,NO,4,,,40,,,NORMAL,,CLEAR,GREEN,1-Beautiful, could not be nicer
8189041,08/16/2003,15.25,NO,4.6,,,38,,,NORMAL,,CLEAR,GREEN,1-Beautiful, could not be nicer
8189041,08/31/2003,11.5,NO,3.5,,,42,,,NORMAL,,CLEAR,GREEN,1-Beautiful, could not be nicer
8189041,09/06/2003,10,NO,3,,,44,,,NORMAL,,CLEAR,GREEN,1-Beautiful, could not be nicer
8189041,09/21/2003,11.5,NO,3.5,,,42,,,LOW,,CLEAR,BLUE,1-Beautiful, could not be nicer
8189041,10/05/2003,12.25,NO,3.7,,,41,,,LOW,,CLEAR,BLUE,1-Beautiful, could not be nicer
8189041,05/18/2004,15.75,NO,4.8,,,37,,,LOW,,CLEAR,GREEN,1-Beautiful, could not be nicer
8189041,05/28/2004,14.75,NO,4.5,,,38,,,LOW,,CLEAR,GREEN,1-Beautiful, could not be nicer
8189041,06/03/2004,16.25,NO,4.9,,,37,,,LOW,,CLEAR,GREEN,1-Beautiful, could not be nicer
8189041,06/27/2004,20.5,NO,6.2,,,34,,,LOW,,CLEAR,GREEN,1-Beautiful, could not be nicer
8189041,07/12/2004,16.75,NO,5.1,,,37,,,LOW,,CLEAR,GREEN,1-Beautiful, could not be nicer
8189041,07/19/2004,16.25,NO,4.9,,,37,,,LOW,,CLEAR,GREEN,1-Beautiful, could not be nicer
8189041,07/30/2004,15,NO,4.6,,,38,,,LOW,,CLEAR,GREEN,1-Beautiful, could not be nicer
8189041,08/06/2004,14.25,NO,4.3,,,39,,,LOW,,CLEAR,GREEN,1-Beautiful, could not be nicer
8189041,08/14/2004,11.75,NO,3.6,,,42,,,LOW,,CLEAR,GREEN,1-Beautiful, could not be nicer
8189041,09/18/2004,12.5,NO,3.8,,,41,,,LOW,,CLEAR,GREEN,1-Beautiful, could not be nicer
8189041,09/25/2004,12.5,NO,3.8,,,41,,,LOW,,CLEAR,GREEN,1-Beautiful, could not be nicer
8189041,10/12/2004,13,NO,4,,,40,,,LOW,,CLEAR,GREEN,1-Beautiful, could not be nicer
8189041,05/11/2005,15,NO,4.6,,,38,,,LOW,,CLEAR,GREEN,1-Beautiful, could not be nicer
8189041,05/24/2005,17.25,NO,5.2,,,36,,,LOW,,CLEAR,GREEN,1-Beautiful, could not be nicer
8189041,05/31/2005,15.5,NO,4.7,,,38,,,LOW,,CLEAR,GREEN,2-Very minor aesthetic problems
8189041,06/13/2005,20.5,NO,6.2,,,34,,,LOW,,CLEAR,GREEN,1-Beautiful, could not be nicer
8189041,06/18/2005,22.25,NO,6.8,,,32,,,LOW,,CLEAR,GREEN,1-Beautiful, could not be nicer
8189041,07/13/2005,16.25,NO,4.9,,,37,,,LOW,,CLEAR,GREEN,1-Beautiful, could not be nicer
8189041,07/25/2005,14.25,NO,4.3,,,39,,,LOW,,CLEAR,GREEN,1-Beautiful, could not be nicer
8189041,08/11/2005,12.5,NO,3.8,,,41,,,LOW,,CLEAR,GREEN,1-Beautiful, could not be nicer
8189041,08/24/2005,10,NO,3,,,44,,,LOW,,CLEAR,GREEN,1-Beautiful, could not be nicer
8189041,08/30/2005,9.25,NO,2.8,,,45,,,LOW,,MURKY,GREEN,2-Very minor aesthetic problems
8189041,09/08/2005,9.75,NO,3,,,44,,,LOW,,CLEAR,GREEN,2-Very minor aesthetic problems
8189041,09/21/2005,12,NO,3.6,,,41,,,LOW,,CLEAR,GREEN,1-Beautiful, could not be nicer
8189041,05/07/2006,14.5,NO,4.4,,,39,,,LOW,,CLEAR,BLUE,1-Beautiful, could not be nicer
8189041,05/22/2006,17.25,NO,5.2,,,36,,,LOW,,CLEAR,GREEN,1-Beautiful, could not be nicer
8189041,05/25/2006,17.5,NO,5.3,,,36,,,LOW,,CLEAR,GREEN,1-Beautiful, could not be nicer
8189041,06/11/2006,25,NO,7.6,,,31,,,LOW,,CLEAR,GREEN,1-Beautiful, could not be nicer
8189041,06/22/2006,21,NO,6.4,2.01,16,33,50,40,LOW,,CLEAR,GREEN,1-Beautiful, could not be nicer
8189041,06/30/2006,16.25,NO,4.9,,,37,,,LOW,,CLEAR,GREEN,1-Beautiful, could not be nicer
8189041,07/11/2006,13.5,NO,4.1,,,40,,,LOW,,CLEAR,GREEN,2-Very minor aesthetic problems
8189041,07/23/2006,10.75,NO,3.3,2.03,11,43,47,40,LOW,,CLEAR,GREEN,2-Very minor aesthetic problems
8189041,08/11/2006,13.5,NO,4.1,,,40,,,LOW,,CLEAR,BLUE,1-Beautiful, could not be nicer
8189041,08/20/2006,12.5,NO,3.8,4.06,6,41,42,45,LOW,,CLEAR,BLUE,1-Beautiful, could not be nicer
8189041,08/27/2006,12.75,NO,3.9,,,40,,,LOW,,CLEAR,BLUE,1-Beautiful, could not be nicer
8189041,09/10/2006,14.25,NO,4.3,,,39,,,LOW,,CLEAR,BLUE,1-Beautiful, could not be nicer
8189041,09/21/2006,12.75,NO,3.9,,,40,,,LOW,,CLEAR,BLUE,1-Beautiful, could not be nicer
8189041,09/30/2006,10.75,NO,3.3,,,43,,,LOW,,CLEAR,BLUE,1-Beautiful, could not be nicer
8189041,04/22/2007,9.75,NO,3,,18,44,51,,LOW,,CLEAR,BLUE,1-Beautiful, could not be nicer
8189041,05/11/2007,15,NO,4.6,,,38,,,LOW,,CLEAR,BLUE,1-Beautiful, could not be nicer
8189041,05/20/2007,16.5,NO,5,,,37,,,LOW,,CLEAR,BLUE,1-Beautiful, could not be nicer
8189041,05/30/2007,14,NO,4.3,,,39,,,LOW,,CLEAR,BLUE,1-Beautiful, could not be nicer
8189041,06/10/2007,13.25,NO,4,,,40,,,LOW,,CLEAR,BLUE,1-Beautiful, could not be nicer
8189041,06/16/2007,18.75,NO,5.7,,,35,,,LOW,,CLEAR,BLUE,1-Beautiful, could not be nicer
8189041,06/24/2007,19.5,NO,5.9,1.66,7,34,43,39,LOW,,CLEAR,BLUE,1-Beautiful, could not be nicer
8189041,07/08/2007,14,NO,4.3,,,39,,,LOW,,CLEAR,BLUE,1-Beautiful, could not be nicer
8189041,07/17/2007,13.75,NO,4.2,,,39,,,LOW,,CLEAR,BLUE,1-Beautiful, could not be nicer
8189041,07/22/2007,12,NO,3.6,2.91,9,41,45,43,LOW,,CLEAR,BLUE,1-Beautiful, could not be nicer
8189041,07/28/2007,13.25,NO,4,,,40,,,LOW,,CLEAR,BLUE,1-Beautiful, could not be nicer
8189041,08/06/2007,13.75,NO,4.2,,,39,,,LOW,,CLEAR,BLUE,1-Beautiful, could not be nicer
8189041,08/19/2007,9.5,NO,2.9,,,45,,,LOW,,CLEAR,GREEN,2-Very minor aesthetic problems
8189041,08/22/2007,10,NO,3,,,44,,,LOW,,CLEAR,GREEN,1-Beautiful, could not be nicer
8189041,08/26/2007,8.75,NO,2.7,4.97,9,46,45,47,LOW,,CLEAR,GREEN,2-Very minor aesthetic problems
8189041,09/12/2007,9.5,NO,2.9,,,45,,,LOW,,CLEAR,GREEN,1-Beautiful, could not be nicer
8189041,09/20/2007,9.75,NO,3,,,44,,,LOW,,CLEAR,GREEN,1-Beautiful, could not be nicer
8189041,10/12/2007,11.25,NO,3.4,,,42,,,LOW,,CLEAR,BLUE,1-Beautiful, could not be nicer
8189041,05/13/2008,8,NO,2.4,,22,47,52,,LOW,,CLEAR,GREEN,2-Very minor aesthetic problems
8189041,05/19/2008,9,NO,2.7,,,45,,,LOW,,CLEAR,GREEN,2-Very minor aesthetic problems
8189041,05/29/2008,11.25,NO,3.4,,,42,,,LOW,,CLEAR,GREEN,1-Beautiful, could not be nicer
8189041,06/02/2008,12,NO,3.6,,,41,,,LOW,,CLEAR,BLUE,1-Beautiful, could not be nicer
8189041,06/08/2008,18.25,NO,5.5,,,35,,,LOW,,CLEAR,BLUE,1-Beautiful, could not be nicer
8189041,06/19/2008,20,NO,6.1,,,34,,,LOW,,CLEAR,GREEN,1-Beautiful, could not be nicer
8189041,06/22/2008,16.5,NO,5,0.93,10,37,46,34,LOW,,CLEAR,GREEN,1-Beautiful, could not be nicer
8189041,07/04/2008,14.75,NO,4.5,,,38,,,LOW,,CLEAR,GREEN,1-Beautiful, could not be nicer
8189041,07/14/2008,12.5,NO,3.8,,,41,,,LOW,,CLEAR,GREEN,2-Very minor aesthetic problems
8189041,07/20/2008,9.75,NO,3,0.5,9,44,45,30,LOW,,CLEAR,GREEN,2-Very minor aesthetic problems
8189041,08/02/2008,11.25,NO,3.4,,,42,,,LOW,,CLEAR,GREEN,2-Very minor aesthetic problems
8189041,08/17/2008,11.5,NO,3.5,,,42,,,LOW,,CLEAR,GREEN,2-Very minor aesthetic problems
8189041,08/24/2008,11,NO,3.3,5.28,9,43,45,47,LOW,,CLEAR,GREEN,2-Very minor aesthetic problems
8189041,09/05/2008,10.75,NO,3.3,,,43,,,LOW,,CLEAR,GREEN,2-Very minor aesthetic problems
8189041,09/17/2008,10.5,NO,3.2,,,43,,,LOW,,CLEAR,BLUE,1-Beautiful, could not be nicer
8189041,09/28/2008,11.75,NO,3.6,,,42,,,LOW,,CLEAR,BLUE,1-Beautiful, could not be nicer
8189041,05/03/2009,12.25,NO,3.7,,17,41,50,,LOW,,CLEAR,GREEN,2-Very minor aesthetic problems
8189041,05/10/2009,15.75,NO,4.8,,,37,,,LOW,,CLEAR,BLUE,1-Beautiful, could not be nicer
8189041,05/25/2009,16,NO,4.9,,,37,,,LOW,,CLEAR,BLUE,1-Beautiful, could not be nicer
8189041,05/31/2009,17,NO,5.2,,,36,,,LOW,,CLEAR,BLUE,1-Beautiful, could not be nicer
8189041,06/14/2009,14.5,NO,4.4,,,39,,,LOW,,CLEAR,BLUE,1-Beautiful, could not be nicer
8189041,06/21/2009,14,NO,4.3,1.34,13,39,48,37,LOW,,CLEAR,BLUE,2-Very minor aesthetic problems
8189041,06/27/2009,13.5,NO,4.1,,,40,,,LOW,,CLEAR,BLUE,1-Beautiful, could not be nicer
8189041,07/07/2009,15.5,NO,4.7,,,38,,,LOW,,CLEAR,BLUE,1-Beautiful, could not be nicer
8189041,07/19/2009,11.5,NO,3.5,2.68,11,42,47,42,LOW,,CLEAR,BLUE,1-Beautiful, could not be nicer
8189041,07/31/2009,12.25,NO,3.7,,,41,,,LOW,,CLEAR,YELLOW,2-Very minor aesthetic problems
8189041,08/07/2009,12.25,NO,3.7,,,41,,,LOW,,CLEAR,YELLOW,2-Very minor aesthetic problems
8189041,08/22/2009,12,NO,3.6,3.55,11,41,47,44,LOW,,CLEAR,BLUE,1-Beautiful, could not be nicer
8189041,08/30/2009,11.25,NO,3.4,,,42,,,LOW,,CLEAR,GREEN,2-Very minor aesthetic problems
8189041,09/15/2009,12,NO,3.6,,,41,,,LOW,,CLEAR,GREEN,2-Very minor aesthetic problems
8189041,09/22/2009,12.5,NO,3.8,,,41,,,LOW,,CLEAR,BLUE,1-Beautiful, could not be nicer
8189041,09/27/2009,11.5,NO,3.5,,,42,,,LOW,,CLEAR,BLUE,1-Beautiful, could not be nicer
8189041,04/12/2010,10.75,NO,3.3,,15,43,49,,LOW,,CLEAR,BLUE,1-Beautiful, could not be nicer
8189041,05/15/2010,21,NO,6.4,,,33,,,LOW,,CLEAR,BLUE,1-Beautiful, could not be nicer
8189041,05/24/2010,21.75,NO,6.6,,,33,,,LOW,,,BLUE,1-Beautiful, could not be nicer
8189041,05/31/2010,21.5,NO,6.5,,,33,,,LOW,,CLEAR,BLUE,1-Beautiful, could not be nicer
8189041,06/06/2010,19.5,NO,5.9,,,34,,,LOW,,CLEAR,BLUE,1-Beautiful, could not be nicer
8189041,06/20/2010,16.25,NO,4.9,1.43,9,37,45,38,LOW,,CLEAR,BLUE,2-Very minor aesthetic problems
8189041,06/30/2010,17.25,NO,5.2,,,36,,,LOW,,CLEAR,BLUE,2-Very minor aesthetic problems
8189041,07/11/2010,15.5,NO,4.7,,,38,,,LOW,,CLEAR,BLUE,1-Beautiful, could not be nicer
8189041,07/25/2010,13.5,NO,4.1,3.1,7,40,43,43,LOW,,CLEAR,BLUE,2-Very minor aesthetic problems
8189041,07/31/2010,12.5,NO,3.8,,,41,,,LOW,,CLEAR,YELLOW,2-Very minor aesthetic problems
8189041,08/08/2010,11.25,NO,3.4,,,42,,,LOW,,CLEAR,YELLOW,2-Very minor aesthetic problems
8189041,08/22/2010,8.75,NO,2.7,6.42,11,46,47,49,LOW,,CLEAR,YELLOW,3-Enjoyment somewhat impaired (algae)
8189041,08/29/2010,8.75,NO,2.7,,,46,,,LOW,,CLEAR,GREEN,3-Enjoyment somewhat impaired (algae)
8189041,09/05/2010,9,NO,2.7,,,45,,,LOW,,CLEAR,GREEN,3-Enjoyment somewhat impaired (algae)
8189041,09/19/2010,10.5,NO,3.2,,,43,,,LOW,,CLEAR,BLUE,1-Beautiful, could not be nicer
8189041,04/24/2011,15.25,NO,4.6,,,38,,,LOW,,CLEAR,BLUE,1-Beautiful, could not be nicer
8189041,05/08/2011,17.5,NO,5.3,,,36,,,LOW,,CLEAR,BLUE,1-Beautiful, could not be nicer
8189041,05/20/2011,14,NO,4.3,,12,39,47,,LOW,,CLEAR,BLUE,1-Beautiful, could not be nicer
8189041,06/05/2011,19.75,NO,6,,,34,,,LOW,,CLEAR,BLUE,1-Beautiful, could not be nicer
8189041,06/12/2011,22,NO,6.7,,,33,,,LOW,,CLEAR,BLUE,1-Beautiful, could not be nicer
8189041,06/19/2011,19.25,NO,5.9,3.3,11,35,47,44,LOW,,CLEAR,BLUE,1-Beautiful, could not be nicer
8189041,07/01/2011,17.25,NO,5.2,,,36,,,LOW,,CLEAR,BLUE,1-Beautiful, could not be nicer
8189041,07/18/2011,12.25,NO,3.7,,,41,,,LOW,,CLEAR,BLUE,1-Beautiful, could not be nicer
8189041,07/24/2011,11.25,NO,3.4,4.17,9,42,45,46,LOW,,CLEAR,BLUE,1-Beautiful, could not be nicer
8189041,08/06/2011,10.75,NO,3.3,,,43,,,LOW,,CLEAR,BLUE,2-Very minor aesthetic problems
8189041,08/21/2011,9,NO,2.7,6.89,11,45,47,49,LOW,,CLEAR,BLUE,1-Beautiful, could not be nicer
8189041,08/28/2011,8.5,NO,2.6,,,46,,,LOW,,CLEAR,BLUE,2-Very minor aesthetic problems
8189041,04/15/2012,17.25,NO,5.2,,9,36,45,,LOW,,CLEAR,BLUE,1-Beautiful, could not be nicer
8189041,05/13/2012,20.5,NO,6.2,,,34,,,LOW,,CLEAR,BLUE,1-Beautiful, could not be nicer
8189041,05/24/2012,18,NO,5.5,,,35,,,LOW,,,BLUE,1-Beautiful, could not be nicer
8189041,05/31/2012,16.75,NO,5.1,,,37,,,LOW,,,BLUE,1-Beautiful, could not be nicer
8189041,06/16/2012,21.25,NO,6.5,,,33,,,LOW,,,BLUE,1-Beautiful, could not be nicer
8189041,06/24/2012,16,NO,4.9,3.64,13,37,48,45,NORMAL,,,BLUE,1-Beautiful, could not be nicer
8189041,07/04/2012,15.25,NO,4.6,,,38,,,LOW,,CLEAR,BLUE,1-Beautiful, could not be nicer
8189041,07/14/2012,14.5,NO,4.4,,,39,,,LOW,,CLEAR,BLUE,1-Beautiful, could not be nicer
8189041,07/22/2012,13,NO,4,5.13,12,40,47,47,LOW,,CLEAR,BLUE,2-Very minor aesthetic problems
8189041,08/12/2012,9.5,NO,2.9,,,45,,,LOW,,CLEAR,BLUE,2-Very minor aesthetic problems
8189041,08/19/2012,11,NO,3.3,5.44,7,43,43,48,LOW,,CLEAR,BLUE,2-Very minor aesthetic problems
8189041,09/30/2012,11.75,NO,3.6,,,42,,,LOW,,CLEAR,BLUE,1-Beautiful, could not be nicer
8189041,05/27/2013,10,NO,3,,27,44,54,,LOW,,MURKY,BLUE,2-Very minor aesthetic problems
8189041,06/16/2013,14.75,NO,4.5,,,38,,,NORMAL,,CLEAR,BLUE,1-Beautiful, could not be nicer
8189041,06/23/2013,17.25,NO,5.2,2.08,8.14,36,44,40,NORMAL,,CLEAR,BLUE,2-Very minor aesthetic problems
8189041,06/30/2013,20.5,NO,6.2,,,34,,,NORMAL,,CLEAR,BLUE,2-Very minor aesthetic problems
8189041,07/14/2013,19,NO,5.8,,,35,,,NORMAL,,CLEAR,BLUE,1-Beautiful, could not be nicer
8189041,07/21/2013,17.5,NO,5.3,2.87,6.08,36,42,43,NORMAL,,CLEAR,BLUE,1-Beautiful, could not be nicer
8189041,08/04/2013,15.25,NO,4.6,,,38,,,NORMAL,,CLEAR,BLUE,1-Beautiful, could not be nicer
8189041,08/11/2013,14.25,NO,4.3,,,39,,,NORMAL,,CLEAR,GREEN,2-Very minor aesthetic problems
8189041,08/25/2013,13.5,NO,4.1,1.97,11.2,40,47,40,NORMAL,,CLEAR,BLUE,1-Beautiful, could not be nicer
8189041,05/18/2014,13.25,NO,4,,,40,,,NORMAL,,CLEAR,BLUE,1-Beautiful, could not be nicer
8189041,05/25/2014,13.75,NO,4.2,,14.9,39,49,,NORMAL,,CLEAR,BLUE,1-Beautiful, could not be nicer
8189041,06/08/2014,18.75,NO,5.7,,,35,,,NORMAL,,CLEAR,BLUE,2-Very minor aesthetic problems
8189041,06/22/2014,14.75,NO,4.5,2.16,6.86,38,43,41,NORMAL,,CLEAR,BLUE,2-Very minor aesthetic problems
8189041,07/20/2014,14.25,NO,4.3,,,39,,,HIGH,,CLEAR,BLUE,1-Beautiful, could not be nicer
8189041,07/27/2014,14.5,NO,4.4,,,39,,,HIGH,,CLEAR,BLUE,1-Beautiful, could not be nicer
8189041,07/30/2014,,,,2.25,8.24,,45,41,,,,,
8189041,08/10/2014,14.75,NO,4.5,,,38,,,HIGH,,CLEAR,BLUE,1-Beautiful, could not be nicer
8189041,08/24/2014,15.5,NO,4.7,3.39,10.7,38,47,44,HIGH,,CLEAR,,1-Beautiful, could not be nicer
8189041,09/09/2014,13,NO,4,,,40,,,,,CLEAR,BLUE,1-Beautiful, could not be nicer
8189041,04/14/2015,10.5,NO,3.2,,,43,,,HIGH,,CLEAR,BLUE,1-Beautiful, could not be nicer
8189041,05/10/2015,15.5,NO,4.7,,,38,,,HIGH,,CLEAR,BLUE,1-Beautiful, could not be nicer
8189041,05/23/2015,18,NO,5.5,,,35,,,HIGH,,CLEAR,BLUE,1-Beautiful, could not be nicer
8189041,05/25/2015,,,,,15.9,,50,,,,,,
8189041,06/21/2015,14,NO,4.3,3.6,16.7,39,50,44,,,CLEAR,BLUE,1-Beautiful, could not be nicer
8189041,06/28/2015,15.75, ,4.8,,,37,,,HIGH,,CLEAR,BLUE,2-Very minor aesthetic problems
8189041,07/19/2015,18.75,NO,5.7,2.32,11.6,35,47,41,HIGH,,CLEAR,BLUE,1-Beautiful, could not be nicer
8189041,07/26/2015,17.5,NO,5.3,,,36,,,HIGH,,CLEAR,BLUE,1-Beautiful, could not be nicer
8189041,08/16/2015,12.5,NO,3.8,3.25,10.1,41,46,44,HIGH,,CLEAR,BLUE,1-Beautiful, could not be nicer
8189041,08/31/2015,12.5,NO,3.8,,,41,,,HIGH,,CLEAR,BLUE,2-Very minor aesthetic problems
8189041,05/08/2016,15,NO,4.6,,15.8,38,50,,NORMAL,,CLEAR,BLUE,1-Beautiful, could not be nicer
8189041,05/30/2016,22,NO,6.7,,,33,,,NORMAL,,CLEAR,BLUE,2-Very minor aesthetic problems
8189041,06/19/2016,15,NO,4.6,1.9,10,38,46,40,NORMAL,,CLEAR,BLUE,2-Very minor aesthetic problems
8189041,06/28/2016,14.5,NO,4.4,,,39,,,NORMAL,,CLEAR,BLUE,1-Beautiful, could not be nicer
8189041,07/16/2016,15.25,NO,4.6,,,38,,,HIGH,,CLEAR,BLUE,1-Beautiful, could not be nicer
8189041,07/23/2016,14,NO,4.3,1.96,15.2,39,49,40,HIGH,,CLEAR,BLUE,2-Very minor aesthetic problems
8189041,07/31/2016,14,NO,4.3,,,39,,,HIGH,,CLEAR,BLUE,2-Very minor aesthetic problems
8189041,08/13/2016,12.75,NO,3.9,,,40,,,HIGH,,CLEAR,BLUE,2-Very minor aesthetic problems
8189041,08/28/2016,,NO,,5.07,10.9,,47,47,HIGH,11.5,CLEAR,BLUE,1-Beautiful, could not be nicer
8189041,04/29/2017,13,NO,4,,,40,,,HIGH,,CLEAR,BLUE,1-Beautiful, could not be nicer
8189041,05/14/2017,17.75,NO,5.4,,,36,,,HIGH,,CLEAR,BLUE,1-Beautiful, could not be nicer
8189041,05/28/2017,18.75,NO,5.7,,17.9,35,50,,HIGH,,CLEAR,BLUE,2-Very minor aesthetic problems
8189041,06/11/2017,17,NO,5.2,,,36,,,HIGH,,CLEAR,BLUE,2-Very minor aesthetic problems
8189041,06/25/2017,13.5,NO,4.1,2.62,18.2,40,51,42,HIGH,,CLEAR,BLUE,1-Beautiful, could not be nicer
8189041,07/11/2017,17.25,NO,5.2,,,36,,,HIGH,,CLEAR,BLUE,1-Beautiful, could not be nicer
8189041,07/23/2017,17,NO,5.2,2.14,14.7,36,49,41,HIGH,,CLEAR,BLUE,1-Beautiful, could not be nicer
8189041,08/13/2017,18.75,NO,5.7,,,35,,,HIGH,,CLEAR,BLUE,2-Very minor aesthetic problems
8189041,08/27/2017,14,NO,4.3,4.63,11.2,39,47,46,HIGH,,CLEAR,BLUE,1-Beautiful, could not be nicer



Start Date,Depth,Depth Units,Temperature,Temperature Units,Dissolved Oxygen,Dissolved Oxygen Units
05/25/2006,0,FEET,62.4,DEGREES F,,
05/25/2006,5,FEET,61.8,DEGREES F,7,MG/L
05/25/2006,10,FEET,59.7,DEGREES F,,
05/25/2006,15,FEET,56.8,DEGREES F,7,MG/L
05/25/2006,20,FEET,54.5,DEGREES F,7,MG/L
05/25/2006,25,FEET,50,DEGREES F,7,MG/L
05/25/2006,30,FEET,49.8,DEGREES F,7,MG/L
05/25/2006,35,FEET,48.5,DEGREES F,7,MG/L
06/22/2006,0,FEET,71.6,DEGREES F,,
06/22/2006,5,FEET,71.6,DEGREES F,7,MG/L
06/22/2006,10,FEET,71.6,DEGREES F,,
06/22/2006,15,FEET,71.4,DEGREES F,7,MG/L
06/22/2006,20,FEET,62.9,DEGREES F,7,MG/L
06/22/2006,25,FEET,57,DEGREES F,6,MG/L
06/22/2006,30,FEET,50.3,DEGREES F,5,MG/L
06/22/2006,35,FEET,46.7,DEGREES F,4,MG/L
06/22/2006,40,FEET,44.9,DEGREES F,,
06/22/2006,44,FEET,44.2,DEGREES F,2,MG/L
06/22/2006,45,FEET,44,DEGREES F,,
07/23/2006,0,FEET,76.4,DEGREES F,,
07/23/2006,5,FEET,76.8,DEGREES F,7,MG/L
07/23/2006,10,FEET,76.8,DEGREES F,,
07/23/2006,15,FEET,76.8,DEGREES F,7,MG/L
07/23/2006,20,FEET,72.6,DEGREES F,,
07/23/2006,25,FEET,60,DEGREES F,7,MG/L
07/23/2006,30,FEET,52.1,DEGREES F,5,MG/L
07/23/2006,35,FEET,47.4,DEGREES F,4,MG/L
07/23/2006,40,FEET,45.6,DEGREES F,,
07/23/2006,44,FEET,44.9,DEGREES F,3,MG/L
07/23/2006,45,FEET,44.3,DEGREES F,,
08/20/2006,0,FEET,75.3,DEGREES F,,
08/20/2006,5,FEET,74.6,DEGREES F,7,MG/L
08/20/2006,10,FEET,74.1,DEGREES F,,
08/20/2006,15,FEET,73.7,DEGREES F,6,MG/L
08/20/2006,20,FEET,73.4,DEGREES F,5,MG/L
08/20/2006,25,FEET,63.6,DEGREES F,3,MG/L
08/20/2006,30,FEET,55,DEGREES F,3,MG/L
08/20/2006,35,FEET,48.9,DEGREES F,2,MG/L
08/20/2006,40,FEET,46.4,DEGREES F,,
08/20/2006,44,FEET,45.3,DEGREES F,1,MG/L
08/20/2006,45,FEET,45.1,DEGREES F,,
04/22/2007,0,FEET,47.6,DEGREES F,,
04/22/2007,5,FEET,46.7,DEGREES F,8,MG/L
04/22/2007,10,FEET,46.4,DEGREES F,,
04/22/2007,15,FEET,46.4,DEGREES F,8,MG/L
04/22/2007,20,FEET,42.8,DEGREES F,7,MG/L
04/22/2007,25,FEET,41.9,DEGREES F,7,MG/L
04/22/2007,30,FEET,41.7,DEGREES F,7,MG/L
04/22/2007,35,FEET,41,DEGREES F,7,MG/L
04/22/2007,40,FEET,40.8,DEGREES F,,
04/22/2007,43,FEET,,,7,MG/L
04/22/2007,45,FEET,40.6,DEGREES F,,
06/24/2007,0,FEET,74.1,DEGREES F,,
06/24/2007,5,FEET,73.5,DEGREES F,7,MG/L
06/24/2007,10,FEET,73.4,DEGREES F,,
06/24/2007,15,FEET,71.6,DEGREES F,7,MG/L
06/24/2007,20,FEET,63.3,DEGREES F,5.5,MG/L
06/24/2007,25,FEET,53,DEGREES F,5,MG/L
06/24/2007,30,FEET,46.4,DEGREES F,4,MG/L
06/24/2007,35,FEET,44.2,DEGREES F,1,MG/L
06/24/2007,40,FEET,43.1,DEGREES F,,
06/24/2007,43,FEET,42.8,DEGREES F,2,MG/L
06/24/2007,45,FEET,42.6,DEGREES F,,
07/22/2007,0,FEET,72.8,DEGREES F,,
07/22/2007,5,FEET,73,DEGREES F,7,MG/L
07/22/2007,10,FEET,73,DEGREES F,,
07/22/2007,15,FEET,72.8,DEGREES F,7,MG/L
07/22/2007,20,FEET,70.8,DEGREES F,6,MG/L
07/22/2007,25,FEET,57.9,DEGREES F,5,MG/L
07/22/2007,30,FEET,49.8,DEGREES F,3,MG/L
07/22/2007,35,FEET,45.1,DEGREES F,3,MG/L
07/22/2007,40,FEET,43.8,DEGREES F,,
07/22/2007,43,FEET,43.5,DEGREES F,1,MG/L
07/22/2007,44,FEET,43.1,DEGREES F,,
08/26/2007,0,FEET,70.5,DEGREES F,,
08/26/2007,5,FEET,70.5,DEGREES F,7,MG/L
08/26/2007,10,FEET,70.5,DEGREES F,,
08/26/2007,15,FEET,70.3,DEGREES F,7,MG/L
08/26/2007,20,FEET,69.8,DEGREES F,6,MG/L
08/26/2007,25,FEET,61.7,DEGREES F,4,MG/L
08/26/2007,30,FEET,51.2,DEGREES F,2,MG/L
08/26/2007,35,FEET,46.4,DEGREES F,1,MG/L
08/26/2007,40,FEET,44.4,DEGREES F,,
08/26/2007,43,FEET,44,DEGREES F,1,MG/L
08/26/2007,45,FEET,43.7,DEGREES F,,
05/13/2008,0,FEET,48.9,DEGREES F,,
05/13/2008,5,FEET,48.5,DEGREES F,8,MG/L
05/13/2008,10,FEET,48.2,DEGREES F,,
05/13/2008,15,FEET,48,DEGREES F,7,MG/L
05/13/2008,20,FEET,43.7,DEGREES F,7,MG/L
05/13/2008,25,FEET,42.8,DEGREES F,7,MG/L
05/13/2008,30,FEET,42.4,DEGREES F,7,MG/L
05/13/2008,35,FEET,41.9,DEGREES F,7,MG/L
05/13/2008,40,FEET,41.7,DEGREES F,,
05/13/2008,45,FEET,41.5,DEGREES F,7,MG/L
05/13/2008,48,FEET,41.3,DEGREES F,,
06/22/2008,0,FEET,67.1,DEGREES F,,
06/22/2008,5,FEET,66.9,DEGREES F,7,MG/L
06/22/2008,10,FEET,66.7,DEGREES F,,
06/22/2008,15,FEET,64.7,DEGREES F,6,MG/L
06/22/2008,20,FEET,56.6,DEGREES F,6,MG/L
06/22/2008,25,FEET,48.5,DEGREES F,5,MG/L
06/22/2008,30,FEET,45.3,DEGREES F,4,MG/L
06/22/2008,35,FEET,43.8,DEGREES F,1,MG/L
06/22/2008,40,FEET,43.3,DEGREES F,,
06/22/2008,43,FEET,42.8,DEGREES F,1,MG/L
06/22/2008,45,FEET,42.6,DEGREES F,,
07/20/2008,0,FEET,74.8,DEGREES F,,
07/20/2008,5,FEET,73.7,DEGREES F,7,MG/L
07/20/2008,10,FEET,73.2,DEGREES F,,
07/20/2008,15,FEET,71.4,DEGREES F,7,MG/L
07/20/2008,20,FEET,64.2,DEGREES F,7,MG/L
07/20/2008,25,FEET,52.3,DEGREES F,6,MG/L
07/20/2008,30,FEET,47.1,DEGREES F,4,MG/L
07/20/2008,35,FEET,45.3,DEGREES F,3,MG/L
07/20/2008,40,FEET,44,DEGREES F,,
07/20/2008,43,FEET,43.7,DEGREES F,2,MG/L
07/20/2008,45,FEET,43.5,DEGREES F,,
08/24/2008,0,FEET,72.3,DEGREES F,,
08/24/2008,5,FEET,72.6,DEGREES F,9,MG/L
08/24/2008,10,FEET,72.6,DEGREES F,,
08/24/2008,15,FEET,72.5,DEGREES F,7,MG/L
08/24/2008,20,FEET,67.1,DEGREES F,7,MG/L
08/24/2008,25,FEET,54.8,DEGREES F,3,MG/L
08/24/2008,30,FEET,48.2,DEGREES F,1,MG/L
08/24/2008,35,FEET,44.9,DEGREES F,0,MG/L
08/24/2008,40,FEET,44.4,DEGREES F,,
08/24/2008,42,FEET,44.1,DEGREES F,0,MG/L
08/24/2008,43,FEET,44,DEGREES F,,
05/03/2009,0,FEET,51.4,DEGREES F,11.24,MG/L
05/03/2009,5,FEET,49.9,DEGREES F,11.59,MG/L
05/03/2009,10,FEET,49.5,DEGREES F,11.63,MG/L
05/03/2009,15,FEET,49.1,DEGREES F,11.65,MG/L
05/03/2009,20,FEET,48.2,DEGREES F,11.63,MG/L
05/03/2009,25,FEET,47.1,DEGREES F,11.39,MG/L
05/03/2009,30,FEET,45.8,DEGREES F,10.17,MG/L
05/03/2009,35,FEET,45,DEGREES F,8.3,MG/L
05/03/2009,40,FEET,44.7,DEGREES F,7.58,MG/L
05/03/2009,45,FEET,43.8,DEGREES F,,
06/21/2009,0,FEET,73.5,DEGREES F,8.82,MG/L
06/21/2009,5,FEET,72.8,DEGREES F,9.01,MG/L
06/21/2009,10,FEET,67.6,DEGREES F,10.4,MG/L
06/21/2009,15,FEET,64.7,DEGREES F,10.47,MG/L
06/21/2009,20,FEET,62.5,DEGREES F,10.1,MG/L
06/21/2009,25,FEET,59.6,DEGREES F,8.29,MG/L
06/21/2009,30,FEET,53.6,DEGREES F,3.84,MG/L
06/21/2009,35,FEET,49.4,DEGREES F,.19,MG/L
06/21/2009,40,FEET,47.5,DEGREES F,.07,MG/L
06/21/2009,43,FEET,46.7,DEGREES F,.03,MG/L
06/21/2009,45,FEET,46.2,DEGREES F,.02,MG/L
07/19/2009,0,FEET,68,DEGREES F,8.69,MG/L
07/19/2009,5,FEET,67.3,DEGREES F,8.78,MG/L
07/19/2009,10,FEET,67.2,DEGREES F,8.74,MG/L
07/19/2009,15,FEET,67.1,DEGREES F,8.65,MG/L
07/19/2009,20,FEET,67,DEGREES F,8.61,MG/L
07/19/2009,25,FEET,60.2,DEGREES F,6.13,MG/L
07/19/2009,30,FEET,54.6,DEGREES F,1.07,MG/L
07/19/2009,35,FEET,50.4,DEGREES F,.16,MG/L
07/19/2009,40,FEET,48.4,DEGREES F,.07,MG/L
07/19/2009,43,FEET,47.6,DEGREES F,.04,MG/L
07/19/2009,45,FEET,47.2,DEGREES F,.03,MG/L
08/22/2009,0,FEET,71.9,DEGREES F,8.37,MG/L
08/22/2009,5,FEET,71,DEGREES F,8.43,MG/L
08/22/2009,10,FEET,70.6,DEGREES F,8.47,MG/L
08/22/2009,15,FEET,70.3,DEGREES F,8.42,MG/L
08/22/2009,20,FEET,70,DEGREES F,8.33,MG/L
08/22/2009,25,FEET,62.6,DEGREES F,2.27,MG/L
08/22/2009,30,FEET,57,DEGREES F,.4,MG/L
08/22/2009,35,FEET,51.6,DEGREES F,.1,MG/L
08/22/2009,40,FEET,49.7,DEGREES F,.06,MG/L
08/22/2009,43,FEET,48.7,DEGREES F,.03,MG/L
08/22/2009,45,FEET,48.3,DEGREES F,.02,MG/L
09/15/2009,0,FEET,70.2,DEGREES F,9.32,MG/L
09/15/2009,5,FEET,71.1,DEGREES F,9.28,MG/L
09/15/2009,10,FEET,71.2,DEGREES F,9.38,MG/L
09/15/2009,15,FEET,70.3,DEGREES F,9.16,MG/L
09/15/2009,20,FEET,68.6,DEGREES F,7.59,MG/L
09/15/2009,25,FEET,64.7,DEGREES F,2.27,MG/L
09/15/2009,30,FEET,59.1,DEGREES F,.67,MG/L
09/15/2009,35,FEET,53.1,DEGREES F,.2,MG/L
09/15/2009,40,FEET,50.2,DEGREES F,.12,MG/L
09/15/2009,43,FEET,49.1,DEGREES F,.05,MG/L
09/15/2009,45,FEET,48.6,DEGREES F,.04,MG/L
04/12/2010,0,FEET,50.7,DEGREES F,11.08,MG/L
04/12/2010,5,FEET,49.7,DEGREES F,11.34,MG/L
04/12/2010,10,FEET,48.9,DEGREES F,11.46,MG/L
04/12/2010,15,FEET,48.1,DEGREES F,11.47,MG/L
04/12/2010,20,FEET,47.5,DEGREES F,11.37,MG/L
04/12/2010,25,FEET,46.4,DEGREES F,10.84,MG/L
04/12/2010,30,FEET,44.6,DEGREES F,8.09,MG/L
04/12/2010,35,FEET,44.1,DEGREES F,7.16,MG/L
04/12/2010,40,FEET,43.7,DEGREES F,6.52,MG/L
04/12/2010,43,FEET,43.5,DEGREES F,4.91,MG/L
04/12/2010,45,FEET,43.2,DEGREES F,.15,MG/L
06/20/2010,0,FEET,71.3,DEGREES F,8.77,MG/L
06/20/2010,5,FEET,69.8,DEGREES F,8.87,MG/L
06/20/2010,10,FEET,69.3,DEGREES F,8.86,MG/L
06/20/2010,15,FEET,68.2,DEGREES F,9.02,MG/L
06/20/2010,20,FEET,63.9,DEGREES F,9.48,MG/L
06/20/2010,25,FEET,58.6,DEGREES F,8.91,MG/L
06/20/2010,30,FEET,55.1,DEGREES F,4.85,MG/L
06/20/2010,35,FEET,51.7,DEGREES F,.15,MG/L
06/20/2010,40,FEET,49.8,DEGREES F,.09,MG/L
06/20/2010,45,FEET,48.7,DEGREES F,.04,MG/L
06/20/2010,46,FEET,48.6,DEGREES F,.03,MG/L
07/25/2010,0,FEET,75.6,DEGREES F,8.55,MG/L
07/25/2010,5,FEET,75.8,DEGREES F,8.5,MG/L
07/25/2010,10,FEET,75.8,DEGREES F,8.41,MG/L
07/25/2010,15,FEET,75.8,DEGREES F,8.36,MG/L
07/25/2010,20,FEET,72.1,DEGREES F,7.42,MG/L
07/25/2010,25,FEET,63.3,DEGREES F,6.15,MG/L
07/25/2010,30,FEET,57,DEGREES F,.56,MG/L
07/25/2010,35,FEET,53,DEGREES F,.11,MG/L
07/25/2010,40,FEET,51,DEGREES F,.06,MG/L
07/25/2010,43,FEET,50.2,DEGREES F,.03,MG/L
07/25/2010,47,FEET,49.9,DEGREES F,.02,MG/L
08/22/2010,0,FEET,76.3,DEGREES F,8.55,MG/L
08/22/2010,5,FEET,73.8,DEGREES F,8.82,MG/L
08/22/2010,10,FEET,73.4,DEGREES F,8.76,MG/L
08/22/2010,15,FEET,73.1,DEGREES F,8.68,MG/L
08/22/2010,20,FEET,72.4,DEGREES F,7.4,MG/L
08/22/2010,25,FEET,66.4,DEGREES F,1.18,MG/L
08/22/2010,30,FEET,59.8,DEGREES F,.18,MG/L
08/22/2010,35,FEET,55.2,DEGREES F,.07,MG/L
08/22/2010,40,FEET,51.9,DEGREES F,.04,MG/L
08/22/2010,45,FEET,51.4,DEGREES F,.01,MG/L
08/22/2010,47,FEET,51.1,DEGREES F,0,MG/L
05/20/2011,0,FEET,58.4,DEGREES F,10.37,MG/L
05/20/2011,5,FEET,56.1,DEGREES F,11.02,MG/L
05/20/2011,10,FEET,54.6,DEGREES F,11.18,MG/L
05/20/2011,15,FEET,53.3,DEGREES F,11.47,MG/L
05/20/2011,20,FEET,51.2,DEGREES F,11.77,MG/L
05/20/2011,25,FEET,47.8,DEGREES F,11.86,MG/L
05/20/2011,30,FEET,45.8,DEGREES F,11.51,MG/L
05/20/2011,35,FEET,44.7,DEGREES F,9.56,MG/L
05/20/2011,40,FEET,44,DEGREES F,5.57,MG/L
05/20/2011,45,FEET,43.9,DEGREES F,.15,MG/L
06/19/2011,0,FEET,68.5,DEGREES F,9.21,MG/L
06/19/2011,5,FEET,67.9,DEGREES F,9.29,MG/L
06/19/2011,10,FEET,67.6,DEGREES F,9.31,MG/L
06/19/2011,15,FEET,67,DEGREES F,9.24,MG/L
06/19/2011,20,FEET,61.7,DEGREES F,10.2,MG/L
06/19/2011,25,FEET,54.1,DEGREES F,10.61,MG/L
06/19/2011,30,FEET,50.4,DEGREES F,9.95,MG/L
06/19/2011,35,FEET,47,DEGREES F,5.63,MG/L
06/19/2011,40,FEET,45.4,DEGREES F,.18,MG/L
06/19/2011,45,FEET,44.9,DEGREES F,.08,MG/L
07/24/2011,0,FEET,75.4,DEGREES F,8.49,MG/L
07/24/2011,5,FEET,75.8,DEGREES F,8.42,MG/L
07/24/2011,10,FEET,76,DEGREES F,8.34,MG/L
07/24/2011,15,FEET,74.8,DEGREES F,7.52,MG/L
07/24/2011,20,FEET,67.1,DEGREES F,5.66,MG/L
07/24/2011,25,FEET,59.2,DEGREES F,4.25,MG/L
07/24/2011,30,FEET,52.8,DEGREES F,2.39,MG/L
07/24/2011,35,FEET,48.5,DEGREES F,.11,MG/L
07/24/2011,40,FEET,47.3,DEGREES F,.06,MG/L
07/24/2011,43,FEET,46.8,DEGREES F,.05,MG/L
07/24/2011,45,FEET,46.6,DEGREES F,.02,MG/L
08/21/2011,0,FEET,73.8,DEGREES F,9.02,MG/L
08/21/2011,5,FEET,74.2,DEGREES F,8.99,MG/L
08/21/2011,10,FEET,74.3,DEGREES F,8.98,MG/L
08/21/2011,15,FEET,74.3,DEGREES F,8.95,MG/L
08/21/2011,20,FEET,70.2,DEGREES F,6.43,MG/L
08/21/2011,25,FEET,61.4,DEGREES F,.87,MG/L
08/21/2011,30,FEET,55.7,DEGREES F,.39,MG/L
08/21/2011,35,FEET,50.5,DEGREES F,.11,MG/L
08/21/2011,40,FEET,48.8,DEGREES F,.07,MG/L
08/21/2011,45,FEET,47.8,DEGREES F,.03,MG/L
04/15/2012,0,FEET,51.1,DEGREES F,10.87,MG/L
04/15/2012,5,FEET,50,DEGREES F,11.14,MG/L
04/15/2012,10,FEET,49.4,DEGREES F,11.29,MG/L
04/15/2012,15,FEET,47.9,DEGREES F,11.43,MG/L
04/15/2012,20,FEET,47.1,DEGREES F,11.46,MG/L
04/15/2012,25,FEET,46.7,DEGREES F,11.45,MG/L
04/15/2012,30,FEET,46.3,DEGREES F,11.38,MG/L
04/15/2012,35,FEET,45.7,DEGREES F,11.06,MG/L
04/15/2012,40,FEET,45.3,DEGREES F,10.47,MG/L
04/15/2012,43,FEET,44.9,DEGREES F,10.25,MG/L
04/15/2012,44,FEET,44.9,DEGREES F,.16,MG/L
06/24/2012,0,FEET,70.5,DEGREES F,8.92,MG/L
06/24/2012,5,FEET,70.8,DEGREES F,8.87,MG/L
06/24/2012,10,FEET,70.8,DEGREES F,8.8,MG/L
06/24/2012,15,FEET,70.7,DEGREES F,8.64,MG/L
06/24/2012,20,FEET,67.5,DEGREES F,8.28,MG/L
06/24/2012,25,FEET,58.5,DEGREES F,7.53,MG/L
06/24/2012,30,FEET,53.4,DEGREES F,5.72,MG/L
06/24/2012,35,FEET,50.8,DEGREES F,.4,MG/L
06/24/2012,40,FEET,49.2,DEGREES F,.11,MG/L
06/24/2012,44,FEET,48.8,DEGREES F,.07,MG/L
06/24/2012,45,FEET,48.6,DEGREES F,.05,MG/L
07/22/2012,0,FEET,77.6,DEGREES F,8.7,MG/L
07/22/2012,5,FEET,78.5,DEGREES F,8.64,MG/L
07/22/2012,10,FEET,78.6,DEGREES F,8.48,MG/L
07/22/2012,15,FEET,78.3,DEGREES F,8.5,MG/L
07/22/2012,20,FEET,73.3,DEGREES F,8.22,MG/L
07/22/2012,25,FEET,62.5,DEGREES F,4.47,MG/L
07/22/2012,30,FEET,55.2,DEGREES F,.15,MG/L
07/22/2012,35,FEET,51.8,DEGREES F,.06,MG/L
07/22/2012,40,FEET,50.1,DEGREES F,.05,MG/L
07/22/2012,45,FEET,49,DEGREES F,.04,MG/L
07/22/2012,47,FEET,48.7,DEGREES F,.02,MG/L
08/19/2012,0,FEET,71,DEGREES F,8.42,MG/L
08/19/2012,5,FEET,71.3,DEGREES F,8.35,MG/L
08/19/2012,10,FEET,71.3,DEGREES F,8.3,MG/L
08/19/2012,15,FEET,71.4,DEGREES F,8.25,MG/L
08/19/2012,20,FEET,71.4,DEGREES F,8.14,MG/L
08/19/2012,25,FEET,66.4,DEGREES F,1.53,MG/L
08/19/2012,30,FEET,57.4,DEGREES F,.18,MG/L
08/19/2012,35,FEET,52.7,DEGREES F,.07,MG/L
08/19/2012,40,FEET,50.7,DEGREES F,.05,MG/L
08/19/2012,43,FEET,49.5,DEGREES F,.04,MG/L
08/19/2012,45,FEET,49.2,DEGREES F,.02,MG/L
05/27/2013,0,FEET,58.1,DEGREES F,10.69,MG/L
05/27/2013,5,FEET,57.3,DEGREES F,10.8,MG/L
05/27/2013,10,FEET,55.7,DEGREES F,11.02,MG/L
05/27/2013,15,FEET,50,DEGREES F,11.82,MG/L
05/27/2013,20,FEET,45.7,DEGREES F,10.04,MG/L
05/27/2013,25,FEET,44.5,DEGREES F,8.23,MG/L
05/27/2013,30,FEET,43.6,DEGREES F,6.88,MG/L
05/27/2013,35,FEET,43.1,DEGREES F,6.19,MG/L
05/27/2013,40,FEET,42.8,DEGREES F,4.35,MG/L
05/27/2013,45,FEET,42.7,DEGREES F,1.94,MG/L
05/27/2013,49,FEET,42.5,DEGREES F,.15,MG/L
06/23/2013,0,FEET,68.1,DEGREES F,8.65,MG/L
06/23/2013,5,FEET,67.8,DEGREES F,8.69,MG/L
06/23/2013,10,FEET,66.4,DEGREES F,9.16,MG/L
06/23/2013,15,FEET,58.4,DEGREES F,11.5,MG/L
06/23/2013,20,FEET,51.4,DEGREES F,11.79,MG/L
06/23/2013,25,FEET,48.1,DEGREES F,11.78,MG/L
06/23/2013,30,FEET,45.4,DEGREES F,6.51,MG/L
06/23/2013,35,FEET,44.2,DEGREES F,1.94,MG/L
06/23/2013,40,FEET,43.4,DEGREES F,.13,MG/L
06/23/2013,45,FEET,43.2,DEGREES F,.08,MG/L
07/21/2013,0,FEET,76.7,DEGREES F,8.54,MG/L
07/21/2013,5,FEET,77.1,DEGREES F,8.5,MG/L
07/21/2013,10,FEET,77.2,DEGREES F,8.52,MG/L
07/21/2013,15,FEET,72.7,DEGREES F,10.24,MG/L
07/21/2013,20,FEET,59.6,DEGREES F,12.22,MG/L
07/21/2013,25,FEET,53.4,DEGREES F,11.91,MG/L
07/21/2013,30,FEET,49.9,DEGREES F,11.5,MG/L
07/21/2013,35,FEET,45.9,DEGREES F,1.66,MG/L
07/21/2013,40,FEET,44.9,DEGREES F,.31,MG/L
07/21/2013,45,FEET,44.3,DEGREES F,.15,MG/L
07/21/2013,48,FEET,44.1,DEGREES F,.1,MG/L
08/25/2013,0,FEET,75.3,DEGREES F,8.52,MG/L
08/25/2013,5,FEET,74.8,DEGREES F,8.6,MG/L
08/25/2013,10,FEET,74.5,DEGREES F,8.58,MG/L
08/25/2013,15,FEET,74.1,DEGREES F,8.68,MG/L
08/25/2013,20,FEET,66.2,DEGREES F,10.15,MG/L
08/25/2013,25,FEET,55.8,DEGREES F,8.19,MG/L
08/25/2013,30,FEET,50.4,DEGREES F,3.67,MG/L
08/25/2013,35,FEET,47.2,DEGREES F,.14,MG/L
08/25/2013,40,FEET,45.7,DEGREES F,.09,MG/L
08/25/2013,45,FEET,45.3,DEGREES F,.07,MG/L
08/25/2013,48,FEET,45.3,DEGREES F,.05,MG/L
05/25/2014,0,FEET,61.3,DEGREES F,10.17,MG/L
05/25/2014,5,FEET,60,DEGREES F,10.48,MG/L
05/25/2014,10,FEET,54.6,DEGREES F,11.05,MG/L
05/25/2014,15,FEET,51.3,DEGREES F,10.99,MG/L
05/25/2014,20,FEET,46.2,DEGREES F,9.55,MG/L
05/25/2014,25,FEET,44,DEGREES F,7.16,MG/L
05/25/2014,30,FEET,43.1,DEGREES F,5.29,MG/L
05/25/2014,35,FEET,42.4,DEGREES F,2.83,MG/L
05/25/2014,40,FEET,41.7,DEGREES F,1.17,MG/L
05/25/2014,45,FEET,41.6,DEGREES F,.52,MG/L
05/25/2014,50,FEET,41.6,DEGREES F,.08,MG/L
06/22/2014,0,FEET,70,DEGREES F,8.69,MG/L
06/22/2014,5,FEET,69.5,DEGREES F,8.77,MG/L
06/22/2014,10,FEET,68.6,DEGREES F,8.92,MG/L
06/22/2014,15,FEET,61.2,DEGREES F,11.32,MG/L
06/22/2014,20,FEET,53.5,DEGREES F,11.34,MG/L
06/22/2014,25,FEET,47.9,DEGREES F,9.5,MG/L
06/22/2014,30,FEET,44.5,DEGREES F,4.21,MG/L
06/22/2014,35,FEET,43.2,DEGREES F,.27,MG/L
06/22/2014,40,FEET,42.8,DEGREES F,.13,MG/L
06/22/2014,45,FEET,42.5,DEGREES F,.08,MG/L
06/22/2014,49,FEET,42.4,DEGREES F,.05,MG/L
07/27/2014,0,FEET,74.1,DEGREES F,8.22,MG/L
07/27/2014,5,FEET,74.2,DEGREES F,8.26,MG/L
07/27/2014,10,FEET,74.3,DEGREES F,8.24,MG/L
07/27/2014,15,FEET,72.6,DEGREES F,8.46,MG/L
07/27/2014,20,FEET,61.5,DEGREES F,11.31,MG/L
07/27/2014,25,FEET,53.3,DEGREES F,9.17,MG/L
07/27/2014,30,FEET,47.8,DEGREES F,4.07,MG/L
07/27/2014,35,FEET,44.4,DEGREES F,.13,MG/L
07/27/2014,40,FEET,43.5,DEGREES F,.09,MG/L
07/27/2014,45,FEET,43.2,DEGREES F,.07,MG/L
07/27/2014,47,FEET,43.2,DEGREES F,.05,MG/L
08/24/2014,0,FEET,72.4,DEGREES F,8.32,MG/L
08/24/2014,5,FEET,72.1,DEGREES F,8.43,MG/L
08/24/2014,10,FEET,71.9,DEGREES F,8.41,MG/L
08/24/2014,15,FEET,71.7,DEGREES F,8.24,MG/L
08/24/2014,20,FEET,66.9,DEGREES F,10.93,MG/L
08/24/2014,25,FEET,56.4,DEGREES F,8.03,MG/L
08/24/2014,30,FEET,49.4,DEGREES F,3.04,MG/L
08/24/2014,35,FEET,45.9,DEGREES F,.14,MG/L
08/24/2014,40,FEET,44.6,DEGREES F,.09,MG/L
08/24/2014,45,FEET,43.9,DEGREES F,.07,MG/L
04/14/2015,0,FEET,47.6,DEGREES F,9.71,MG/L
04/14/2015,5,FEET,46,DEGREES F,9.92,MG/L
04/14/2015,10,FEET,45.4,DEGREES F,9.99,MG/L
04/14/2015,15,FEET,45.2,DEGREES F,9.87,MG/L
04/14/2015,20,FEET,44.4,DEGREES F,9.68,MG/L
04/14/2015,25,FEET,44,DEGREES F,9.6,MG/L
04/14/2015,30,FEET,43.7,DEGREES F,9.48,MG/L
04/14/2015,35,FEET,43.4,DEGREES F,9.38,MG/L
04/14/2015,40,FEET,43.4,DEGREES F,9.27,MG/L
04/14/2015,45,FEET,43.2,DEGREES F,9.12,MG/L
04/14/2015,48,FEET,42.5,DEGREES F,.19,MG/L
06/21/2015,0,FEET,68.5,DEGREES F,8.81,MG/L
06/21/2015,5,FEET,68.5,DEGREES F,8.87,MG/L
06/21/2015,10,FEET,68.4,DEGREES F,8.79,MG/L
06/21/2015,15,FEET,67.8,DEGREES F,8.81,MG/L
06/21/2015,20,FEET,59.6,DEGREES F,10.05,MG/L
06/21/2015,25,FEET,54.2,DEGREES F,9.91,MG/L
06/21/2015,30,FEET,49.6,DEGREES F,5.28,MG/L
06/21/2015,35,FEET,47.1,DEGREES F,.18,MG/L
06/21/2015,40,FEET,46.2,DEGREES F,.1,MG/L
06/21/2015,45,FEET,45.6,DEGREES F,.08,MG/L
06/21/2015,49,FEET,45.5,DEGREES F,.05,MG/L
07/19/2015,0,FEET,74.5,DEGREES F,8.15,MG/L
07/19/2015,5,FEET,75.1,DEGREES F,8.19,MG/L
07/19/2015,10,FEET,75.1,DEGREES F,8.12,MG/L
07/19/2015,15,FEET,74.1,DEGREES F,8.01,MG/L
07/19/2015,20,FEET,65.7,DEGREES F,10.25,MG/L
07/19/2015,25,FEET,57.7,DEGREES F,6.96,MG/L
07/19/2015,30,FEET,51.2,DEGREES F,.77,MG/L
07/19/2015,35,FEET,48.3,DEGREES F,.13,MG/L
07/19/2015,40,FEET,47,DEGREES F,.08,MG/L
07/19/2015,45,FEET,46.3,DEGREES F,.06,MG/L
07/19/2015,48,FEET,46.1,DEGREES F,.04,MG/L
08/16/2015,0,FEET,77.7,DEGREES F,8.07,MG/L
08/16/2015,5,FEET,77.6,DEGREES F,8.15,MG/L
08/16/2015,10,FEET,75.8,DEGREES F,8.81,MG/L
08/16/2015,15,FEET,74.9,DEGREES F,8.63,MG/L
08/16/2015,20,FEET,70.8,DEGREES F,8.57,MG/L
08/16/2015,25,FEET,59.5,DEGREES F,4.56,MG/L
08/16/2015,30,FEET,52.9,DEGREES F,1.01,MG/L
08/16/2015,35,FEET,49.4,DEGREES F,.31,MG/L
08/16/2015,40,FEET,47.3,DEGREES F,.08,MG/L
08/16/2015,45,FEET,46.5,DEGREES F,.05,MG/L
08/16/2015,47,FEET,46.2,DEGREES F,.04,MG/L
05/08/2016,0,FEET,56.7,DEGREES F,10.96,MG/L
05/08/2016,5,FEET,55.1,DEGREES F,11.32,MG/L
05/08/2016,10,FEET,54.8,DEGREES F,11.32,MG/L
05/08/2016,15,FEET,52.2,DEGREES F,12.03,MG/L
05/08/2016,20,FEET,49.3,DEGREES F,12.04,MG/L
05/08/2016,25,FEET,47.3,DEGREES F,10.49,MG/L
05/08/2016,30,FEET,45.5,DEGREES F,8.66,MG/L
05/08/2016,35,FEET,44,DEGREES F,7.09,MG/L
05/08/2016,40,FEET,42.4,DEGREES F,3.56,MG/L
05/08/2016,45,FEET,42,DEGREES F,2.37,MG/L
05/08/2016,48,FEET,41.7,DEGREES F,.18,MG/L
06/19/2016,0,FEET,73.4,DEGREES F,9.22,MG/L
06/19/2016,5,FEET,72.4,DEGREES F,9.43,MG/L
06/19/2016,10,FEET,69.3,DEGREES F,9.81,MG/L
06/19/2016,15,FEET,66.2,DEGREES F,10.69,MG/L
06/19/2016,20,FEET,58.6,DEGREES F,11.49,MG/L
06/19/2016,25,FEET,53.3,DEGREES F,10.83,MG/L
06/19/2016,30,FEET,48.5,DEGREES F,6.81,MG/L
06/19/2016,35,FEET,45.9,DEGREES F,.91,MG/L
06/19/2016,40,FEET,44.2,DEGREES F,.2,MG/L
06/19/2016,45,FEET,43.8,DEGREES F,.13,MG/L
06/19/2016,47,FEET,43.6,DEGREES F,.09,MG/L
07/31/2016,0,FEET,76,DEGREES F,9.17,MG/L
07/31/2016,5,FEET,76.4,DEGREES F,9.1,MG/L
07/31/2016,10,FEET,76.4,DEGREES F,9.04,MG/L
07/31/2016,15,FEET,76.2,DEGREES F,9.03,MG/L
07/31/2016,20,FEET,66.7,DEGREES F,11.01,MG/L
07/31/2016,25,FEET,57.8,DEGREES F,6.35,MG/L
07/31/2016,30,FEET,51,DEGREES F,.73,MG/L
07/31/2016,35,FEET,47.9,DEGREES F,.16,MG/L
07/31/2016,40,FEET,45.5,DEGREES F,.1,MG/L
07/31/2016,45,FEET,44.9,DEGREES F,.08,MG/L
07/31/2016,50,FEET,44.5,DEGREES F,.06,MG/L
08/28/2016,0,FEET,71.2,DEGREES F,8.97,MG/L
08/28/2016,5,FEET,71.7,DEGREES F,8.86,MG/L
08/28/2016,10,FEET,71.8,DEGREES F,8.82,MG/L
08/28/2016,15,FEET,71.9,DEGREES F,8.79,MG/L
08/28/2016,20,FEET,70.8,DEGREES F,7.26,MG/L
08/28/2016,25,FEET,60.4,DEGREES F,1.78,MG/L
08/28/2016,30,FEET,53,DEGREES F,.13,MG/L
08/28/2016,35,FEET,49.9,DEGREES F,.08,MG/L
08/28/2016,40,FEET,47.1,DEGREES F,.06,MG/L
08/28/2016,45,FEET,45.8,DEGREES F,.06,MG/L
08/28/2016,47,FEET,45.4,DEGREES F,.06,MG/L
05/28/2017,0,FEET,61.2,DEGREES F,9.85,MG/L
05/28/2017,5,FEET,60.8,DEGREES F,9.93,MG/L
05/28/2017,10,FEET,58.2,DEGREES F,10.33,MG/L
05/28/2017,15,FEET,56.4,DEGREES F,10.41,MG/L
05/28/2017,20,FEET,52.1,DEGREES F,11.13,MG/L
05/28/2017,25,FEET,49.3,DEGREES F,10.32,MG/L
05/28/2017,30,FEET,47.5,DEGREES F,8.55,MG/L
05/28/2017,35,FEET,46.5,DEGREES F,7.51,MG/L
05/28/2017,40,FEET,45.8,DEGREES F,5.24,MG/L
05/28/2017,45,FEET,45.4,DEGREES F,2.91,MG/L
05/28/2017,49,FEET,45.2,DEGREES F,.16,MG/L
06/25/2017,0,FEET,68.1,DEGREES F,8.91,MG/L
06/25/2017,5,FEET,68.4,DEGREES F,8.84,MG/L
06/25/2017,10,FEET,68.4,DEGREES F,8.84,MG/L
06/25/2017,15,FEET,67.6,DEGREES F,10.48,MG/L
06/25/2017,20,FEET,57.6,DEGREES F,12.87,MG/L
06/25/2017,25,FEET,52.7,DEGREES F,10.55,MG/L
06/25/2017,30,FEET,49.4,DEGREES F,6.47,MG/L
06/25/2017,35,FEET,47.4,DEGREES F,2.75,MG/L
06/25/2017,40,FEET,46.4,DEGREES F,.21,MG/L
06/25/2017,45,FEET,46,DEGREES F,.13,MG/L
06/25/2017,49,FEET,45.8,DEGREES F,.09,MG/L
07/23/2017,0,FEET,75.1,DEGREES F,8.44,MG/L
07/23/2017,5,FEET,75.3,DEGREES F,8.42,MG/L
07/23/2017,10,FEET,75.3,DEGREES F,8.5,MG/L
07/23/2017,15,FEET,72.8,DEGREES F,8.95,MG/L
07/23/2017,20,FEET,62.2,DEGREES F,11.63,MG/L
07/23/2017,25,FEET,56.5,DEGREES F,10.16,MG/L
07/23/2017,30,FEET,51.9,DEGREES F,5.91,MG/L
07/23/2017,35,FEET,48.5,DEGREES F,.83,MG/L
07/23/2017,40,FEET,47.2,DEGREES F,.17,MG/L
07/23/2017,45,FEET,46.7,DEGREES F,.12,MG/L
07/23/2017,48,FEET,46.5,DEGREES F,.08,MG/L
08/27/2017,0,FEET,68,DEGREES F,8.69,MG/L
08/27/2017,5,FEET,68,DEGREES F,8.69,MG/L
08/27/2017,10,FEET,68,DEGREES F,8.68,MG/L
08/27/2017,15,FEET,68,DEGREES F,8.64,MG/L
08/27/2017,20,FEET,68,DEGREES F,8.54,MG/L
08/27/2017,25,FEET,60.1,DEGREES F,8.12,MG/L
08/27/2017,30,FEET,53.3,DEGREES F,2.04,MG/L
08/27/2017,35,FEET,49.7,DEGREES F,.19,MG/L
08/27/2017,40,FEET,47.8,DEGREES F,.11,MG/L
08/27/2017,45,FEET,46.9,DEGREES F,.09,MG/L
08/27/2017,49,FEET,46.5,DEGREES F,.06,MG/L



Start Date,Fieldwork Comment
04/27/2000,Partly cloudy- calm.  Saw a beaver early in the a.m. zillions of minnows in the bay- 1 crayfish.    
05/14/2000,Partly cloudy- breezy.  Loons feeding in the bay. 2 eagles in the big white pine.    
05/28/2000,Sunny- temps in the 60's. perfect holiday weather.  Summer cabin people are putting in their docks.    
06/18/2000,Sunny now after thunderstorms this morning.  2 boats of fly fishermen on the lake and kids swimming.    
07/11/2000,Overcast- chop on the water.  Warm but breezy.  No one else on the lake.    
08/14/2000,Sunny- breezy- empty lake.    
08/28/2000,Sun/clouds- cool and breezy.  Eagles in the pines.    
09/13/2000,Overcast- 60's- breezy. no action on the lake.  Trees are changing color at crown.    
09/30/2000,Colorful lake shore.  Extremely low water- 6 feet of beach showing.  Gorgeous balmy weather.    
05/06/2001,Sunny/breezy.  Quiet holiday weekend - for opener.    
05/31/2001,Sunny/calm.  Geese and ducks.  Not a soul on the lake.  No fish rising but lots of minnows in shore.    
06/17/2001,Sunny/breezy.  No Dads on the lake!    
06/28/2001,Partly cloudy- fly fishers in the early AM.  One loon feeding in the bay.    
07/18/2001,Partly cloudy - a day with the loons.  Warm.    
08/08/2001,Breezy - hot and humid summer's day.  One pontoon - floating and fishing.    
09/02/2001,Partly sunny - kayakers and loons.  Boys fishing in north bay.    
09/16/2001,Partly sunny - quiet.  No loons - no planes.    
05/04/2002,Partly sunny- cool.  No fish biting yet.  Ice out was 4/17 - cold- snow and rainy weather since.    
05/19/2002,Partly sunny - only 40 degree air temp.  No recent
precipitation.  No one on the lake- but everyone's docks are in.  Still too cold for good fishing.    
06/02/2002,Sunny- warm - slight breeze.  Crappies have finally begun to hit; some boats fishing.  Beavers have young and are very active!    
06/05/2002,Optimum conditions for reading - very calm and sunny.  About 70 degrees.  Neighbors out in their new ELECTRIC pontoon boat.  Soundless.  Nice!    
06/25/2002,Lots of sunfish and small mouth in the bays.  Minnows everywhere!  Sunny and 87 degrees.  Nice to get away from the land loving army worms and their companion flies!    
07/18/2002,Steamy days; weeds coming up in deeper waters;
excellent swimming - small mouth delighting the summer kids!    
08/04/2002,Calm- cloudy and 70 degrees.  1" rainfall last night.  Bass feeding heavily.  Kingfishers and eagles active- too.    
05/08/2003,Lake ice went out 4/21/03. Water is clear but
unsettled. Sunny. Light breeze.

    
05/18/2003,Last rainfall was 5/11/03. Water is very clear. Mid
70's today and hazy.

    
05/29/2003,Calm- sunny- 65 degrees.  Bluegills are beginning to
spawn- but no crappies have moved to beds yet.

    
06/15/2003,Sunny - low 80's. Beautiful day except for the flies!

    
06/19/2003,Sunny - clear skies and clear water. Five loons in a
group- geese with young- two eagles soaring and a doe wading the
shoreline.  The larger bass are in the bays as the water temperatures
rise.

    
06/30/2003,Very slight turbidity after 2 inches of rain on
6/28/03 and windy conditions yesterday. Today - sunny and calm - 68 degree
air temp.

    
07/13/2003,Sunny and 70 degrees.  Rain the past couple days has
stirred up the water a bit. Deer wading along the lake shore- an eagle
overhead- pan fish scooting out from under the dock- turtles sunning and
one canoer skirting the lake - a perfect summer day.    
07/18/2003,Dead calm- sunny- 60 degrees. 3 loons- 2 kayakers-
fish feeding heavily at the surface. A cold front has moved in- and we
have early morning lake mists more common in late August.    
07/27/2003,Warm and humid. 80 degrees. Loons- an osprey- canoers
and swimmers.  Thousands of minnows near the shore.    
08/09/2003,Steamy- partly cloudy and 85 degrees.  Calm water.
Bass are heavily hitting the surface.


    
08/16/2003,Hot - 87 degrees.  Last rain shower on 8/10/03. Lots
of minnows along the shore and flies on the water surface. Three loons on
the lake.    
08/31/2003,Partly sunny and 78 degrees.


    
09/06/2003,Sunny and 80 degrees.  A hatch of flying ants has
brought the sunnies to the surface.  There is a golden tinge to the tree
crowns.  Still a few people swimming- but some folks are packing up for
the summer and have taken docks in.


    
09/21/2003,Partly cloudy and 60 degrees (F). Also sampled for National Water Monitoring Day.  The water temp was 18 degrees C; the ph was between and 8 and 9; the D.O. was 8 ppm with an 84% saturation.  I used the monitoring kit not calibrated meters- so the data is not completely accurate - but still indicates the health of the lake.    
10/05/2003,Clear and calm. 57 degrees. Lots of people out on the lake enjoying fall colors from boats and kayaks. Deer and fisher tracks on the beach.    
05/18/2004,Calm- sunny- 59 F air temp.  Heavy rain 2 days prior.    
05/28/2004,Sunny - 50 degrees.  Rainy days lately - have stirred up the water.    
06/03/2004,Sunny and calm.  Bluegills moving in to spawn and an eagle in a tall white pine watching their progress.    
06/27/2004,Overcast - very calm- 58 degrees air temp.  June has been so rainy and windy - it has been difficult finding good days for readings.    
07/12/2004,Sunny and very calm.  No rain for almost 24 hrs.  Heavy rains lately have really stirred up the water.    
07/19/2004,Sunny- warm and humid.    
07/30/2004,Partly cloudy; 60 degrees.  A curious loon circled the boat.  Thousands of minnows are swimming near the shore.    
08/06/2004,Sunny- calm - 70 degrees.    
08/14/2004,60 degrees. 5 loons- 2 eagles.  Lots of surface feeding - bug hatch last night. Sunny- slight breeze.    
09/25/2004,Sunshine galore - trees tipping with color. Slight breeze- 60's.  Several eagles "chirpping" and watching me from the big white pines.    
10/12/2004,Very calm and sunny day - 49 degrees.  I did water quality tests for World Monitoring Day.  DO - 8 ppm + 74% saturation.  pH - 8.5.  Water temp - 12 degrees C.    
05/11/2005,Partly cloudy- calm    
05/24/2005,Sunny- calm- 60 F.    
05/31/2005,Sunny- calm 58 degrees. Lots of minnows at the shoreline. Many algae particles floating in the water at all levels.    
06/13/2005,Partly cloudy and very calm. 64 degrees. Loon with a chick floats on the east side of the lake -- and an eagle is watching them -- too closely.  The sunfish are thick by our dock this morning.    
06/18/2005,Calm- 60 degrees- 2 loons on the lake - quiet morning.    
07/13/2005,70 degrees and sticky - no rain for the past two weeks. No signs of weed growth yet --- minnows galore!    
07/25/2005,65 degrees- cloudy - very calm.    
08/11/2005,60 degrees- partly cloudy- calm.    
08/24/2005,56 degrees- partly sunny- calm. Curious loon near the boat. Quiet lake morning.    
08/30/2005,58 degrees- sunny- clear- calm. Lake looks cloudy and ready to turn over. Gorgeous morning - kayakers- people fishing- loons- eagles and kingfishers.    
09/08/2005,Still surface- mostly cloudy and 56 degrees. The lake surface is covered with large air bubbles! Must be churning up oxygen.    
09/21/2005,Clear and calm. 60 degrees.    
05/07/2006,65 degrees with sight breeze. Clear day - 2 loons and an eagle.
05/22/2006,Very calm and 45 degrees. Clear day - no wildlife visible this morning but bass are leaping all over the lake.
05/25/2006,Slight breeze- sunny morning and 55 degrees.  2 loons diving on the north side of the lake. 2 eagles chirpping.
06/11/2006,55 degrees- clear and calm.  Millions of minnows along the shoreline and one eagle soaring overhead.
06/22/2006,60 degrees- cloudy and breezy.  Two loons on the north end of the lake- and no one boating or fishing.
06/30/2006,Partly sunny- breeze- 62 degrees.  3 loons and no eagles around!  Geese pair with 8 goslings.
07/11/2006,Partly cloudy and very calm. 60 degrees. Loon pair fishing and diving. Water is down 6 inches since June 11- and we now have beach showing around the entire lake.
07/23/2006,Partly cloudy; 70 degrees. Lake is down 18 inches since ice-out on April 11. Two loons diving.
08/11/2006,Calm- partly cloudy and 58 degrees.  No one on the water. Beavers have been de-barking downed birch trees along the shore.  1 crayfish and many frogs along the beach shallows.
08/20/2006,Sunny- 70 degrees - perfect summer day! Sunbathers on some of the docks - but no boats on the lake.
08/27/2006,Sunny - 75 degrees - calm.  1 loon diving for fish.  1 man fishing off the gravel bed.  Quiet morning.
09/10/2006,Sunny and 50 degrees. Slight breeze. Bald eagle in a tree. 4 mallards overhead. Two people with 3 golden retrievers walked around the east side of the lake. The dogs took turns swimming.
09/21/2006,Sunny and 38 degrees. Calm - quiet. Medium tree color showing with the red maples leading off. Geese moving south.
09/30/2006,Sunny and 44 degrees. Calm and quiet day.
04/22/2007,74 degrees- partly sunny and breezy. Pair of mergansers swimming in the bay.  2 adult eagles soaring overhead. No docks in yet.
05/11/2007,Cool- partly cloudy- slight breeze. 1 eagle soaring and 1 loon fishing the east bay. 
05/20/2007,Cloudy- slight breeze and 50 degrees.  No one on the lake or even outside this afternoon!
05/30/2007,Slight breeze- 65 degrees- partly cloudy.   We had 1/4" of rain last night- and yesterday was very windy. 1 eagle soaring overhead.
06/10/2007,Sunny- calm and 80 degrees - spectacular blue sky day.  Lots of pine pollen in air and water.  It's been terribly windy for the past couple weeks- and today is the first June day clam enough to take a reading on this lake.
06/16/2007,Mostly sunny- 80 degrees - slight breeze.  Beautiful day with early morning showers.  Hundreds of minnows are swimming along the shore- and frogs are leaping into the lake from the shoreline.  Water looks clear and inviting.  People are swimming at a couple cabins- and there are no boats on the lake this afternoon.
06/24/2007,78 degrees- sunny- slight breeze.  A blue heron is wading- and there is 1 boat of people fishing on the north end of the lake.
07/08/2007,Cloudy- breezy and muggy. 82 degrees.  People are fly fishing from a boat on the west side of the lake.  Otherwise - it is a very quiet day on the water.
07/17/2007,Calm- mostly sunny and 66 degrees.  Fish are rising to eat water insects scooting along the surface.  Two loons are swimming in the north area of the lake.
07/22/2007,Cloudy- slight breeze.  Trace of rain this morning.  A raft of geese swam across the lake - two families with 2/3 grown goslings.  Two boats were out fishing.  It is a nice- cooler summer day.
07/28/2007,Sunny- calm + 65 degrees. Canoer is fishing the north end of the lake.  Neighbors are sawing up a downed tree from Thursday afternoon's abrupt storm.  We received 1.8 inches of rain in that downpour - the first measureable precipitation we've had in July!  An eagle is soaring the length of the lake.
08/06/2007,Cloudy and calm. 75 degrees. Bass are rising for bugs in the middle of the lake while schools of minnows gather along the shoreline.  It is a quiet afternoon on the water.
08/19/2007,60 degrees- overcast- slight breeze.  Kingfishers are soaring just above the water.  An eagle is chirpping in the big pine.  Small mouth bass are rising.
08/22/2007,75 degrees.  Hazy sunshine/slight breeze.  Very quiet afternoon on the lake.  The only sound is the splash of my paddle.  We had 1" of rain 2 days ago- and that has cleared the water a bit.
08/26/2007,74 degrees- partly cloudy and breezy.  Two adult loons are curious about the sampling equipment and are diving near the boat.  An eagle is watching them and me from the tallest pine.  Extremely quiet day on the lake.  The water looks a bit green and doggy today.
09/12/2007,Sunny- calm and 60 degrees.  Cool late summer day - clear as a bell.  No action on the lake!
09/20/2007,Cloudy- calm and 45 degrees.  3 inches of needed rain 2 days ago has raised the water level a bit. Maples are showy red along the shoreline. There are tracks for 3-5 deer on the beach. 
10/12/2007,Cloudy- calm and 30 degrees.  The lake has come up about 8 inches after our September rains.   It is still about 8 inches below its level at ice out in late April. The water looks so much clearer- too.  Fish are still rising- but no one is on the lake this chilly- fall morning.
05/13/2008,Cloudy with a SW breeze. 59 degrees. Loon pair swimming + diving in the middle of the lake. Ice out was the early evening of May 1st.  No one has their docks in yet.
05/19/2008,Calm- cloudy and 55 degrees.  Two loons at the north end of the lake.  With no measurable rain since ice out- the lake level is dropping again this spring.
05/29/2008,Partly cloudy - 59 degrees.  Slight breeze.  A territorial loon pair would not allow a lone loon land in their area on the lake.  Then- a pair of immature eagles swooped down from a tall white pine to threaten the loon pair.  The eagles split up with one heading south and one heading north. Both landed in tall pines along the lake and began their eagle chirpping.  Our last rainfall was Sunday- May 25 - 1/4 inch. Partly cloudy - 59 degrees.  Slight breeze.  A territorial loon pair would not allow a lone loon land in their area on the lake.  Then- a pair of immature eagles swooped down from a tall white pine to threaten the loon pair.  The eagles split up with one heading south and one heading north. Both landed in tall pines along the lake and began their eagle chirpping.  Our last rainfall was Sunday- May 25 - 1/4 inch.
06/02/2008,Mostly cloudy- 52 degrees- calm.  1/4" rain last night.  The lake has been invaded by eagles.  There were 4 immature eagles and 2 adult eagles sitting in the trees of our bay yesterday.  Today 2 adults are watching our bay in the tall dead head of a white pine.  The loons have scattered for the time being.  Everyone has their docks in -- let summer begn!
06/08/2008,Cloudy- calm 59 degrees. Two adult eagles sat in the big pine. The water cleared up nicely after days and days of pollen. I talked to a neighbor who was fishing while I was taking the secchi reading. We discussed the late sucker spawning. He said the crappies are just now heading to the beds- and the beds are in different areas of the lake this year due to the lower lake depth. 

The lake experienced a cisco die-off the past 1.5 weeks. Apparently the oxygen on the north end of the lake dipped enough to cause the die-off. The Bayfield County fish biologist was consulted- and he said a spring die-off is not unusual especially in a deep ice year. 

The dead fish drew in many eagles- including one golden eagle. The eagles chased the 3 loons off the lake.  And so it goes!  As my fisherman friend and I were talking - we saw a coyote poking along the west shore of the lake - presumably after dead fish.
06/19/2008,Partly cloudy- calm and 56 degrees.  The minnows are swimming along the shore- and I saw small mouth bass in the shallows.  We have a second batch of pollen spread across the lake.  The loons are back; one pair dove close to my canoe.  The eagles are mostly gone- and no more dead fish have been reported to me.  We have been taking our morning dip -- starting this summer to fall ritual almost 3 weeks later than usual!
06/22/2008,Mostly cloudy with strong NW breezes.  61 degrees.  Three people fishing in a small motor boat.  Family fun at the north end of the lake - lots of squeals as the kids test the chilly water for swimming.  All in all a very quiet morning on the lake.
07/04/2008,Sunny- slight breeze- 60 degrees. 2 kayakers- 1 eagle perched in the big white pine and 2 loons swimming at the north end of lake.
07/14/2008,Mostly sunny and very calm. 56 degrees. Lots of plant matter in the water after 2 days of high winds that churned up the lake into white caps. The small bass are jumping for bugs (and for joy!).
07/20/2008,Calm water - 85 degrees!  Partly sunny. Lots of lake activity this afternoon -- anglers- swimmers- canoers and loons.
08/02/2008,Calm- sunny 65 degrees. Very quiet morning except for bass swirling and jumping.
08/17/2008,Hazy-sunny and 81 degrees. Slight breeze.  Nice afternoon. People were swimming- and one sail boat was on the lake.
08/24/2008,Slight breeze. 67 degrees. Sunny. Quiet day on the lake.  One eagle sitting and watching me in the big pine.
09/05/2008,Clear- calm and about 50 degrees.  Quiet on the lake - one immature loon swimming and diving.  Zillions of insects hovering over the surface waters.  Fine mist rising --- beautiful morning on the lake.
09/17/2008,Sunny day - calm. 49 degrees. One loon is calling and diving on the north end of the lake.  There is a tinge of color on the tree crowns.
09/28/2008,Cloudy with slight breeze. 48 degrees. The lake is rimmed with color - reds- orange and yellow to gold.  Beautiful fall day.
05/03/2009,Sunny- clear- slight breeze + 54 degrees.   One loon diving at the north end of the lake.  Beautiful May morning!  Ice out was April 15.  
05/10/2009,Overcast- calm and 50 degrees.  Loons are on the north end of the lake.  One neighbor is fishing from his dock.  His dock is the only one in so far.  The water is very clear today.
05/25/2009,Partly clouldy and breezy.  62 degrees.  Watched an adult bald eagle dive and catch a fish then soar off to a tall tree to enoy its late breakfast.  
05/31/2009,Calm and mostly sunny.  45 degrees.  Quiet morning on the lake - one eagle soaring overhead.  No loons in view today.
06/14/2009,Clear- sunny- calm + 60 degrees.  1.25" of much needed rain fell yesterday afternoon and stirred up the water a bit.  One loon on the north end of the lake.  It is a very quiet and beautiful morning on the lake.
06/21/2009,Mostly sunny- slight breeze- 75 degrees.  Saw a doe drinking at the lake shore and an electric pontoon making a round tour of the lake.  There is alot of pollen on the lake surface and floating beneath- too.  Minnows and panfish are abundant in the shallows.
06/27/2009,Gray day; rain showers.  Took this reading with neighbors to show them how to use a secchi disk.  
07/07/2009,Sunny- calm- 54 degrees.  Ripe strawberries on the beach!  The shallows are loaded with minnows.  Bright- beautiful day on the lake!
07/19/2009,61 degrees- mostly sunny- light breeze.  One man in boat with electric motor fishing on the west side of the lake.  Electric pontoon touring the lake.  Nice morning after 5 days of gray- unseasonably cold temps and mist.
07/31/2009,Partly sunny - slight breeze and 55 degrees.  People fishing the south bay.  Nicer morining than most of the week.  Very cool temps this summer!
08/07/2009,Cloudy- calm and 55 degrees.  Many skating insects on the water surface.  One loon lazily floating and curiously watching my canoe glide by.  When the lake is this calm the shoreline really shows how low the water level is this year- and the lake looks smaller.
08/22/2009,Partly sunny- slight breeze and 60 degrees.  Family fishing from a boat with an electric motor.  The kids are having a ball catching pan fish. The water looks inviting and clear after 1.5 inches of rain the past 2 days.
08/30/2009,Sunny- calm and 50 degrees.  One loon is still roaming the lake.  There is matter in the water now - a little bit soupy.  Also -- a tinge of color in the trees already! Sunny- calm and 50 degrees.  One loon is still roaming the lake.   Also -- a tinge of color in the trees already!
09/15/2009,Calm- sunny morning. 65 degrees.  There is a tinge of color in the tree crowns and a sultry feeling in the air.  Very quiet morning - the loons left last week- and some people pulled their docks in on Labor Day.
09/22/2009,Sunny- calm and 55 degrees - another gorgeous summerlike day in September!  6 geese are swimming along the lake shore.  Most docks are already stored for winter.  The lake level has dropped again since we have not had any measureable rain in September.
09/27/2009,Partly cloudy and very breezy - 53 degrees.  The trees are showing more red and yellow.  The colors are a little late this year.  Nothing is moving around the lake.
04/12/2010,Overcast and very calm.  51 degrees.  The lake opened about 3 weeks earlier than usual - ice-off on March 29.  Hammil is lower than at this time last year.  It appears to be 1 ft. lower because a snag that is usually 8 inches below the surface is now poking 4 inches above the water level.  The loons have not returned to the lake yet.  There are geese and mallards puddling about- tho.
05/15/2010,Clear- calm + 68 degrees.  Two guys fishing from a 14 ft. boat. One loon on the lake; one eagle soaring.  Beautiful day and beautiful water.
05/24/2010,HOT - 88 degrees.  Slight breeze.  Two people fishing the south bay in a boat.  An eagle is watching from the Tall Pine.  Feels like summer!  The lake is gorgeous today and sooooo clear.
05/31/2010,Sunny- slight breeze- about 70 degrees.  2 kayakers on the lake and a family sunning on their dock.  The eagle is sitting in the big pine watching over all.  Pollen washed up along the beach this morning.  There are minnows and sunnies under the dock.
06/06/2010,Cloudy- slight breeze - about 60 degrees.  No action on the lake this morning.  Has been a week of showers - much needed here.
06/20/2010,Beautiful Father's Day.  Neighbors are swimming and fishing.  The small mouth are leaping for insects.  No eagles today - but a pair of loons are calling.  The water looks nice but is not as clear as a few weeks ago.
06/30/2010,Clear- calm and about 60 degrees.  One loon in the center of the lake. Turtles- minnows and dragonflies! The water is very clear but has alot of plant matter in it.  Another quiet and beautiful morning on the lake.
07/11/2010,Partly cloudy- slight breeze- 65 degrees.  I think everyone is up on the lake this weekend.  Lots of fun - fishing- boating -- in between the sudden storms. The loons are having friends over - there were 4 all together on the lake this morning.
07/25/2010,Clear- slight breeze. 79 degrees.  It is a beautiful Sunday morning.  People are swimming + fishing. There is plant matter suspended in the water- but the water is still fairly clear. I chased out 4 mink frogs from under the boat when I slid it into the water.
07/31/2010,Muggy - will be hot today. Slight breeze. Swimmers + canoers out this morning.  Water column has lots of plant matter floating in it.
08/08/2010,Overcast and calm. Dog days.  Weeds are up - lots of matter in the water.  Surface striders are all over the lake. Lots of minnows along the shoreline. Very quiet Sunday on the lake.
08/22/2010,Clear- calm- 77 degrees.  Water is doggy - lots of weeds and a yellow-green tinge. Plenty of sunnies around the dock. One person fishing from a boat on the north end of the lake. The lake has risen about 6" since June!
08/29/2010,Hot- sunny- slight breeze - very muggy.  The loons left the lake about 4 days ago.  The lake is still soupy - has been most of the month.  
09/05/2010,Gorgeous September morning.  Summer residents are pulling in their docks today.  Dropped to 38 degrees last night- and the lake was hidden in mist early this morning.  
09/19/2010,Partly sunny- 55 degrees- slight breeze.  Not a sole on the lake today.  The water looks very clear and blue today.  There is a hint of color in the oaks and maples around the lake.
04/24/2011,Sunny- slight breeze. 60 degrees.
05/08/2011,Sunny - hazy with slight breeze.  55 degrees.
05/20/2011,Mostly sunny and fairly calm - about 72 degrees.  A neighbor motored by in his electric pontoon enjoying a cup of coffee and a tour of the lake.  A pair of mergansers were simming along the shoreline of our bay.
06/05/2011,Partly cloudy after a stormy morning. 69 degrees and slight breeze.  All the docks are in now- but the weather has been very cool.  The loons are hanging in groups of 3 and 4 - mostly fishing together and playing- too.
06/12/2011,Mostly calm- mostly sunny and 72 degrees.  Lots of minnows along the shore and lots of dragonflies darting through the air.  No one is out on the lake on this beautiful Sunday.
06/19/2011,Not a soul on the lake today.  It has been raining on and off the past couple of days- and the lake is looking much higher this year.  Very lush spring!  It is about 58 degrees- cloudy and calm.
07/01/2011,Very warm morning- sunny + clear - 72 degrees and slight breeze.  The eagle is harrassing the loons - 3 adults.  Plenty of minnows along the shore.
07/18/2011,Steamy- hazy morning.  Low clouds and slight breeze. 72 degrees.  We had 1 inch of rain last night in 30 minutes!  Quiet on the lake - noone is out- not even the loons.
07/24/2011,Cool morning after a week of 85-90 degrees.  54 degrees at this time.  Our eagle is watching from the big pine dead head.  2 loons are diving on the north end of the lake.  Overcast with a slight breeze.
08/06/2011,Cloudy to sunny. Slight breeze. One loon swimming down the center of the lake.  68 degrees.
08/21/2011,Clear and sunny.  54 degrees.  While the 2nd home owners are all up this weekend - no one is on the lake at this time.  No loons - one eagle soaring overhead- and a deer is walking the shoreline across from me.
08/28/2011,Mostly cloudy- 70 degrees.  No action on the lake at all.
04/15/2012,Cloudy- light drizzle - 48 degrees.  Saw 1 loon- an eagle and an otter.  Received .2" of rain last night.
05/13/2012,Overcast and showery - some sun peeking now and then.  60 degrees and breezy.  One boat on the lake.
05/24/2012,Overcast and calm - 50 degrees.  All docks are in.  It is suppose to storm hard today - but it is nice now.  Lots of minnows near shore.
05/31/2012,Sunny with the slightest breeze.  Cool - 45 degrees.  The water looks a little stirred up after wind and 5 inches of rain!  A loon is calling on the north end of the lake.  The lake level is very close to normal - maybe need 5 inches more.
06/16/2012,Sunny- breezy - 82 degrees.  Neighbors in pontoon are fishing the west side of the lake.  2 loons are diving.  Lots of minnows near shore.
06/24/2012,Low clouds- overcast- slight breeze.  1/2" of rain fell overnight.  The lake is way up after about 5 additional inches of rain fell last week - looking normal again.
07/04/2012,Sunny and hot - upper 80's.  Lots of action on the lake - canoes- kayaks- a sail boat + group of boys in a fishing boat - jumping in the lake to cool off.
07/14/2012,Sunny- hot and breezy.  No one on the lake right now.  Loons are swimming in the bay - east side of the lake.
07/22/2012,Calm today - fair skies with high clouds.  68 degrees.  Lots of water striders skimming.  Quiet on the lake.
08/12/2012,Calm- cloudy- 60 degrees.  2 loons and I have the lake to ourselves.  Lots of plant matter floating in the water.
08/19/2012,Sunny- clear - 62 degrees.  A pair of loons are swimming down the center of the lake.  Had 3/4" of rain last night. There are lots of minnows sweeping the shoreline.  An eagle is watching in the tall dead tree on the point.  I smell someone cooking breakfast - bacon!
09/30/2012,Sunny- calm.  Peak color around the lake.  Baby loon on the north end being challenged by the eagle.  No one is out- all but one dock is in.
05/27/2013,Cloudy Memorial Day - calm - about 60 degrees. 2 people fishing in 1 boat.  Most docks in. Saw a loon pair- an otter- an eagle and spotted sandpipers.
06/23/2013,Mostly cloudy - breezy and very humid.  70 degrees. Mostly cloudy- breezy and humid.  70 degrees.
06/30/2013,Beautiful- clear blue water.  Some pollen from the recent pine tree release washed along the shore.  Green frogs- minnows- 2 loons and a bald eagle.  Sunny- fairly calm and 70 degrees.
07/14/2013,Cloudy and breezy.  Bald eagle in tall white pine.  Very quiet on the lake.
07/21/2013,Clear and calm.  70 degrees.  4 loons diving and playing- neighbor fishing from dock.  Lots of green frogs- minnows and 1 painted turtle swimming under water in the bay.  Beautiful summer day!
08/04/2013,Partly sunny- calm- 68 degrees.  One loon diving in the middle of the lake.  Minnows and green frogs near shore.  Lots of striders on the water surface. No one is boating or fishing- but some people are enjoying no bugs (for a change) and are sitting on their docks.
08/11/2013,Mostly sunny- slight breeze - 68 degrees.  Pair of kayaks; pair of loons - on a Sunday afternoon!
08/25/2013,Warm- sunny- breezy day - 85 degrees at 10 am.  Saw one loon preening and diving and a couple neighbors sitting on their docks.  There were several brown leopard frogs around my dock.
05/18/2014,Sunny and 64 degrees - slight breeze.  Loon pair on the lake.  
05/25/2014,Sunny and clear - little breeze. People are up for Memorial weekend and are putting in their docks and fishing. There is 1 pair of loons in the middle of the lake.
06/08/2014,Sunny - loon calling. Calm + 50 degrees.  Some pollen floating around the surface- but the water is very clear underneath.  Sunfish are hanging out by our dock.
06/22/2014,Partly sunny and calm - 72 degrees.  Heavy pine pollen along the shore -- thick as paint!  Lots of pollen floating down in the water column.  Minnows and more minnows by the dock and beach.
07/20/2014,Sunny and breezy.  People are fishing and swimming.  Lots of minnows along the shoreline. Loon pair floating in the middle of the lake.
07/27/2014,About 60 degrees.  Cloudy- breezy - showers last night and early morning. Green frogs are leaping at the shoreline. Loons are calling on the north end of the lake.
08/10/2014,Sunny - Loons at the north end of the lake.  A pontoon with a family aboard and 2 kayakers are looping the lake.
08/24/2014,Breezy and cloudy - 69 degrees. We have had a lot of rain lately- and the lake is very high and clear. Big eagle in the dead tree overlooking the bay. Green frogs are at the shoreline and tree frogs are in the raspberry bushes along the shore.
09/09/2014,Overcast and calm. A brown leopard frog hopped out from under the dock. A flock of geese flew overhead - going south. 2 people were fishing from a boat.
04/14/2015,Ice out was 4/2/15- and I heard the first loon back today.  Beautiful- sunny- clear day.  I hit turnover - first time I ever did that.
05/10/2015,Chilly- snow flurries and sleet. 48 degrees- cloudy.  Chilly- cloudy- sleety - 48 degrees. The lake is beautiful - but the weather is ugly.
05/23/2015,64 degrees- cloudy and very calm. An eagle soaring overhead - mosquitoes out in force (first big hatch of the season).
06/21/2015,Mostly sunny- beautiful first day of Summer! 72 degrees.  Slight NW breeze.  Dad and son fishing from a boat; group of pontooners circling the lake. Clear water - minnows and frogs.
06/28/2015,Cloudy- slight breeze. 67 degrees.  Very quiet on the lake!  Clear water- but their is a thin pollen film on top near the shore.  Fish are surfacing for bugs - but no one (not even a loon or an eagle) is fishing.
07/19/2015,Sunny + clear - gorgeous summer day. 75 degrees - strong breeze. 3 loons on the lake and a pontoon in a bay with people fishing. The water is VERY clear!
07/26/2015,Slight breeze - 80 degrees - clear.  3 loons swimming together towards the north end of the lake. Beautiful summer morning!
08/16/2015,Breezy- partly cloudy - 76 degrees.  1 loon- 1 eagle watching the loon - all else quiet on the lake.
08/31/2015,Partly sunny- 73 degrees- slight breeze. The water is clear- but there is plant litter floating on the surface. No loons - I have not seen a loon since August 27.
05/08/2016,Air temp - 54 degrees. Clear - very calm. One couple fishing from boat on north end of the lake. NO loons this year! The shallows near the shore are thick with minnows.
05/30/2016,Sunny- light breeze. 69 degrees. Pine pollen on the surface but very clear depths. Previous 3 days were rainy - 1.6 inches rain total.
06/19/2016,Slight breeze - mostly sunny.  2 loons in the middle of the lake. People floating on pontoon. Some pine pollen on the water surface. Beautiful day! Can see sunnies swimming along the shoreline.
06/28/2016,Partly cloudy - mostly sunny - 70 degrees. 2 loons swimming on the north end of the lake. Calm wind - quiet day.  
07/16/2016,Partly cloudy; slight breeze. 70 degrees. 2 loons swimming - 1 eagle watching.  Partly cloudy; slight  breeze. 2 loons swimming. 1 eagle watching. Lake is very high - after 10 inches of rain fell Monday night - 7/11.
07/23/2016,Calm + sunny - 73 degrees.  3 loons playing on the lake.  Lovely summer day.
07/31/2016,Sunny + 75 degrees.  2 loons - lots of minnows along the shore.  Paddle boarder floated by laying on his back and reading a book!  One way to beat the mosquitoes!  Couple boats fishing. Eagle eyeing everyone in the tall pine tree at King's Bay.
08/13/2016,Sunny- slight breeze. 70 degrees.  No loons on the lake today.  Water is clear but has a thin film of pollen in some areas.  
08/28/2016,Overcast - 63 degrees- light breeze. 0.75" of rain yesterday.  Humid!
04/29/2017,Hazy sunny and 49 degrees.  1" of ice and then 1" of snow 2 days ago.  Ice out April 5.  2 loons and geese on the lake- and an eagle flying over them.
05/14/2017,Loon pair- eagle. Fine Mother's Day - but no one is on the lake.
05/28/2017,Partly cloudy- slight breeze. 63 degrees. 1 person fishing from a boat. Quiet Memorial Weekend Sunday. Pine pollen along the shore already! Lots of minnows -1 loon.
06/11/2017,Dark morning - 64 degrees. Cloudy and calm. Storms coming soon. Lots of pollen on the water surface. Very hot (90s) and windy yesterday. The lake has been churned up.
06/25/2017,57 degrees- cloudy and damp.  Loon pair on the lake- and osprey flying above me. Feels like fall.
07/11/2017,73 degrees. Very calm - mostly sunny.  clear water- some fish swirls and no people or birds on the lake.
07/23/2017,Cloudy- 59 degrees. Slight chop on the water. Mists rising from the lake. 3 people fishing from a pontoon boat.
08/13/2017,Mostly cloudy- very calm and 72 degrees. Some plant matter floating on the surface but very clear water underneath it. Minnows and frogs along the shoreline --- sunnies swimming around the dock.
08/27/2017,Cloudy- misty. Calm. 2 kayakers- 5 guys fishing from pontoon boat. 4" of rain fell yesterday.




Start Date,Group Name,Project Name
04/27/2000,Wendy Hanneman,Citizen Lake Monitoring - Water Quality - Hammil Lake (2467900); Nr Center
05/14/2000,Wendy Hanneman,Citizen Lake Monitoring - Water Quality - Hammil Lake (2467900); Nr Center
05/28/2000,Wendy Hanneman,Citizen Lake Monitoring - Water Quality - Hammil Lake (2467900); Nr Center
06/18/2000,Wendy Hanneman,Citizen Lake Monitoring - Water Quality - Hammil Lake (2467900); Nr Center
07/11/2000,Wendy Hanneman,Citizen Lake Monitoring - Water Quality - Hammil Lake (2467900); Nr Center
08/14/2000,Wendy Hanneman,Citizen Lake Monitoring - Water Quality - Hammil Lake (2467900); Nr Center
08/28/2000,Wendy Hanneman,Citizen Lake Monitoring - Water Quality - Hammil Lake (2467900); Nr Center
09/13/2000,Wendy Hanneman,Citizen Lake Monitoring - Water Quality - Hammil Lake (2467900); Nr Center
09/30/2000,Wendy Hanneman,Citizen Lake Monitoring - Water Quality - Hammil Lake (2467900); Nr Center
05/06/2001,Wendy Hanneman,Citizen Lake Monitoring - Water Quality - Hammil Lake (2467900); Nr Center
05/31/2001,Wendy Hanneman,Citizen Lake Monitoring - Water Quality - Hammil Lake (2467900); Nr Center
06/17/2001,Wendy Hanneman,Citizen Lake Monitoring - Water Quality - Hammil Lake (2467900); Nr Center
06/28/2001,Wendy Hanneman,Citizen Lake Monitoring - Water Quality - Hammil Lake (2467900); Nr Center
07/18/2001,Wendy Hanneman,Citizen Lake Monitoring - Water Quality - Hammil Lake (2467900); Nr Center
08/08/2001,Wendy Hanneman,Citizen Lake Monitoring - Water Quality - Hammil Lake (2467900); Nr Center
09/02/2001,Wendy Hanneman,Citizen Lake Monitoring - Water Quality - Hammil Lake (2467900); Nr Center
09/16/2001,Wendy Hanneman,Citizen Lake Monitoring - Water Quality - Hammil Lake (2467900); Nr Center
05/04/2002,Wendy Hanneman,Citizen Lake Monitoring - Water Quality - Hammil Lake (2467900); Nr Center
05/19/2002,Wendy Hanneman,Citizen Lake Monitoring - Water Quality - Hammil Lake (2467900); Nr Center
06/02/2002,Wendy Hanneman,Citizen Lake Monitoring - Water Quality - Hammil Lake (2467900); Nr Center
06/05/2002,Wendy Hanneman,Citizen Lake Monitoring - Water Quality - Hammil Lake (2467900); Nr Center
06/25/2002,Wendy Hanneman,Citizen Lake Monitoring - Water Quality - Hammil Lake (2467900); Nr Center
07/12/2002,Wendy Hanneman,Citizen Lake Monitoring - Water Quality - Hammil Lake (2467900); Nr Center
07/18/2002,Wendy Hanneman,Citizen Lake Monitoring - Water Quality - Hammil Lake (2467900); Nr Center
08/04/2002,Wendy Hanneman,Citizen Lake Monitoring - Water Quality - Hammil Lake (2467900); Nr Center
08/18/2002,Wendy Hanneman,Citizen Lake Monitoring - Water Quality - Hammil Lake (2467900); Nr Center
09/13/2002,Wendy Hanneman,Citizen Lake Monitoring - Water Quality - Hammil Lake (2467900); Nr Center
05/08/2003,Wendy Hanneman,Citizen Lake Monitoring - Water Quality - Hammil Lake (2467900); Nr Center
05/18/2003,Wendy Hanneman,Citizen Lake Monitoring - Water Quality - Hammil Lake (2467900); Nr Center
05/29/2003,Wendy Hanneman,Citizen Lake Monitoring - Water Quality - Hammil Lake (2467900); Nr Center
06/15/2003,Wendy Hanneman,Citizen Lake Monitoring - Water Quality - Hammil Lake (2467900); Nr Center
06/19/2003,Wendy Hanneman,Citizen Lake Monitoring - Water Quality - Hammil Lake (2467900); Nr Center
06/30/2003,Wendy Hanneman,Citizen Lake Monitoring - Water Quality - Hammil Lake (2467900); Nr Center
07/13/2003,Wendy Hanneman,Citizen Lake Monitoring - Water Quality - Hammil Lake (2467900); Nr Center
07/18/2003,Wendy Hanneman,Citizen Lake Monitoring - Water Quality - Hammil Lake (2467900); Nr Center
07/27/2003,Wendy Hanneman,Citizen Lake Monitoring - Water Quality - Hammil Lake (2467900); Nr Center
08/09/2003,Wendy Hanneman,Citizen Lake Monitoring - Water Quality - Hammil Lake (2467900); Nr Center
08/16/2003,Wendy Hanneman,Citizen Lake Monitoring - Water Quality - Hammil Lake (2467900); Nr Center
08/31/2003,Wendy Hanneman,Citizen Lake Monitoring - Water Quality - Hammil Lake (2467900); Nr Center
09/06/2003,Wendy Hanneman,Citizen Lake Monitoring - Water Quality - Hammil Lake (2467900); Nr Center
09/21/2003,Wendy Hanneman,Citizen Lake Monitoring - Water Quality - Hammil Lake (2467900); Nr Center
10/05/2003,Wendy Hanneman,Citizen Lake Monitoring - Water Quality - Hammil Lake (2467900); Nr Center
05/18/2004,Wendy Hanneman,Citizen Lake Monitoring - Water Quality - Hammil Lake (2467900); Nr Center
05/28/2004,Wendy Hanneman,Citizen Lake Monitoring - Water Quality - Hammil Lake (2467900); Nr Center
06/03/2004,Wendy Hanneman,Citizen Lake Monitoring - Water Quality - Hammil Lake (2467900); Nr Center
06/27/2004,Wendy Hanneman,Citizen Lake Monitoring - Water Quality - Hammil Lake (2467900); Nr Center
07/12/2004,Wendy Hanneman,Citizen Lake Monitoring - Water Quality - Hammil Lake (2467900); Nr Center
07/19/2004,Wendy Hanneman,Citizen Lake Monitoring - Water Quality - Hammil Lake (2467900); Nr Center
07/30/2004,Wendy Hanneman,Citizen Lake Monitoring - Water Quality - Hammil Lake (2467900); Nr Center
08/06/2004,Wendy Hanneman,Citizen Lake Monitoring - Water Quality - Hammil Lake (2467900); Nr Center
08/14/2004,Wendy Hanneman,Citizen Lake Monitoring - Water Quality - Hammil Lake (2467900); Nr Center
09/18/2004,Wendy Hanneman,Citizen Lake Monitoring - Water Quality - Hammil Lake (2467900); Nr Center
09/25/2004,Wendy Hanneman,Citizen Lake Monitoring - Water Quality - Hammil Lake (2467900); Nr Center
10/12/2004,Wendy Hanneman,Citizen Lake Monitoring - Water Quality - Hammil Lake (2467900); Nr Center
05/11/2005,Wendy Hanneman,Citizen Lake Monitoring - Water Quality - Hammil Lake (2467900); Nr Center
05/24/2005,Wendy Hanneman,Citizen Lake Monitoring - Water Quality - Hammil Lake (2467900); Nr Center
05/31/2005,Wendy Hanneman,Citizen Lake Monitoring - Water Quality - Hammil Lake (2467900); Nr Center
06/13/2005,Wendy Hanneman,Citizen Lake Monitoring - Water Quality - Hammil Lake (2467900); Nr Center
06/18/2005,Wendy Hanneman,Citizen Lake Monitoring - Water Quality - Hammil Lake (2467900); Nr Center
07/13/2005,Wendy Hanneman,Citizen Lake Monitoring - Water Quality - Hammil Lake (2467900); Nr Center
07/25/2005,Wendy Hanneman,Citizen Lake Monitoring - Water Quality - Hammil Lake (2467900); Nr Center
08/11/2005,Wendy Hanneman,Citizen Lake Monitoring - Water Quality - Hammil Lake (2467900); Nr Center
08/24/2005,Wendy Hanneman,Citizen Lake Monitoring - Water Quality - Hammil Lake (2467900); Nr Center
08/30/2005,Wendy Hanneman,Citizen Lake Monitoring - Water Quality - Hammil Lake (2467900); Nr Center
09/08/2005,Wendy Hanneman,Citizen Lake Monitoring - Water Quality - Hammil Lake (2467900); Nr Center
09/21/2005,Wendy Hanneman,Citizen Lake Monitoring - Water Quality - Hammil Lake (2467900); Nr Center
05/07/2006,Wendy Hanneman,Citizen Lake Monitoring - Water Quality - Hammil Lake (2467900); Nr Center
05/22/2006,Wendy Hanneman,Citizen Lake Monitoring - Water Quality - Hammil Lake (2467900); Nr Center
05/25/2006,Wendy Hanneman,Citizen Lake Monitoring - Water Quality - Hammil Lake (2467900); Nr Center
06/11/2006,Wendy Hanneman,Citizen Lake Monitoring - Water Quality - Hammil Lake (2467900); Nr Center
06/22/2006,Wendy Hanneman,Citizen Lake Monitoring - Water Quality - Hammil Lake (2467900); Nr Center
06/30/2006,Wendy Hanneman,Citizen Lake Monitoring - Water Quality - Hammil Lake (2467900); Nr Center
07/11/2006,Wendy Hanneman,Citizen Lake Monitoring - Water Quality - Hammil Lake (2467900); Nr Center
07/23/2006,Wendy Hanneman,Citizen Lake Monitoring - Water Quality - Hammil Lake (2467900); Nr Center
08/11/2006,Wendy Hanneman,Citizen Lake Monitoring - Water Quality - Hammil Lake (2467900); Nr Center
08/20/2006,Wendy Hanneman,Citizen Lake Monitoring - Water Quality - Hammil Lake (2467900); Nr Center
08/27/2006,Wendy Hanneman,Citizen Lake Monitoring - Water Quality - Hammil Lake (2467900); Nr Center
09/10/2006,Wendy Hanneman,Citizen Lake Monitoring - Water Quality - Hammil Lake (2467900); Nr Center
09/21/2006,Wendy Hanneman,Citizen Lake Monitoring - Water Quality - Hammil Lake (2467900); Nr Center
09/30/2006,Wendy Hanneman,Citizen Lake Monitoring - Water Quality - Hammil Lake (2467900); Nr Center
04/22/2007,Wendy Hanneman,Citizen Lake Monitoring - Water Quality - Hammil Lake (2467900); Nr Center
05/11/2007,Wendy Hanneman,Citizen Lake Monitoring - Water Quality - Hammil Lake (2467900); Nr Center
05/20/2007,Wendy Hanneman,Citizen Lake Monitoring - Water Quality - Hammil Lake (2467900); Nr Center
05/30/2007,Wendy Hanneman,Citizen Lake Monitoring - Water Quality - Hammil Lake (2467900); Nr Center
06/10/2007,Wendy Hanneman,Citizen Lake Monitoring - Water Quality - Hammil Lake (2467900); Nr Center
06/16/2007,Wendy Hanneman,Citizen Lake Monitoring - Water Quality - Hammil Lake (2467900); Nr Center
06/24/2007,Wendy Hanneman,Citizen Lake Monitoring - Water Quality - Hammil Lake (2467900); Nr Center
07/08/2007,Wendy Hanneman,Citizen Lake Monitoring - Water Quality - Hammil Lake (2467900); Nr Center
07/17/2007,Wendy Hanneman,Citizen Lake Monitoring - Water Quality - Hammil Lake (2467900); Nr Center
07/22/2007,Wendy Hanneman,Citizen Lake Monitoring - Water Quality - Hammil Lake (2467900); Nr Center
07/28/2007,Wendy Hanneman,Citizen Lake Monitoring - Water Quality - Hammil Lake (2467900); Nr Center
08/06/2007,Wendy Hanneman,Citizen Lake Monitoring - Water Quality - Hammil Lake (2467900); Nr Center
08/19/2007,Wendy Hanneman,Citizen Lake Monitoring - Water Quality - Hammil Lake (2467900); Nr Center
08/22/2007,Wendy Hanneman,Citizen Lake Monitoring - Water Quality - Hammil Lake (2467900); Nr Center
08/26/2007,Wendy Hanneman,Citizen Lake Monitoring - Water Quality - Hammil Lake (2467900); Nr Center
09/12/2007,Wendy Hanneman,Citizen Lake Monitoring - Water Quality - Hammil Lake (2467900); Nr Center
09/20/2007,Wendy Hanneman,Citizen Lake Monitoring - Water Quality - Hammil Lake (2467900); Nr Center
10/12/2007,Wendy Hanneman,Citizen Lake Monitoring - Water Quality - Hammil Lake (2467900); Nr Center
05/13/2008,Wendy Hanneman,Citizen Lake Monitoring - Water Quality - Hammil Lake (2467900); Nr Center
05/19/2008,Wendy Hanneman,Citizen Lake Monitoring - Water Quality - Hammil Lake (2467900); Nr Center
05/29/2008,Wendy Hanneman,Citizen Lake Monitoring - Water Quality - Hammil Lake (2467900); Nr Center
06/02/2008,Wendy Hanneman,Citizen Lake Monitoring - Water Quality - Hammil Lake (2467900); Nr Center
06/08/2008,Wendy Hanneman,Citizen Lake Monitoring - Water Quality - Hammil Lake (2467900); Nr Center
06/19/2008,Wendy Hanneman,Citizen Lake Monitoring - Water Quality - Hammil Lake (2467900); Nr Center
06/22/2008,Wendy Hanneman,Citizen Lake Monitoring - Water Quality - Hammil Lake (2467900); Nr Center
07/04/2008,Wendy Hanneman,Citizen Lake Monitoring - Water Quality - Hammil Lake (2467900); Nr Center
07/14/2008,Wendy Hanneman,Citizen Lake Monitoring - Water Quality - Hammil Lake (2467900); Nr Center
07/20/2008,Wendy Hanneman,Citizen Lake Monitoring - Water Quality - Hammil Lake (2467900); Nr Center
08/02/2008,Wendy Hanneman,Citizen Lake Monitoring - Water Quality - Hammil Lake (2467900); Nr Center
08/17/2008,Wendy Hanneman,Citizen Lake Monitoring - Water Quality - Hammil Lake (2467900); Nr Center
08/24/2008,Wendy Hanneman,Citizen Lake Monitoring - Water Quality - Hammil Lake (2467900); Nr Center
09/05/2008,Wendy Hanneman,Citizen Lake Monitoring - Water Quality - Hammil Lake (2467900); Nr Center
09/17/2008,Wendy Hanneman,Citizen Lake Monitoring - Water Quality - Hammil Lake (2467900); Nr Center
09/28/2008,Wendy Hanneman,Citizen Lake Monitoring - Water Quality - Hammil Lake (2467900); Nr Center
05/03/2009,Wendy Hanneman,Citizen Lake Monitoring - Water Quality - Hammil Lake (2467900); Nr Center
05/10/2009,Wendy Hanneman,Citizen Lake Monitoring - Water Quality - Hammil Lake (2467900); Nr Center
05/25/2009,Wendy Hanneman,Citizen Lake Monitoring - Water Quality - Hammil Lake (2467900); Nr Center
05/31/2009,Wendy Hanneman,Citizen Lake Monitoring - Water Quality - Hammil Lake (2467900); Nr Center
06/14/2009,Wendy Hanneman,Citizen Lake Monitoring - Water Quality - Hammil Lake (2467900); Nr Center
06/21/2009,Wendy Hanneman,Citizen Lake Monitoring - Water Quality - Hammil Lake (2467900); Nr Center
06/27/2009,Wendy Hanneman,Citizen Lake Monitoring - Water Quality - Hammil Lake (2467900); Nr Center
07/07/2009,Wendy Hanneman,Citizen Lake Monitoring - Water Quality - Hammil Lake (2467900); Nr Center
07/19/2009,Wendy Hanneman,Citizen Lake Monitoring - Water Quality - Hammil Lake (2467900); Nr Center
07/31/2009,Wendy Hanneman,Citizen Lake Monitoring - Water Quality - Hammil Lake (2467900); Nr Center
08/07/2009,Wendy Hanneman,Citizen Lake Monitoring - Water Quality - Hammil Lake (2467900); Nr Center
08/22/2009,Wendy Hanneman,Citizen Lake Monitoring - Water Quality - Hammil Lake (2467900); Nr Center
08/30/2009,Wendy Hanneman,Citizen Lake Monitoring - Water Quality - Hammil Lake (2467900); Nr Center
09/15/2009,Wendy Hanneman,Citizen Lake Monitoring - Water Quality - Hammil Lake (2467900); Nr Center
09/22/2009,Wendy Hanneman,Citizen Lake Monitoring - Water Quality - Hammil Lake (2467900); Nr Center
09/27/2009,Wendy Hanneman,Citizen Lake Monitoring - Water Quality - Hammil Lake (2467900); Nr Center
04/12/2010,Wendy Hanneman,Citizen Lake Monitoring - Water Quality - Hammil Lake (2467900); Nr Center
05/15/2010,Wendy Hanneman,Citizen Lake Monitoring - Water Quality - Hammil Lake (2467900); Nr Center
05/24/2010,Wendy Hanneman,Citizen Lake Monitoring - Water Quality - Hammil Lake (2467900); Nr Center
05/31/2010,Wendy Hanneman,Citizen Lake Monitoring - Water Quality - Hammil Lake (2467900); Nr Center
06/06/2010,Wendy Hanneman,Citizen Lake Monitoring - Water Quality - Hammil Lake (2467900); Nr Center
06/20/2010,Wendy Hanneman,Citizen Lake Monitoring - Water Quality - Hammil Lake (2467900); Nr Center
06/30/2010,Wendy Hanneman,Citizen Lake Monitoring - Water Quality - Hammil Lake (2467900); Nr Center
07/11/2010,Wendy Hanneman,Citizen Lake Monitoring - Water Quality - Hammil Lake (2467900); Nr Center
07/25/2010,Wendy Hanneman,Citizen Lake Monitoring - Water Quality - Hammil Lake (2467900); Nr Center
07/31/2010,Wendy Hanneman,Citizen Lake Monitoring - Water Quality - Hammil Lake (2467900); Nr Center
08/08/2010,Wendy Hanneman,Citizen Lake Monitoring - Water Quality - Hammil Lake (2467900); Nr Center
08/22/2010,Wendy Hanneman,Citizen Lake Monitoring - Water Quality - Hammil Lake (2467900); Nr Center
08/29/2010,Wendy Hanneman,Citizen Lake Monitoring - Water Quality - Hammil Lake (2467900); Nr Center
09/05/2010,Wendy Hanneman,Citizen Lake Monitoring - Water Quality - Hammil Lake (2467900); Nr Center
09/19/2010,Wendy Hanneman,Citizen Lake Monitoring - Water Quality - Hammil Lake (2467900); Nr Center
04/24/2011,Wendy Hanneman,Citizen Lake Monitoring - Water Quality - Hammil Lake (2467900); Nr Center
05/08/2011,Wendy Hanneman,Citizen Lake Monitoring - Water Quality - Hammil Lake (2467900); Nr Center
05/20/2011,Wendy Hanneman,Citizen Lake Monitoring - Water Quality - Hammil Lake (2467900); Nr Center
06/05/2011,Wendy Hanneman,Citizen Lake Monitoring - Water Quality - Hammil Lake (2467900); Nr Center
06/12/2011,Wendy Hanneman,Citizen Lake Monitoring - Water Quality - Hammil Lake (2467900); Nr Center
06/19/2011,Wendy Hanneman,Citizen Lake Monitoring - Water Quality - Hammil Lake (2467900); Nr Center
07/01/2011,Wendy Hanneman,Citizen Lake Monitoring - Water Quality - Hammil Lake (2467900); Nr Center
07/18/2011,Wendy Hanneman,Citizen Lake Monitoring - Water Quality - Hammil Lake (2467900); Nr Center
07/24/2011,Wendy Hanneman,Citizen Lake Monitoring - Water Quality - Hammil Lake (2467900); Nr Center
08/06/2011,Wendy Hanneman,Citizen Lake Monitoring - Water Quality - Hammil Lake (2467900); Nr Center
08/21/2011,Wendy Hanneman,Citizen Lake Monitoring - Water Quality - Hammil Lake (2467900); Nr Center
08/28/2011,Wendy Hanneman,Citizen Lake Monitoring - Water Quality - Hammil Lake (2467900); Nr Center
04/15/2012,Wendy Hanneman,Citizen Lake Monitoring - Water Quality - Hammil Lake (2467900); Nr Center
05/13/2012,Wendy Hanneman,Citizen Lake Monitoring - Water Quality - Hammil Lake (2467900); Nr Center
05/24/2012,Wendy Hanneman,Citizen Lake Monitoring - Water Quality - Hammil Lake (2467900); Nr Center
05/31/2012,Wendy Hanneman,Citizen Lake Monitoring - Water Quality - Hammil Lake (2467900); Nr Center
06/16/2012,Wendy Hanneman,Citizen Lake Monitoring - Water Quality - Hammil Lake (2467900); Nr Center
06/24/2012,Wendy Hanneman,Citizen Lake Monitoring - Water Quality - Hammil Lake (2467900); Nr Center
07/04/2012,Wendy Hanneman,Citizen Lake Monitoring - Water Quality - Hammil Lake (2467900); Nr Center
07/14/2012,Wendy Hanneman,Citizen Lake Monitoring - Water Quality - Hammil Lake (2467900); Nr Center
07/22/2012,Wendy Hanneman,Citizen Lake Monitoring - Water Quality - Hammil Lake (2467900); Nr Center
08/12/2012,Wendy Hanneman,Citizen Lake Monitoring - Water Quality - Hammil Lake (2467900); Nr Center
08/19/2012,Wendy Hanneman,Citizen Lake Monitoring - Water Quality - Hammil Lake (2467900); Nr Center
09/30/2012,Wendy Hanneman,Citizen Lake Monitoring - Water Quality - Hammil Lake (2467900); Nr Center
05/27/2013,Wendy Hanneman,Citizen Lake Monitoring - Water Quality - Hammil Lake (2467900); Nr Center
06/16/2013,Wendy Hanneman,Citizen Lake Monitoring - Water Quality - Hammil Lake (2467900); Nr Center
06/23/2013,Wendy Hanneman,Citizen Lake Monitoring - Water Quality - Hammil Lake (2467900); Nr Center
06/30/2013,Wendy Hanneman,Citizen Lake Monitoring - Water Quality - Hammil Lake (2467900); Nr Center
07/14/2013,Wendy Hanneman,Citizen Lake Monitoring - Water Quality - Hammil Lake (2467900); Nr Center
07/21/2013,Wendy Hanneman,Citizen Lake Monitoring - Water Quality - Hammil Lake (2467900); Nr Center
08/04/2013,Wendy Hanneman,Citizen Lake Monitoring - Water Quality - Hammil Lake (2467900); Nr Center
08/11/2013,Wendy Hanneman,Citizen Lake Monitoring - Water Quality - Hammil Lake (2467900); Nr Center
08/25/2013,Wendy Hanneman,Citizen Lake Monitoring - Water Quality - Hammil Lake (2467900); Nr Center
05/18/2014,Wendy Hanneman,Citizen Lake Monitoring - Water Quality - Hammil Lake (2467900); Nr Center
05/25/2014,Wendy Hanneman,Citizen Lake Monitoring - Water Quality - Hammil Lake (2467900); Nr Center
06/08/2014,Wendy Hanneman,Citizen Lake Monitoring - Water Quality - Hammil Lake (2467900); Nr Center
06/22/2014,Wendy Hanneman,Citizen Lake Monitoring - Water Quality - Hammil Lake (2467900); Nr Center
07/20/2014,Wendy Hanneman,Citizen Lake Monitoring - Water Quality - Hammil Lake (2467900); Nr Center
07/27/2014,Wendy Hanneman,Citizen Lake Monitoring - Water Quality - Hammil Lake (2467900); Nr Center
07/30/2014,Wendy Hanneman,Citizen Lake Monitoring - Water Quality - Hammil Lake (2467900); Nr Center
08/10/2014,Wendy Hanneman,Citizen Lake Monitoring - Water Quality - Hammil Lake (2467900); Nr Center
08/24/2014,Wendy Hanneman,Citizen Lake Monitoring - Water Quality - Hammil Lake (2467900); Nr Center
09/09/2014,Wendy Hanneman,Citizen Lake Monitoring - Water Quality - Hammil Lake (2467900); Nr Center
04/14/2015,Wendy Hanneman,Citizen Lake Monitoring - Water Quality - Hammil Lake (2467900); Nr Center
05/10/2015,Wendy Hanneman,Citizen Lake Monitoring - Water Quality - Hammil Lake (2467900); Nr Center
05/23/2015,Wendy Hanneman,Citizen Lake Monitoring - Water Quality - Hammil Lake (2467900); Nr Center
05/25/2015,Wendy Hanneman,Citizen Lake Monitoring - Water Quality - Hammil Lake (2467900); Nr Center
06/21/2015,Wendy Hanneman,Citizen Lake Monitoring - Water Quality - Hammil Lake (2467900); Nr Center
06/28/2015,Wendy Hanneman,Citizen Lake Monitoring - Water Quality - Hammil Lake (2467900); Nr Center
07/19/2015,Wendy Hanneman,Citizen Lake Monitoring - Water Quality - Hammil Lake (2467900); Nr Center
07/26/2015,Wendy Hanneman,Citizen Lake Monitoring - Water Quality - Hammil Lake (2467900); Nr Center
08/16/2015,Wendy Hanneman,Citizen Lake Monitoring - Water Quality - Hammil Lake (2467900); Nr Center
08/31/2015,Wendy Hanneman,Citizen Lake Monitoring - Water Quality - Hammil Lake (2467900); Nr Center
05/08/2016,Wendy Hanneman,Citizen Lake Monitoring - Water Quality - Hammil Lake (2467900); Nr Center
05/30/2016,Wendy Hanneman,Citizen Lake Monitoring - Water Quality - Hammil Lake (2467900); Nr Center
06/19/2016,Wendy Hanneman,Citizen Lake Monitoring - Water Quality - Hammil Lake (2467900); Nr Center
06/28/2016,Wendy Hanneman,Citizen Lake Monitoring - Water Quality - Hammil Lake (2467900); Nr Center
07/16/2016,Wendy Hanneman,Citizen Lake Monitoring - Water Quality - Hammil Lake (2467900); Nr Center
07/23/2016,Wendy Hanneman,Citizen Lake Monitoring - Water Quality - Hammil Lake (2467900); Nr Center
07/31/2016,Wendy Hanneman,Citizen Lake Monitoring - Water Quality - Hammil Lake (2467900); Nr Center
08/13/2016,Wendy Hanneman,Citizen Lake Monitoring - Water Quality - Hammil Lake (2467900); Nr Center
08/28/2016,Wendy Hanneman,Citizen Lake Monitoring - Water Quality - Hammil Lake (2467900); Nr Center
04/29/2017,Wendy Hanneman,Citizen Lake Monitoring - Water Quality - Hammil Lake (2467900); Nr Center
05/14/2017,Wendy Hanneman,Citizen Lake Monitoring - Water Quality - Hammil Lake (2467900); Nr Center
05/28/2017,Wendy Hanneman,Citizen Lake Monitoring - Water Quality - Hammil Lake (2467900); Nr Center
06/11/2017,Wendy Hanneman,Citizen Lake Monitoring - Water Quality - Hammil Lake (2467900); Nr Center
06/25/2017,Wendy Hanneman,Citizen Lake Monitoring - Water Quality - Hammil Lake (2467900); Nr Center
07/11/2017,Wendy Hanneman,Citizen Lake Monitoring - Water Quality - Hammil Lake (2467900); Nr Center
07/23/2017,Wendy Hanneman,Citizen Lake Monitoring - Water Quality - Hammil Lake (2467900); Nr Center
08/13/2017,Wendy Hanneman,Citizen Lake Monitoring - Water Quality - Hammil Lake (2467900); Nr Center
08/27/2017,Wendy Hanneman,Citizen Lake Monitoring - Water Quality - Hammil Lake (2467900); Nr Center
