Lake Water Quality Report - 1950 to 2017


Lake Name,County Name,Waterbody ID(WBIC),Region Code,County Code,Station Name,Station ID,Geo Region,Lake Type
Dineen Park Pond,Milwaukee,8600,SE,41,,10007750,SE,DRAINAGE



Group Seq No, Start Date, Secchi (Feet),Secchi Hit Bottom?,Secchi (Meters),Chlorophyll(ug/l),Total Phosphorus(ug/l),Secchi TSI,Total Phosphorus TSI,Chlorophyll TSI,Lake Level,Staff Gauge,Appearance,Color,Perception
25597514,06/07/2008,,,,,,,,,HIGH,,CLEAR,,
25597514,07/06/2008,,,,,,,,,HIGH,,STAINED,,
25597514,08/09/2008,,,,,,,,,HIGH,,TURBID,,
25597514,05/29/2009,,,,,,,,,NORMAL,,CLEAR,,
25597514,06/27/2009,,,,,,,,,HIGH,,TURBID,,
25597514,08/01/2009,,,,,,,,,LOW,,TURBID,,
25597514,09/18/2009,,,,,,,,,NORMAL,,TURBID,,
25597514,05/22/2010,,,,,,,,,HIGH,,CLEAR,,
25597514,06/26/2010,,,,,,,,,,,,,
25597514,07/30/2010,,,,,,,,,HIGH,,CLEAR,,
25597514,09/03/2010,,,,,,,,,HIGH,,TURBID,,
25597514,10/01/2010,,,,,,,,,HIGH,,TURBID,,
25597514,06/03/2011,,,,,,,,,NORMAL,,TURBID,,
25597514,07/09/2011,,,,,,,,,HIGH,,TURBID,,
25597514,08/05/2011,,,,,,,,,HIGH,,TURBID,,
25597514,09/09/2011,,,,,,,,,HIGH,,TURBID,,
25597514,10/07/2011,,,,,,,,,HIGH,,CLEAR,,
25597514,05/03/2012,,,,,,,,,HIGH,,TURBID,,
25597514,06/11/2012,,,,,,,,,HIGH,,TURBID,,
25597514,07/13/2012,,,,,,,,,LOW,,TURBID,,
25597514,08/11/2012,,,,,,,,,HIGH,,TURBID,,
25597514,09/13/2012,,,,,,,,,HIGH,,TURBID,,
25597514,05/11/2013,,,,,,,,,HIGH,,CLEAR,,
25597514,06/08/2013,,,,,,,,,HIGH,,CLEAR,,
25597514,07/13/2013,,,,,,,,,HIGH,,CLEAR,,
25597514,08/10/2013,,,,,,,,,LOW,,TURBID,,
25597514,09/07/2013,,,,,,,,,LOW,,TURBID,,
25597514,10/13/2013,,,,,,,,,LOW,,TURBID,,
25597514,06/07/2014,,,,,,,,,HIGH,,CLEAR,,
25597514,07/12/2014,,,,,,,,,HIGH,,TURBID,,
25597514,08/02/2014,,,,,,,,,HIGH,,TURBID,,
25597514,09/06/2014,,,,,,,,,HIGH,,STAINED,,
25597514,10/04/2014,,,,,,,,,HIGH,,STAINED,,
25597514,06/20/2015,,,,,,,,,,,,,
25597514,07/17/2015,,,,,,,,,,,,,
25597514,08/23/2015,,,,,,,,,,,,,
25597514,09/25/2015,,,,,,,,,,,,,
25597514,10/09/2015,,,,,,,,,,,,,
25597514,05/06/2016,,,,,,,,,,,,,
25597514,06/11/2016,,,,,,,,,,,,,
25597514,07/10/2016,,,,,,,,,,,,,
25597514,09/10/2016,,,,,,,,,,,,,
25597514,10/08/2016,,,,,,,,,,,,,
25597514,05/12/2017,,,,,,,,,,,,,
25597514,06/10/2017,,,,,,,,,,,,,
25597514,07/08/2017,,,,,,,,,,,,,
25597514,08/05/2017,,,,,,,,,,,,,
25597514,09/08/2017,,,,,,,,,,,,,
25597514,10/07/2017,,,,,,,,,,,,,



Start Date,Depth,Depth Units,Temperature,Temperature Units,Dissolved Oxygen,Dissolved Oxygen Units
06/07/2008,,,24.1,DEGREES C,8.2,MG/L
07/06/2008,,,18,DEGREES C,7.9,MG/L
08/09/2008,,,16.7,DEGREES C,6.93,MG/L
05/29/2009,,,11.6,DEGREES C,10.8,MG/L
06/27/2009,,,14.2,DEGREES C,8.69,MG/L
08/01/2009,,,17.0,DEGREES C,6.0,MG/L
09/18/2009,,,14.7,DEGREES C,5.74,MG/L
05/22/2010,,,11,DEGREES C,9.6,MG/L
06/26/2010,,,15.8,DEGREES C,8.68,MG/L
07/30/2010,,,17.8,DEGREES C,7.42,MG/L
09/03/2010,,,18.8,DEGREES C,3.88,MG/L
10/01/2010,,,14.7,DEGREES C,3.71,MG/L
06/03/2011,,,10.9,DEGREES C,7.86,MG/L
07/09/2011,,,15.6,DEGREES C,7.03,MG/L
08/05/2011,,,19.7,DEGREES C,5.15,MG/L
09/09/2011,,,16.3,DEGREES C,5.7,MG/L
10/07/2011,,,15.6,DEGREES C,5.17,MG/L
05/03/2012,,,13.7,DEGREES C,5.12,MG/L
06/11/2012,,,22.3,DEGREES C,3.42,MG/L
07/13/2012,,,23.9,DEGREES C,2.2,MG/L
08/11/2012,,,18.3,DEGREES C,3.39,MG/L
09/13/2012,,,15.6,DEGREES C,2.07,MG/L
05/11/2013,,,8.6,DEGREES C,10.55,MG/L
06/08/2013,,,17.2,DEGREES C,9.83,MG/L
07/13/2013,,,17.2,DEGREES C,15.7,MG/L
08/10/2013,,,17.5,DEGREES C,4.28,MG/L
09/07/2013,,,19.5,DEGREES C,4.13,MG/L
10/13/2013,,,15.2,DEGREES C,3.10,MG/L
06/07/2014,,,11.3,DEGREES C,9.84,MG/L
07/12/2014,,,15.4,DEGREES C,7.91,MG/L
08/02/2014,,,16.8,DEGREES C,4.33,MG/L
09/06/2014,,,20.1,DEGREES C,3.68,MG/L
10/04/2014,,,10,DEGREES C,6.48,MG/L
06/20/2015,,,,,7.59,MG/L
07/17/2015,,,,,6.36,MG/L
08/23/2015,,,,,3.76,MG/L
09/25/2015,,,,,8.25,MG/L
10/09/2015,,,,,6.35,MG/L
05/06/2016,,,,,14.93,MG/L
06/11/2016,,,,,2.77,MG/L
07/10/2016,,,,,5.01,MG/L
09/10/2016,,,,,3.42,MG/L
10/08/2016,,,,,7.17,MG/L
05/12/2017,,,,,12.83,MG/L
06/10/2017,,,,,8.31,MG/L
07/08/2017,,,,,7.18,MG/L
08/05/2017,,,,,5.8,MG/L
09/08/2017,,,,,5.505,MG/L
10/07/2017,,,,,2.98,MG/L



Start Date,Fieldwork Comment
06/07/2008,It rained yesterday and today is sunny.  This was the day before the flood in June of 2008.  The water beneath the bridge was clear and high.
07/06/2008,Clear and hot.  Water high.
08/09/2008,The day was hot.  The lagoon filled with garbage including a garbage wire can.  The litter was in the reeds and along the bank.  The water was unusually high like it was not draining and appeared milky not at all like earlier in the year.  The geese present but also ducks were not in large numbers.  The water was so high that where I usually stood was under water. Cool- occasionally cloudy past two days.  High and very milky water.  Dirty bank- garbage can in lagoon.
05/29/2009,Overcast- light rain- Canadian Geese. Overcast- light rain- Canadian Geese. 
06/27/2009,Overcast- canadian geese- mallard ducks
08/01/2009,Overcast
09/18/2009,Overcast- cool- Canada Geese- mallards- sea gulls- heavily polluted- algae mats- horrible amount of bird waste and garbage
05/22/2010,Heavily polluted with garbage.
06/26/2010,Heavily polluted with garbage.
07/30/2010,Polluted- mallard ducks.
09/03/2010,Murky- dirty- debris. YSI meter may have not been calibrated correctly- affecting DO and H2O results.
10/01/2010,Murky- dirty- debris. Duck and geese feathers. Very contaminated in appearance.
06/03/2011,Milky- very dirty. Bird fethers. Meter turned of somehow between sites- did not re-calibrate.
07/09/2011,Clear sky. Extremely polluted. Milky debris in water; when mixed- even worse.
08/05/2011,Lots of sun- sky extremely polluted- gas emitted. Murky water with feathers. Trash.
09/09/2011,Cloudy. trash. Water flowing upstream + stagnant. High water- severe pollution. Need Bridge and infrastructure.
10/07/2011,Water clear- no milky appearance. Geese in water- mallard ducks. Frogs jumping in water.
05/03/2012,High rain event. Very high water. Garlic mustard.
06/11/2012,Hot- dry- algae. Polluted with cans- cups- leaves- bottles- styrofoam.
07/13/2012,Hot. Clean. Frogs- blue heron- red-wing blackbird.
08/11/2012,Cool- high. Very dry. Rained August recently.
09/13/2012,Cool- clear morning. Rained yesterday- high water- murky- tan. Ducks- geese.
05/11/2013,Overcast- cool.
06/08/2013,Partly cloudy- water flowing out from lagoon- not into.
07/13/2013,Sunny; water is cloudy.
08/10/2013,Sunny.
09/07/2013,Partly cloudy.
10/13/2013,Partly cloudy- rain.
06/07/2014,Water high
Sunny morning
Water clear
07/12/2014,Water very high

Water is clear enough to see to the bottom beneath the bridge
08/02/2014,Water high but merky
Geese present
Flowers and tall grass
09/06/2014,Water high
Dirty lots of bird feathers woofia surface plants-  cattails thick
10/04/2014,Very cool and cloudy
Rained yesterday
Water high
06/20/2015,Garbage in water- water flow present- snapping turtle by pool falls. Lots of birds chirping. Flowers: asters- alfalfa- clover- snap dragons.
07/17/2015,Heavy rains.
08/23/2015,Ducks- geese- tall cattails.
09/25/2015,Ducks- geese; waterfowl feathers in water.
10/09/2015,Geese feathers and excrement- large fish flew up out of water.
05/06/2016,Clear water- white murky bottom- geese- ducks
06/11/2016,Ducks- garbage in water
07/10/2016,Geese- bottles- cans- garbage
09/10/2016,ducks- dirty but not like Noyes
10/08/2016,Lots of geese; leaves turning colors
05/12/2017,Data Collectors: Donna Mrugala- Marge Brewer
06/10/2017,Data Collector: Donna Mrugala
07/08/2017,Ducks- geese- stagnant water- polluted not clear




Start Date,Group Name,Project Name
06/07/2008,Donna Mrugala,Dineen Park at 65th and Melvina
07/06/2008,Donna Mrugala,Dineen Park at 65th and Melvina
08/09/2008,Donna Mrugala,Dineen Park at 65th and Melvina
05/29/2009,Donna Mrugala,Dineen Park at 65th and Melvina
06/27/2009,Donna Mrugala,Dineen Park at 65th and Melvina
08/01/2009,Donna Mrugala,Dineen Park at 65th and Melvina
09/18/2009,Donna Mrugala,Dineen Park at 65th and Melvina
05/22/2010,Donna Mrugala,Dineen Park at 65th and Melvina
06/26/2010,Donna Mrugala,Dineen Park at 65th and Melvina
07/30/2010,Donna Mrugala,Dineen Park at 65th and Melvina
09/03/2010,Donna Mrugala,Dineen Park at 65th and Melvina
10/01/2010,Donna Mrugala,Dineen Park at 65th and Melvina
06/03/2011,Donna Mrugala,Dineen Park at 65th and Melvina
07/09/2011,Donna Mrugala,Dineen Park at 65th and Melvina
08/05/2011,Donna Mrugala,Dineen Park at 65th and Melvina
09/09/2011,Donna Mrugala,Dineen Park at 65th and Melvina
10/07/2011,Donna Mrugala,Dineen Park at 65th and Melvina
05/03/2012,Donna Mrugala,Dineen Park at 65th and Melvina
06/11/2012,Donna Mrugala,Dineen Park at 65th and Melvina
07/13/2012,Donna Mrugala,Dineen Park at 65th and Melvina
08/11/2012,Donna Mrugala,Dineen Park at 65th and Melvina
09/13/2012,Donna Mrugala,Dineen Park at 65th and Melvina
05/11/2013,Donna Mrugala,Dineen Park at 65th and Melvina
06/08/2013,Donna Mrugala,Dineen Park at 65th and Melvina
07/13/2013,Donna Mrugala,Dineen Park at 65th and Melvina
08/10/2013,Donna Mrugala,Dineen Park at 65th and Melvina
09/07/2013,Donna Mrugala,Dineen Park at 65th and Melvina
10/13/2013,Donna Mrugala,Dineen Park at 65th and Melvina
06/07/2014,Donna Mrugala,Dineen Park at 65th and Melvina
07/12/2014,Donna Mrugala,Dineen Park at 65th and Melvina
08/02/2014,Donna Mrugala,Dineen Park at 65th and Melvina
09/06/2014,Donna Mrugala,Dineen Park at 65th and Melvina
10/04/2014,Donna Mrugala,Dineen Park at 65th and Melvina
06/20/2015,Donna Mrugala,Dineen Park at 65th and Melvina
07/17/2015,Donna Mrugala,Dineen Park at 65th and Melvina
08/23/2015,Donna Mrugala,Dineen Park at 65th and Melvina
09/25/2015,Donna Mrugala,Dineen Park at 65th and Melvina
10/09/2015,Donna Mrugala,Dineen Park at 65th and Melvina
05/06/2016,Donna Mrugala,Dineen Park at 65th and Melvina
06/11/2016,Donna Mrugala,Dineen Park at 65th and Melvina
07/10/2016,Donna Mrugala,Dineen Park at 65th and Melvina
09/10/2016,Donna Mrugala,Dineen Park at 65th and Melvina
10/08/2016,Donna Mrugala,Dineen Park at 65th and Melvina
05/12/2017,Donna Mrugala,Dineen Park at 65th and Melvina
06/10/2017,Donna Mrugala,Dineen Park at 65th and Melvina
07/08/2017,Donna Mrugala,Dineen Park at 65th and Melvina
08/05/2017,Donna Mrugala,Dineen Park at 65th and Melvina
09/08/2017,Donna Mrugala,Dineen Park at 65th and Melvina
10/07/2017,Donna Mrugala,Dineen Park at 65th and Melvina
