Lake Water Quality Report - 1950 to 2017


Lake Name,County Name,Waterbody ID(WBIC),Region Code,County Code,Station Name,Station ID,Geo Region,Lake Type
Hill Slough,Sauk,1241200,SC,57,,10030015,NW,SPRING



Group Seq No, Start Date, Secchi (Feet),Secchi Hit Bottom?,Secchi (Meters),Chlorophyll(ug/l),Total Phosphorus(ug/l),Secchi TSI,Total Phosphorus TSI,Chlorophyll TSI,Lake Level,Staff Gauge,Appearance,Color,Perception
10588989,05/14/2009,,,,,55,,59,,,,,,
72944967,09/08/2009,4,,1.2,,,57,,,,,CLEAR,,
10588989,05/14/2012,,,,,88,,63,,,,,,
35511521,05/19/2013,,,,,68,,61,,,,,,
10588989,05/31/2013,,,,,89.3,,63,,,,,,
35511521,07/29/2013,,,,,47.4,,58,,,,,,
10588989,07/12/2016,6.89,Y,2.1,14.4,55.2,49,59,55,,,CLEAR,,3-Enjoyment somewhat impaired (algae)
10588989,08/15/2016,6.56,Y,2,11.9,33.4,50,55,54,,,MURKY,BROWN,4-Would not swim but boating OK (algae)
10588989,09/15/2016,4.9,N,1.5,67.1,119,47,65,67,HIGH,,CLEAR,BROWN,2-Very minor aesthetic problems
99475467,08/10/2017,,,,27.6,54.2,,59,60,,,,,
146145687,08/10/2017,6,NO,1.8,,,51,,,NORMAL,,CLEAR,BROWN,2-Very minor aesthetic problems
99475467,08/24/2017,,,,28.1,42.1,,57,60,,,,,
146145687,08/24/2017,6,YES,1.8,,,51,,,NORMAL,,CLEAR,GREEN,3-Enjoyment somewhat impaired (algae)
99475467,09/07/2017,7,YES,2.1,15.3,30.9,49,55,55,NORMAL,,CLEAR,GREEN,2-Very minor aesthetic problems



Start Date,Depth,Depth Units,Temperature,Temperature Units,Dissolved Oxygen,Dissolved Oxygen Units
05/14/2009,,,17.7,C,8.9,MG/L
05/14/2012,,,17.0,C,9.2,MG/L
05/31/2013,,,18.3,C,7.5,MG/L
07/12/2016,,,17.0,C,7.3,MG/L
08/15/2016,,,18.3,C,7.2,MG/L
09/15/2016,0.25,METERS,18.7,DEGREES C,8.8,MG/L
09/15/2016,0.5,METERS,18.6,DEGREES C,8.6,MG/L
09/15/2016,1,METERS,18.7,DEGREES C,8.8,MG/L
09/15/2016,1.5,METERS,18.6,DEGREES C,8.6,MG/L
09/15/2016,2,METERS,18.6,DEGREES C,8.6,MG/L
09/15/2016,2.3,METERS,18.5,DEGREES C,8.3,MG/L
09/15/2016,,,18.7,C,8.8,MG/L
08/10/2017,0,METERS,18.1,DEGREES C,,
08/10/2017,1,METERS,15.1,DEGREES C,,
08/24/2017,0,METERS,14.6,DEGREES C,9.5,MG/L
08/24/2017,1,METERS,14.3,DEGREES C,9.23,MG/L
09/07/2017,0,METERS,12.5,DEGREES C,9.02,MG/L
09/07/2017,1,METERS,12.4,DEGREES C,8.72,MG/L
09/07/2017,2,METERS,11.9,DEGREES C,6.72,MG/L



Start Date,Fieldwork Comment
07/12/2016,Nitrates (Total Depth 2.1 meters- hit bottom) Depth: Surface - 8.75 Depth: 0.5 meters - 8.44 Depth: 1.0 meters - 9.63 Depth: 1.5 meters - 11.95 Depth: 2.0 meters - 12.74




Start Date,Group Name,Project Name
05/14/2009,JEAN UNMUTH,Response Monitoring
09/08/2009,David W Marshall- JEAN M UNMUTH,Lower Wisconsin River Floodplain Fish + WQ Monitoring
05/14/2012,JEAN UNMUTH,Big Hollow Drainage Toxicity Testing - SCR_13_CMP13
05/19/2013,Dave Marshall,RIVER ALLIANCE OF WISCONSIN: Study of LWR Floodplain Lakes Sauk Co
05/31/2013,JEAN UNMUTH,Big Hollow Drainage Toxicity Testing - SCR_13_CMP13
07/29/2013,Dave Marshall,RIVER ALLIANCE OF WISCONSIN: Study of LWR Floodplain Lakes Sauk Co
07/12/2016,JEAN UNMUTH,Directed Lakes 2016 Graham
08/15/2016,JEAN UNMUTH,Directed Lakes 2016 Graham
09/15/2016,JEAN UNMUTH,Directed Lakes 2016 Graham
08/10/2017,KEVIN OLSON,Directed Lakes 2017 Graham
08/10/2017,TAYLOR J STEAGER- KEVIN T OLSON- AMANDA S SMITH,Directed Lakes 2017 Graham
08/24/2017,KEVIN OLSON,Directed Lakes 2017 Graham
08/24/2017,TAYLOR J STEAGER- KEVIN T OLSON- AMANDA S SMITH,Directed Lakes 2017 Graham
09/07/2017,KEVIN OLSON,Directed Lakes 2017 Graham
