Lake Water Quality Report - 1950 to 2017


Lake Name,County Name,Waterbody ID(WBIC),Region Code,County Code,Station Name,Station ID,Geo Region,Lake Type
Bony Lake,Bayfield,2742500,NO,4,,043154,NW,DRAINAGE



Group Seq No, Start Date, Secchi (Feet),Secchi Hit Bottom?,Secchi (Meters),Chlorophyll(ug/l),Total Phosphorus(ug/l),Secchi TSI,Total Phosphorus TSI,Chlorophyll TSI,Lake Level,Staff Gauge,Appearance,Color,Perception
8189150,08/13/2000,20.5,NO,6.2,,,34,,,NORMAL,,CLEAR,GREEN,1-Beautiful, could not be nicer
8189150,09/24/2000,20,NO,6.1,,,34,,,NORMAL,,CLEAR,GREEN,1-Beautiful, could not be nicer
8189150,10/01/2000,21,NO,6.4,,,33,,,LOW,,CLEAR,GREEN,1-Beautiful, could not be nicer
8189150,05/13/2001,20,NO,6.1,,,34,,,HIGH,,CLEAR,GREEN,1-Beautiful, could not be nicer
8189150,06/17/2001,26,NO,7.9,,,30,,,NORMAL,,CLEAR,GREEN,1-Beautiful, could not be nicer
8189150,07/14/2001,20,NO,6.1,,,34,,,NORMAL,,CLEAR,GREEN,1-Beautiful, could not be nicer
8189150,06/30/2002,21,NO,6.4,,,33,,,NORMAL,,CLEAR,GREEN,1-Beautiful, could not be nicer
8189150,07/07/2002,22.5,NO,6.8,,,32,,,NORMAL,,CLEAR,GREEN,1-Beautiful, could not be nicer
8189150,07/14/2002,26,NO,7.9,,,30,,,NORMAL,,CLEAR,GREEN,1-Beautiful, could not be nicer
8189150,08/18/2002,20.5,NO,6.2,,,34,,,NORMAL,,CLEAR,GREEN,1-Beautiful, could not be nicer
8189150,08/24/2002,21,NO,6.4,,,33,,,NORMAL,,CLEAR,GREEN,1-Beautiful, could not be nicer
8189150,05/26/2003,29,NO,8.8,,9,29,45,,NORMAL,,CLEAR,GREEN,1-Beautiful, could not be nicer
8189150,06/29/2003,21,NO,6.4,3.28,11,33,47,44,NORMAL,,CLEAR,GREEN,1-Beautiful, could not be nicer
8189150,07/20/2003,23.5,NO,7.1,0.87,12,32,47,34,NORMAL,,CLEAR,GREEN,1-Beautiful, could not be nicer
8189150,08/17/2003,20.5,NO,6.2,,,34,,,LOW,,CLEAR,GREEN,1-Beautiful, could not be nicer
8189150,09/01/2003,20.5,NO,6.2,1.31,13,34,48,37,LOW,,CLEAR,GREEN,1-Beautiful, could not be nicer
8189150,10/12/2003,20.5,NO,6.2,3.66,12,34,47,45,LOW,,CLEAR,GREEN,1-Beautiful, could not be nicer
8191414,11/10/2005,20,NO,6.1,1.84,24,34,53,39,NORMAL,,CLEAR,GREEN,1-Beautiful, could not be nicer
15899709,05/02/2006,,,,,25,,53,,,,,,
15899709,06/24/2006,17,NO,5.2,1.51,11,36,47,38,NORMAL,,CLEAR,GREEN,2-Very minor aesthetic problems
15899709,06/26/2006,17,NO,5.2,,,36,,,NORMAL,,CLEAR,GREEN,2-Very minor aesthetic problems
15899709,07/24/2006,19,NO,5.8,0.71,11,35,47,32,LOW,,CLEAR,GREEN,2-Very minor aesthetic problems
15899709,07/28/2006,19,NO,5.8,,,35,,,LOW,,CLEAR,GREEN,1-Beautiful, could not be nicer
15899709,08/20/2006,17,NO,5.2,,,36,,,NORMAL,,CLEAR,GREEN,1-Beautiful, could not be nicer
15899709,08/23/2006,17,NO,5.2,1.53,9,36,45,38,NORMAL,,CLEAR,GREEN,1-Beautiful, could not be nicer
15899709,08/30/2006,12.5,NO,3.8,,,41,,,NORMAL,,CLEAR,GREEN,2-Very minor aesthetic problems
15899709,09/13/2006,16,NO,4.9,,,37,,,LOW,,CLEAR,GREEN,1-Beautiful, could not be nicer
15899709,09/26/2006,12.5,NO,3.8,4.75,14,41,49,47,NORMAL,,CLEAR,GREEN,1-Beautiful, could not be nicer
15899709,10/02/2006,13.5,NO,4.1,,,40,,,LOW,,CLEAR,GREEN,2-Very minor aesthetic problems
18771421,05/09/2007,,,,,,,,,,,,,
18771421,05/21/2007,18,NO,5.5,,8,35,44,,LOW,,CLEAR,BLUE,1-Beautiful, could not be nicer
18771421,06/29/2007,20.5,NO,6.2,1.65,6,34,42,39,LOW,,CLEAR,GREEN,2-Very minor aesthetic problems
18771421,07/20/2007,24,NO,7.3,,,31,,,LOW,,CLEAR,GREEN,2-Very minor aesthetic problems
18771421,07/24/2007,22.5,NO,6.8,0.89,7,32,43,34,LOW,,CLEAR,GREEN,2-Very minor aesthetic problems
15899709,08/10/2007,19.5,NO,5.9,,,34,,,LOW,,CLEAR,GREEN,1-Beautiful, could not be nicer
18771421,08/22/2007,18.5,NO,5.6,2.66,8,35,44,42,LOW,,CLEAR,GREEN,2-Very minor aesthetic problems
15899709,09/26/2007,15.5,NO,4.7,,,38,,,LOW,,CLEAR,GREEN,1-Beautiful, could not be nicer
15899709,05/27/2008,25.5,NO,7.8,,,30,,,NORMAL,3,,BLUE,1-Beautiful, could not be nicer
18771421,05/27/2008,,,,,8,,44,,,,,,
18771421,06/25/2008,20.75,NO,6.3,,,33,,,NORMAL,,CLEAR,BLUE,
18771421,06/30/2008,,,,1.4,7,,43,37,,,,,
18771421,07/01/2008,18.5,NO,5.6,,,35,,,NORMAL,,CLEAR,BLUE,
18771421,07/19/2008,19.5,NO,5.9,,,34,,,NORMAL,,CLEAR,BLUE,
18771421,07/22/2008,20.5,NO,6.2,1.24,6,34,42,36,NORMAL,,CLEAR,BLUE,
18771421,08/10/2008,21.5,NO,6.5,,,33,,,NORMAL,,CLEAR,BLUE,1-Beautiful, could not be nicer
18771421,08/25/2008,19.5,NO,5.9,1.64,8,34,44,39,NORMAL,,CLEAR,BLUE,1-Beautiful, could not be nicer
18771421,08/26/2008,19,NO,5.8,,,35,,,LOW,,CLEAR,BLUE,1-Beautiful, could not be nicer
18771421,09/12/2008,18.5,NO,5.6,,,35,,,NORMAL,,CLEAR,BLUE,1-Beautiful, could not be nicer
15899709,05/24/2009,12.5,NO,3.8,,,41,,,LOW,,CLEAR,GREEN,2-Very minor aesthetic problems
18771421,07/22/2009,21.5,NO,6.5,,,33,,,LOW,,CLEAR,BLUE,1-Beautiful, could not be nicer
18771421,07/27/2009,,NO,,,,,,,LOW,,CLEAR,BLUE,1-Beautiful, could not be nicer
18771421,07/28/2009,,,,1.75,9,,45,39,,,,,
15899709,08/10/2009,19,NO,5.8,,,35,,,NORMAL,,CLEAR,BLUE,1-Beautiful, could not be nicer
15899709,08/14/2009,21,NO,6.4,,,33,,,LOW,,CLEAR,BLUE,1-Beautiful, could not be nicer
18771421,08/26/2009,22,NO,6.7,1.65,7,33,43,39,NORMAL,,CLEAR,BLUE,1-Beautiful, could not be nicer
15899709,09/14/2009,21,NO,6.4,,,33,,,NORMAL,,CLEAR,GREEN,1-Beautiful, could not be nicer
15899709,10/13/2009,12.5,NO,3.8,,,41,,,NORMAL,,MURKY,GREEN,2-Very minor aesthetic problems
15899709,05/15/2010,21.5,NO,6.5,,,33,,,NORMAL,,CLEAR,GREEN,1-Beautiful, could not be nicer
15899709,05/18/2010,,,,,9,,45,,,,,,
15899709,06/22/2010,19,NO,5.8,,,35,,,NORMAL,,CLEAR,GREEN,2-Very minor aesthetic problems
18771421,06/22/2010,,,,1.9,8,,44,40,,,,,
15899709,06/29/2010,20,,6.1,,,34,,,,,,,
15899709,07/06/2010,21.5,,6.5,,,33,,,,,,,
15899709,07/07/2010,22.5,,6.8,,,32,,,,,,,
15899709,07/15/2010,20.5,,6.2,,,34,,,,,,,
15899709,07/26/2010,18.5,YES,5.6,,,35,,,,,CLEAR,BLUE,1-Beautiful, could not be nicer
18771421,07/26/2010,,,,1.63,6,,42,38,,,,,
15899709,08/12/2010,19,,5.8,,,35,,,,,,,
15899709,08/24/2010,14.5,,4.4,,,39,,,,,,,
18771421,08/24/2010,,,,1.79,10,,46,39,,,,,
15899709,10/10/2010,11.5,,3.5,,,42,,,HIGH,,MURKY,GREEN,
15899709,10/19/2010,10,,3,,,44,,,,,,,
62587968,06/05/2012,14.5,NO,4.4,,,39,,,HIGH,,CLEAR,GREEN,1-Beautiful, could not be nicer
62587968,06/16/2012,24,NO,7.3,,,31,,,NORMAL,,CLEAR,GREEN,1-Beautiful, could not be nicer
62587968,06/27/2012,24.5,NO,7.4,0.83,10,31,46,33,HIGH,,CLEAR,GREEN,1-Beautiful, could not be nicer
62587968,07/14/2012,18,NO,5.5,,,35,,,NORMAL,,CLEAR,GREEN,2-Very minor aesthetic problems
62587968,07/20/2012,16,NO,4.9,2.69,10,37,46,42,NORMAL,,CLEAR,GREEN,2-Very minor aesthetic problems
62587968,08/07/2012,17,NO,5.2,,,36,,,NORMAL,,CLEAR,GREEN,2-Very minor aesthetic problems
62587968,09/04/2012,20.5,NO,6.2,1.54,9,34,45,38,NORMAL,,CLEAR,GREEN,2-Very minor aesthetic problems
62587968,09/17/2012,15,NO,4.6,,,38,,,LOW,,CLEAR,GREEN,2-Very minor aesthetic problems
62587968,09/26/2012,11,NO,3.3,,,43,,,LOW,,CLEAR,BROWN,2-Very minor aesthetic problems
62587968,05/28/2013,12.5,NO,3.8,,8.19,41,44,,HIGH,,CLEAR,BROWN,2-Very minor aesthetic problems
62587968,06/13/2013,10.5,NO,3.2,,,43,,,HIGH,,CLEAR,GREEN,2-Very minor aesthetic problems
62587968,06/21/2013,11,NO,3.3,3.5,9.51,43,46,44,HIGH,,CLEAR,BROWN,2-Very minor aesthetic problems
62587968,06/30/2013,13.5,NO,4.1,,,40,,,HIGH,,CLEAR,BLUE,2-Very minor aesthetic problems
62587968,07/07/2013,16.5,NO,5,,,37,,,NORMAL,,CLEAR,BLUE,2-Very minor aesthetic problems
62587968,07/19/2013,19.5,NO,5.9,,,34,,,NORMAL,,CLEAR,BLUE,2-Very minor aesthetic problems
62587968,07/25/2013,16.5,NO,5,2.04,9.52,37,46,40,NORMAL,,CLEAR,GREEN,2-Very minor aesthetic problems
62587968,08/10/2013,19,NO,5.8,,,35,,,NORMAL,,CLEAR,GREEN,2-Very minor aesthetic problems
62587968,08/16/2013,18.5,NO,5.6,,,35,,,LOW,,CLEAR,GREEN,2-Very minor aesthetic problems
62587968,08/25/2013,19,NO,5.8,1.41,10.8,35,47,37,LOW,,CLEAR,GREEN,2-Very minor aesthetic problems
62587968,09/02/2013,20,NO,6.1,,,34,,,NORMAL,,CLEAR,GREEN,2-Very minor aesthetic problems
62587968,09/09/2013,19.5,NO,5.9,,,34,,,NORMAL,,CLEAR,GREEN,2-Very minor aesthetic problems
62587968,05/23/2014,16,NO,4.9,,10.4,37,46,,HIGH,,CLEAR,BLUE,2-Very minor aesthetic problems
62587968,05/31/2014,17.5,NO,5.3,,,36,,,HIGH,,CLEAR,BLUE,2-Very minor aesthetic problems
62587968,06/21/2014,18,NO,5.5,,,35,,,HIGH,,CLEAR,BLUE,2-Very minor aesthetic problems
62587968,06/26/2014,20.5,NO,6.2,1.01,13.8,34,48,35,HIGH,,CLEAR,BLUE,2-Very minor aesthetic problems
62587968,07/10/2014,18,NO,5.5,,,35,,,HIGH,,CLEAR,BLUE,2-Very minor aesthetic problems
62587968,07/20/2014,18,NO,5.5,,,35,,,HIGH,,CLEAR,BLUE,2-Very minor aesthetic problems
62587968,07/26/2014,19,NO,5.8,1.26,10.2,35,46,37,HIGH,,CLEAR,BLUE,2-Very minor aesthetic problems
62587968,08/12/2014,21,NO,6.4,,,33,,,HIGH,,CLEAR,BLUE,2-Very minor aesthetic problems
62587968,08/23/2014,24.5,NO,7.4,0.883,16.6,31,50,34,HIGH,,CLEAR,BLUE,2-Very minor aesthetic problems
62587968,08/27/2014,24.5,NO,7.4,,,31,,,HIGH,,CLEAR,BLUE,2-Very minor aesthetic problems
62587968,09/06/2014,26,NO,7.9,,,30,,,HIGH,,CLEAR,BLUE,1-Beautiful, could not be nicer
62587968,09/13/2014,22,NO,6.7,,,33,,,HIGH,,CLEAR,BLUE,2-Very minor aesthetic problems
62587968,05/23/2015,25,NO,7.6,,12.8,31,48,,HIGH,,CLEAR,BLUE,1-Beautiful, could not be nicer
62587968,05/31/2015,24.75,NO,7.5,,,31,,,HIGH,,,BLUE,1-Beautiful, could not be nicer
62587968,06/11/2015,32,NO,9.7,,,27,,,HIGH,,CLEAR,BLUE,1-Beautiful, could not be nicer
62587968,06/19/2015,25.5,NO,7.8,,,30,,,HIGH,,CLEAR,BLUE,1-Beautiful, could not be nicer
62587968,06/23/2015,22,NO,6.7,1.87,10.7,33,47,40,HIGH,,CLEAR,BLUE,2-Very minor aesthetic problems
62587968,07/05/2015,18.5,NO,5.6,,,35,,,HIGH,,CLEAR,BROWN,2-Very minor aesthetic problems
62587968,07/09/2015,18.5,NO,5.6,,,35,,,HIGH,,CLEAR,BROWN,2-Very minor aesthetic problems
62587968,07/14/2015,16.5,NO,5,,,37,,,HIGH,,CLEAR,BROWN,2-Very minor aesthetic problems
62587968,07/21/2015,17.5,NO,5.3,1.12,18.6,36,51,36,HIGH,,CLEAR,BROWN,2-Very minor aesthetic problems
62587968,08/06/2015,20.5,NO,6.2,,,34,,,HIGH,,CLEAR,BROWN,2-Very minor aesthetic problems
62587968,08/24/2015,16.5,NO,5,,,37,,,HIGH,,CLEAR,BROWN,2-Very minor aesthetic problems
62587968,08/30/2015,18,NO,5.5,1.2,19.8,35,51,36,HIGH,,CLEAR,BROWN,2-Very minor aesthetic problems
62587968,09/07/2015,20.75,NO,6.3,,,33,,,HIGH,,CLEAR,GREEN,3-Enjoyment somewhat impaired (algae)
62587968,09/15/2015,17.75,NO,5.4,,,36,,,HIGH,,CLEAR,GREEN,3-Enjoyment somewhat impaired (algae)
62587968,06/11/2016,12,NO,3.6,,,41,,,HIGH,,CLEAR,BLUE,2-Very minor aesthetic problems
62587968,06/14/2016,10,NO,3,,,44,,,HIGH,,CLEAR,BLUE,2-Very minor aesthetic problems
62587968,06/28/2016,15,NO,4.6,2.18,20.9,38,52,41,HIGH,,CLEAR,GREEN,2-Very minor aesthetic problems
62587968,07/08/2016,18,NO,5.5,,,35,,,HIGH,,CLEAR,GREEN,2-Very minor aesthetic problems
62587968,07/15/2016,17,NO,5.2,,,36,,,HIGH,,CLEAR,BROWN,2-Very minor aesthetic problems
62587968,07/23/2016,16,NO,4.9,1.58,15.3,37,49,38,HIGH,,CLEAR,GREEN,2-Very minor aesthetic problems
62587968,07/31/2016,17.5,NO,5.3,,,36,,,HIGH,,CLEAR,BROWN,2-Very minor aesthetic problems
62587968,08/10/2016,18.5,NO,5.6,,,35,,,HIGH,,CLEAR,BROWN,2-Very minor aesthetic problems
62587968,08/16/2016,19.5,,5.9,,,34,,,HIGH,,CLEAR,GREEN,2-Very minor aesthetic problems
62587968,08/23/2016,19.5,NO,5.9,1.3,19.8,34,51,37,HIGH,,CLEAR,BROWN,2-Very minor aesthetic problems
62587968,08/30/2016,19.5,NO,5.9,,,34,,,HIGH,,CLEAR,GREEN,2-Very minor aesthetic problems
62587968,09/12/2016,16.5,NO,5,,,37,,,HIGH,,CLEAR,GREEN,2-Very minor aesthetic problems
62587968,09/18/2016,17.5,NO,5.3,,,36,,,HIGH,,CLEAR,GREEN,3-Enjoyment somewhat impaired (algae)
62587968,10/01/2016,12.5,NO,3.8,,,41,,,HIGH,,MURKY,BROWN,2-Very minor aesthetic problems
62587968,05/31/2017,13,NO,4,,,40,,,HIGH,,CLEAR,BLUE,2-Very minor aesthetic problems
62587968,06/05/2017,14,NO,4.3,,,39,,,HIGH,,CLEAR,GREEN,2-Very minor aesthetic problems
62587968,07/08/2017,20.5,NO,6.2,,,34,,,HIGH,,CLEAR,BROWN,2-Very minor aesthetic problems
62587968,07/11/2017,22,NO,6.7,,,33,,,HIGH,,CLEAR,BROWN,2-Very minor aesthetic problems
62587968,07/17/2017,19,NO,5.8,,,35,,,NORMAL,,CLEAR,BROWN,2-Very minor aesthetic problems
62587968,07/22/2017,19.5,NO,5.9,1.53,20.1,34,51,38,NORMAL,,CLEAR,BROWN,2-Very minor aesthetic problems
62587968,07/27/2017,16.5,NO,5,,,37,,,NORMAL,,CLEAR,GREEN,2-Very minor aesthetic problems
62587968,08/06/2017,20,NO,6.1,,,34,,,NORMAL,,CLEAR,GREEN,2-Very minor aesthetic problems
62587968,08/11/2017,18,NO,5.5,,,35,,,NORMAL,,CLEAR,GREEN,2-Very minor aesthetic problems
62587968,09/05/2017,,,,1.85,18.4,,51,39,,,,,
62587968,09/06/2017,18,NO,5.5,,,35,,,HIGH,,CLEAR,BROWN,2-Very minor aesthetic problems



Start Date,Depth,Depth Units,Temperature,Temperature Units,Dissolved Oxygen,Dissolved Oxygen Units
05/26/2003,5,FEET,61,DEGREES F,5,MG/L
05/26/2003,10,FEET,59,DEGREES F,,
05/26/2003,15,FEET,58,DEGREES F,5,MG/L
05/26/2003,20,FEET,54,DEGREES F,,
05/26/2003,25,FEET,49,DEGREES F,6,MG/L
05/26/2003,30,FEET,46,DEGREES F,6,MG/L
05/26/2003,35,FEET,45,DEGREES F,6,MG/L
05/26/2003,40,FEET,44,DEGREES F,6,MG/L
05/26/2003,45,FEET,43,DEGREES F,6,MG/L
05/26/2003,48,FEET,43,DEGREES F,6,MG/L
06/29/2003,5,FEET,69.8,DEGREES F,6,MG/L
06/29/2003,10,FEET,69.3,DEGREES F,,
06/29/2003,15,FEET,69,DEGREES F,6,MG/L
06/29/2003,20,FEET,62.6,DEGREES F,,
06/29/2003,25,FEET,57,DEGREES F,6,MG/L
06/29/2003,30,FEET,51,DEGREES F,6,MG/L
06/29/2003,35,FEET,48.2,DEGREES F,6,MG/L
06/29/2003,40,FEET,47.6,DEGREES F,5,MG/L
06/29/2003,45,FEET,46.4,DEGREES F,4,MG/L
07/20/2003,5,FEET,74.1,DEGREES F,6,MG/L
07/20/2003,10,FEET,74.3,DEGREES F,,
07/20/2003,15,FEET,71.9,DEGREES F,6,MG/L
07/20/2003,20,FEET,65.4,DEGREES F,,
07/20/2003,25,FEET,56.6,DEGREES F,8,MG/L
07/20/2003,30,FEET,51.2,DEGREES F,8,MG/L
07/20/2003,35,FEET,50.5,DEGREES F,4,MG/L
07/20/2003,40,FEET,48.2,DEGREES F,3,MG/L
07/20/2003,45,FEET,47,DEGREES F,3,MG/L
07/20/2003,50,FEET,46.2,DEGREES F,,
09/01/2003,5,FEET,72.1,DEGREES F,6,MG/L
09/01/2003,10,FEET,70.8,DEGREES F,,
09/01/2003,15,FEET,70.5,DEGREES F,5,MG/L
09/01/2003,20,FEET,69.8,DEGREES F,,
09/01/2003,25,FEET,57.9,DEGREES F,5,MG/L
09/01/2003,30,FEET,51.6,DEGREES F,3,MG/L
09/01/2003,35,FEET,49.1,DEGREES F,1,MG/L
09/01/2003,40,FEET,48,DEGREES F,1,MG/L
09/01/2003,45,FEET,47.6,DEGREES F,3,MG/L
09/01/2003,50,FEET,47.6,DEGREES F,,
10/12/2003,5,FEET,57.5,DEGREES F,6,MG/L
10/12/2003,10,FEET,56.4,DEGREES F,,
10/12/2003,15,FEET,56.1,DEGREES F,6,MG/L
10/12/2003,20,FEET,56.3,DEGREES F,,
10/12/2003,25,FEET,56.1,DEGREES F,5,MG/L
10/12/2003,30,FEET,53,DEGREES F,5,MG/L
10/12/2003,35,FEET,52.5,DEGREES F,5,MG/L
10/12/2003,40,FEET,51.8,DEGREES F,5,MG/L
10/12/2003,45,FEET,50.5,DEGREES F,,
10/12/2003,49,FEET,47.1,DEGREES F,2,MG/L
11/10/2005,0,FEET,46.5,DEGREES F,,
11/10/2005,5,FEET,46.3,DEGREES F,5,MG/L
11/10/2005,10,FEET,46.4,DEGREES F,5,MG/L
11/10/2005,15,FEET,46.4,DEGREES F,5,MG/L
11/10/2005,20,FEET,46.4,DEGREES F,8,MG/L
11/10/2005,25,FEET,46.4,DEGREES F,8,MG/L
11/10/2005,30,FEET,46.4,DEGREES F,,
11/10/2005,35,FEET,47.1,DEGREES F,,
11/10/2005,40,FEET,47.4,DEGREES F,,
06/24/2006,0,FEET,71.9,DEGREES F,,
06/24/2006,5,FEET,71.4,DEGREES F,7,MG/L
06/24/2006,10,FEET,71,DEGREES F,,
06/24/2006,15,FEET,70.3,DEGREES F,7,MG/L
06/24/2006,20,FEET,63.1,DEGREES F,7,MG/L
06/24/2006,25,FEET,57.9,DEGREES F,6,MG/L
06/24/2006,30,FEET,54.1,DEGREES F,6,MG/L
06/24/2006,35,FEET,51.6,DEGREES F,4,MG/L
06/24/2006,40,FEET,48.2,DEGREES F,,
06/24/2006,45,FEET,46.4,DEGREES F,,
06/24/2006,46,FEET,44.9,DEGREES F,2,MG/L
07/24/2006,0,FEET,77,DEGREES F,,
07/24/2006,5,FEET,76.4,DEGREES F,8,MG/L
07/24/2006,10,FEET,75.7,DEGREES F,,
07/24/2006,15,FEET,75.3,DEGREES F,8,MG/L
07/24/2006,20,FEET,71,DEGREES F,8,MG/L
07/24/2006,25,FEET,61.8,DEGREES F,8,MG/L
07/24/2006,30,FEET,55.5,DEGREES F,5.5,MG/L
07/24/2006,35,FEET,52.3,DEGREES F,2,MG/L
07/24/2006,40,FEET,49.8,DEGREES F,,
07/24/2006,45,FEET,47.4,DEGREES F,,
07/24/2006,46,FEET,46.2,DEGREES F,1,MG/L
08/23/2006,0,FEET,73.7,DEGREES F,,
08/23/2006,5,FEET,73.2,DEGREES F,9,MG/L
08/23/2006,10,FEET,73,DEGREES F,,
08/23/2006,15,FEET,72.8,DEGREES F,8,MG/L
08/23/2006,20,FEET,72.1,DEGREES F,8,MG/L
08/23/2006,25,FEET,66,DEGREES F,7,MG/L
08/23/2006,30,FEET,56.4,DEGREES F,3,MG/L
08/23/2006,35,FEET,53.4,DEGREES F,1,MG/L
08/23/2006,40,FEET,50.5,DEGREES F,,
08/23/2006,45,FEET,48.3,DEGREES F,,
08/23/2006,46,FEET,47.1,DEGREES F,,
09/26/2006,0,FEET,59,DEGREES F,,
09/26/2006,5,FEET,59.1,DEGREES F,9,MG/L
09/26/2006,10,FEET,59.3,DEGREES F,,
09/26/2006,15,FEET,59.3,DEGREES F,9,MG/L
09/26/2006,20,FEET,59.1,DEGREES F,8,MG/L
09/26/2006,25,FEET,59.1,DEGREES F,8,MG/L
09/26/2006,30,FEET,58.8,DEGREES F,7,MG/L
09/26/2006,35,FEET,54.6,DEGREES F,4,MG/L
09/26/2006,40,FEET,50.1,DEGREES F,,
09/26/2006,45,FEET,48.9,DEGREES F,,
09/26/2006,46,FEET,48,DEGREES F,2,MG/L
05/09/2007,0,FEET,64.2,DEGREES F,,
05/09/2007,5,FEET,61.1,DEGREES F,,
05/09/2007,10,FEET,56.1,DEGREES F,,
05/09/2007,15,FEET,55.2,DEGREES F,,
05/09/2007,20,FEET,54.3,DEGREES F,,
05/09/2007,25,FEET,48,DEGREES F,,
05/09/2007,30,FEET,44.9,DEGREES F,,
05/09/2007,35,FEET,43.3,DEGREES F,,
05/09/2007,40,FEET,42.8,DEGREES F,,
05/09/2007,45,FEET,42.2,DEGREES F,,
05/09/2007,50,FEET,41.9,DEGREES F,,
05/21/2007,0,FEET,58.2,DEGREES F,,
05/21/2007,5,FEET,57.2,DEGREES F,10,MG/L
05/21/2007,10,FEET,56.8,DEGREES F,,
05/21/2007,15,FEET,56.6,DEGREES F,8,MG/L
05/21/2007,20,FEET,56.4,DEGREES F,8,MG/L
05/21/2007,25,FEET,51,DEGREES F,8,MG/L
05/21/2007,30,FEET,46.2,DEGREES F,8,MG/L
05/21/2007,35,FEET,44.6,DEGREES F,6,MG/L
05/21/2007,40,FEET,43.8,DEGREES F,,
05/21/2007,45,FEET,43.3,DEGREES F,5,MG/L
05/21/2007,50,FEET,42.8,DEGREES F,,
05/21/2007,51,FEET,42.8,DEGREES F,,
06/29/2007,0,FEET,72.3,DEGREES F,,
06/29/2007,5,FEET,72.3,DEGREES F,10,MG/L
06/29/2007,10,FEET,72.3,DEGREES F,,
06/29/2007,15,FEET,72.1,DEGREES F,9,MG/L
06/29/2007,20,FEET,66,DEGREES F,7,MG/L
06/29/2007,25,FEET,54.6,DEGREES F,7,MG/L
06/29/2007,30,FEET,48.3,DEGREES F,6,MG/L
06/29/2007,35,FEET,46.2,DEGREES F,5,MG/L
06/29/2007,40,FEET,45.3,DEGREES F,,
06/29/2007,45,FEET,44.4,DEGREES F,,
06/29/2007,50,FEET,44,DEGREES F,3,MG/L
06/29/2007,51,FEET,43.7,DEGREES F,,
07/24/2007,0,FEET,73.4,DEGREES F,,
07/24/2007,5,FEET,73,DEGREES F,8,MG/L
07/24/2007,10,FEET,72.6,DEGREES F,,
07/24/2007,15,FEET,71.6,DEGREES F,8,MG/L
07/24/2007,20,FEET,68.5,DEGREES F,7,MG/L
07/24/2007,25,FEET,59.7,DEGREES F,7,MG/L
07/24/2007,30,FEET,50,DEGREES F,6,MG/L
07/24/2007,35,FEET,47.4,DEGREES F,4,MG/L
07/24/2007,40,FEET,46.2,DEGREES F,,
07/24/2007,45,FEET,44.9,DEGREES F,,
07/24/2007,50,FEET,44.6,DEGREES F,1,MG/L
07/24/2007,51,FEET,44.4,DEGREES F,,
08/10/2007,1,FEET,79.8,DEGREES F,,
08/10/2007,5,FEET,76.4,DEGREES F,,
08/10/2007,10,FEET,75.5,DEGREES F,,
08/10/2007,15,FEET,75.0,DEGREES F,,
08/10/2007,20,FEET,73.9,DEGREES F,,
08/10/2007,25,FEET,63.3,DEGREES F,,
08/10/2007,30,FEET,52.8,DEGREES F,,
08/10/2007,35,FEET,48.5,DEGREES F,,
08/10/2007,40,FEET,46.5,DEGREES F,,
08/10/2007,45,FEET,45.3,DEGREES F,,
08/10/2007,50,FEET,44.7,DEGREES F,,
08/10/2007,55,FEET,44.6,DEGREES F,,
08/22/2007,0,FEET,68.5,DEGREES F,,
08/22/2007,5,FEET,68.3,DEGREES F,8,MG/L
08/22/2007,10,FEET,68.3,DEGREES F,,
08/22/2007,15,FEET,68.1,DEGREES F,8,MG/L
08/22/2007,20,FEET,68,DEGREES F,6,MG/L
08/22/2007,25,FEET,64,DEGREES F,6,MG/L
08/22/2007,30,FEET,53.4,DEGREES F,5,MG/L
08/22/2007,35,FEET,48.9,DEGREES F,3,MG/L
08/22/2007,40,FEET,47.1,DEGREES F,,
08/22/2007,45,FEET,45.6,DEGREES F,,
08/22/2007,50,FEET,45.1,DEGREES F,1,MG/L
08/22/2007,51,FEET,44.7,DEGREES F,,
09/26/2007,5,FEET,62.0,DEGREES F,,
09/26/2007,10,FEET,61.8,DEGREES F,,
09/26/2007,15,FEET,61.7,DEGREES F,,
09/26/2007,25,FEET,60.0,DEGREES F,,
09/26/2007,35,FEET,53.4,DEGREES F,,
09/26/2007,40,FEET,47.6,DEGREES F,,
09/26/2007,45,FEET,46.2,DEGREES F,,
09/26/2007,55,FEET,45.3,DEGREES F,,
06/25/2008,0,FEET,71.6,DEGREES F,,
06/25/2008,5,FEET,71.2,DEGREES F,,
06/25/2008,10,FEET,69.8,DEGREES F,,
06/25/2008,15,FEET,66,DEGREES F,,
06/25/2008,20,FEET,63.3,DEGREES F,,
06/25/2008,25,FEET,57.5,DEGREES F,,
06/25/2008,30,FEET,51.8,DEGREES F,,
06/25/2008,35,FEET,49.2,DEGREES F,,
06/25/2008,40,FEET,47.4,DEGREES F,,
06/25/2008,45,FEET,46.2,DEGREES F,,
06/25/2008,50,FEET,45.8,DEGREES F,,
06/25/2008,55,FEET,45.6,DEGREES F,,
07/01/2008,0,FEET,74.6,DEGREES F,8.97,MG/L
07/01/2008,5,FEET,72.7,DEGREES F,9.15,MG/L
07/01/2008,10,FEET,72.4,DEGREES F,9.17,MG/L
07/01/2008,15,FEET,68.3,DEGREES F,11.71,MG/L
07/01/2008,20,FEET,63.4,DEGREES F,10.75,MG/L
07/01/2008,25,FEET,56.9,DEGREES F,9.62,MG/L
07/01/2008,30,FEET,52.5,DEGREES F,5.88,MG/L
07/01/2008,35,FEET,50.1,DEGREES F,4.43,MG/L
07/01/2008,40,FEET,48.8,DEGREES F,2.82,MG/L
07/01/2008,45,FEET,47.7,DEGREES F,1.38,MG/L
07/01/2008,50,FEET,46.8,DEGREES F,.4,MG/L
07/19/2008,0,FEET,74.3,DEGREES F,,
07/19/2008,5,FEET,73.9,DEGREES F,,
07/19/2008,10,FEET,73.7,DEGREES F,,
07/19/2008,15,FEET,70.8,DEGREES F,,
07/19/2008,20,FEET,67.8,DEGREES F,,
07/19/2008,25,FEET,56.3,DEGREES F,,
07/19/2008,30,FEET,52.1,DEGREES F,,
07/19/2008,35,FEET,49.4,DEGREES F,,
07/19/2008,40,FEET,48.5,DEGREES F,,
07/19/2008,45,FEET,47.4,DEGREES F,,
07/19/2008,50,FEET,46.7,DEGREES F,,
07/19/2008,55,FEET,46.4,DEGREES F,,
07/22/2008,0,FEET,72.7,DEGREES F,8.92,MG/L
07/22/2008,5,FEET,72.6,DEGREES F,8.95,MG/L
07/22/2008,10,FEET,72.5,DEGREES F,8.93,MG/L
07/22/2008,15,FEET,71.4,DEGREES F,9.19,MG/L
07/22/2008,20,FEET,68.3,DEGREES F,9.33,MG/L
07/22/2008,25,FEET,60.1,DEGREES F,9.64,MG/L
07/22/2008,30,FEET,53.4,DEGREES F,5.35,MG/L
07/22/2008,35,FEET,40.7,DEGREES F,1.5,MG/L
07/22/2008,40,FEET,48.9,DEGREES F,.23,MG/L
07/22/2008,45,FEET,48.2,DEGREES F,.11,MG/L
07/22/2008,50,FEET,47.6,DEGREES F,.06,MG/L
08/10/2008,0,FEET,72.3,DEGREES F,,
08/10/2008,5,FEET,72.5,DEGREES F,,
08/10/2008,10,FEET,72.3,DEGREES F,,
08/10/2008,15,FEET,71.9,DEGREES F,,
08/10/2008,20,FEET,70.8,DEGREES F,,
08/10/2008,25,FEET,62.5,DEGREES F,,
08/10/2008,30,FEET,52.8,DEGREES F,,
08/10/2008,35,FEET,50,DEGREES F,,
08/10/2008,40,FEET,48,DEGREES F,,
08/10/2008,45,FEET,47.4,DEGREES F,,
08/10/2008,50,FEET,46.7,DEGREES F,,
08/25/2008,5,FEET,71.2,DEGREES F,8.78,MG/L
08/25/2008,10,FEET,71.2,DEGREES F,8.7,MG/L
08/25/2008,15,FEET,71.2,DEGREES F,8.6,MG/L
08/25/2008,20,FEET,70.6,DEGREES F,8.39,MG/L
08/25/2008,25,FEET,63.2,DEGREES F,5.6,MG/L
08/25/2008,30,FEET,55,DEGREES F,.25,MG/L
08/25/2008,35,FEET,51.9,DEGREES F,.13,MG/L
08/25/2008,40,FEET,50.3,DEGREES F,.1,MG/L
08/25/2008,45,FEET,49,DEGREES F,.08,MG/L
08/25/2008,50,FEET,48.2,DEGREES F,.07,MG/L
08/25/2008,55,FEET,48,DEGREES F,.05,MG/L
09/12/2008,0,FEET,65.1,DEGREES F,,
09/12/2008,5,FEET,63.8,DEGREES F,,
09/12/2008,10,FEET,63.6,DEGREES F,,
09/12/2008,15,FEET,63.5,DEGREES F,,
09/12/2008,20,FEET,63.3,DEGREES F,,
09/12/2008,25,FEET,62.9,DEGREES F,,
09/12/2008,30,FEET,54.6,DEGREES F,,
09/12/2008,35,FEET,50.7,DEGREES F,,
09/12/2008,40,FEET,48.5,DEGREES F,,
09/12/2008,45,FEET,47.4,DEGREES F,,
09/12/2008,50,FEET,46.5,DEGREES F,,
09/12/2008,55,FEET,46.2,DEGREES F,,
07/22/2009,0,FEET,72.6,DEGREES F,,
07/22/2009,10,FEET,68.5,DEGREES F,,
07/22/2009,15,FEET,67.6,DEGREES F,,
07/22/2009,20,FEET,66.2,DEGREES F,,
07/22/2009,25,FEET,63.6,DEGREES F,,
07/22/2009,30,FEET,58.2,DEGREES F,,
07/22/2009,35,FEET,53.9,DEGREES F,,
07/22/2009,40,FEET,50.9,DEGREES F,,
07/22/2009,50,FEET,47.1,DEGREES F,,
07/27/2009,5,FEET,71.6,DEGREES F,9.26,MG/L
07/27/2009,10,FEET,70.3,DEGREES F,9.37,MG/L
07/27/2009,15,FEET,68.2,DEGREES F,9.32,MG/L
07/27/2009,20,FEET,65.7,DEGREES F,8.92,MG/L
07/27/2009,25,FEET,60.7,DEGREES F,6.36,MG/L
07/27/2009,30,FEET,56,DEGREES F,.7,MG/L
07/27/2009,35,FEET,53.8,DEGREES F,.28,MG/L
07/27/2009,40,FEET,50.7,DEGREES F,.09,MG/L
07/27/2009,45,FEET,49.1,DEGREES F,.1,MG/L
07/27/2009,50,FEET,51.5,DEGREES F,.13,MG/L
08/10/2009,0,FEET,71.4,DEGREES F,,
08/10/2009,15,FEET,70.4,DEGREES F,,
08/14/2009,0,FEET,76.4,DEGREES F,,
08/14/2009,5,FEET,75.9,DEGREES F,,
08/14/2009,10,FEET,75,DEGREES F,,
08/14/2009,15,FEET,71.6,DEGREES F,,
08/14/2009,20,FEET,69.6,DEGREES F,,
08/14/2009,25,FEET,67.1,DEGREES F,,
08/14/2009,30,FEET,60.5,DEGREES F,,
08/14/2009,35,FEET,55.7,DEGREES F,,
08/14/2009,40,FEET,52.5,DEGREES F,,
08/14/2009,45,FEET,50.5,DEGREES F,,
08/14/2009,50,FEET,48.9,DEGREES F,,
08/26/2009,0,FEET,70.5,DEGREES F,8.93,MG/L
08/26/2009,5,FEET,70.1,DEGREES F,8.91,MG/L
08/26/2009,10,FEET,69.8,DEGREES F,8.83,MG/L
08/26/2009,15,FEET,69.3,DEGREES F,8.74,MG/L
08/26/2009,20,FEET,68,DEGREES F,8.36,MG/L
08/26/2009,25,FEET,63.1,DEGREES F,4.02,MG/L
08/26/2009,30,FEET,59.3,DEGREES F,.37,MG/L
08/26/2009,35,FEET,53.9,DEGREES F,.21,MG/L
08/26/2009,40,FEET,51.3,DEGREES F,.14,MG/L
08/26/2009,45,FEET,49.3,DEGREES F,.15,MG/L
08/26/2009,50,FEET,49.3,DEGREES F,.22,MG/L
09/14/2009,0,FEET,73.4,DEGREES F,,
09/14/2009,5,FEET,71.6,DEGREES F,,
09/14/2009,10,FEET,70.8,DEGREES F,,
09/14/2009,15,FEET,69.5,DEGREES F,,
09/14/2009,20,FEET,67.8,DEGREES F,,
09/14/2009,25,FEET,65.3,DEGREES F,,
09/14/2009,30,FEET,60,DEGREES F,,
09/14/2009,35,FEET,55.9,DEGREES F,,
09/14/2009,40,FEET,51.9,DEGREES F,,
09/14/2009,45,FEET,49.4,DEGREES F,,
09/14/2009,50,FEET,48.3,DEGREES F,,
10/13/2009,0,FEET,51.2,DEGREES F,,
10/13/2009,5,FEET,51,DEGREES F,,
10/13/2009,10,FEET,50.7,DEGREES F,,
10/13/2009,15,FEET,50.7,DEGREES F,,
10/13/2009,20,FEET,50.7,DEGREES F,,
10/13/2009,25,FEET,50.5,DEGREES F,,
10/13/2009,30,FEET,50.5,DEGREES F,,
10/13/2009,35,FEET,50.3,DEGREES F,,
10/13/2009,40,FEET,50.1,DEGREES F,,
10/13/2009,45,FEET,50,DEGREES F,,
10/13/2009,50,FEET,49.8,DEGREES F,,
06/22/2010,0,FEET,70,DEGREES F,9.49,MG/L
06/22/2010,5,FEET,69,DEGREES F,9.45,MG/L
06/22/2010,10,FEET,67.8,DEGREES F,9.52,MG/L
06/22/2010,15,FEET,65.3,DEGREES F,10.4,MG/L
06/22/2010,20,FEET,59.9,DEGREES F,12.56,MG/L
06/22/2010,25,FEET,56,DEGREES F,9.56,MG/L
06/22/2010,30,FEET,55.2,DEGREES F,4.87,MG/L
06/22/2010,35,FEET,53,DEGREES F,2.92,MG/L
06/22/2010,40,FEET,51.8,DEGREES F,.67,MG/L
06/22/2010,45,FEET,50.5,DEGREES F,.15,MG/L
06/22/2010,50,FEET,49.9,DEGREES F,.2,MG/L
07/26/2010,0,FEET,77.6,DEGREES F,8.62,MG/L
07/26/2010,5,FEET,77,DEGREES F,8.71,MG/L
07/26/2010,10,FEET,76.5,DEGREES F,8.55,MG/L
07/26/2010,15,FEET,75.6,DEGREES F,8.57,MG/L
07/26/2010,20,FEET,67.8,DEGREES F,11.43,MG/L
07/26/2010,25,FEET,60.8,DEGREES F,8.05,MG/L
07/26/2010,30,FEET,56.6,DEGREES F,.96,MG/L
07/26/2010,35,FEET,54.4,DEGREES F,.23,MG/L
07/26/2010,40,FEET,49.8,DEGREES F,.07,MG/L
07/26/2010,45,FEET,56.1,DEGREES F,.08,MG/L
08/24/2010,0,FEET,73.9,DEGREES F,9.05,MG/L
08/24/2010,5,FEET,73.7,DEGREES F,9.06,MG/L
08/24/2010,10,FEET,73.5,DEGREES F,9.05,MG/L
08/24/2010,15,FEET,72.4,DEGREES F,8.99,MG/L
08/24/2010,20,FEET,68.3,DEGREES F,8,MG/L
08/24/2010,25,FEET,60.9,DEGREES F,4.87,MG/L
08/24/2010,30,FEET,56.5,DEGREES F,.26,MG/L
08/24/2010,35,FEET,53.2,DEGREES F,.11,MG/L
08/24/2010,40,FEET,52,DEGREES F,.13,MG/L
08/24/2010,45,FEET,50.8,DEGREES F,.13,MG/L
08/24/2010,50,FEET,51.1,DEGREES F,.18,MG/L
06/05/2012,0,FEET,67.6,DEGREES F,,
06/05/2012,5,FEET,66,DEGREES F,,
06/05/2012,10,FEET,64.7,DEGREES F,,
06/05/2012,15,FEET,62.9,DEGREES F,,
06/05/2012,20,FEET,58.4,DEGREES F,,
06/05/2012,25,FEET,52.1,DEGREES F,,
06/05/2012,30,FEET,49.8,DEGREES F,,
06/05/2012,35,FEET,48.9,DEGREES F,,
06/05/2012,40,FEET,48.5,DEGREES F,,
06/05/2012,45,FEET,48,DEGREES F,,
06/05/2012,50,FEET,48,DEGREES F,,
06/05/2012,55,FEET,47.8,DEGREES F,,
06/16/2012,0,FEET,70.1,DEGREES F,,
06/16/2012,5,FEET,68.7,DEGREES F,,
06/16/2012,10,FEET,67.8,DEGREES F,,
06/16/2012,15,FEET,67.2,DEGREES F,,
06/16/2012,20,FEET,60.6,DEGREES F,,
06/16/2012,25,FEET,54.1,DEGREES F,,
06/16/2012,30,FEET,51,DEGREES F,,
06/16/2012,35,FEET,49.4,DEGREES F,,
06/16/2012,40,FEET,48.7,DEGREES F,,
06/16/2012,45,FEET,48.2,DEGREES F,,
06/16/2012,50,FEET,48,DEGREES F,,
06/16/2012,55,FEET,47.8,DEGREES F,,
06/27/2012,0,FEET,71.7,DEGREES F,,
06/27/2012,5,FEET,71.4,DEGREES F,,
06/27/2012,10,FEET,71.4,DEGREES F,,
06/27/2012,15,FEET,70.5,DEGREES F,,
06/27/2012,20,FEET,62.6,DEGREES F,,
06/27/2012,25,FEET,54.3,DEGREES F,,
06/27/2012,30,FEET,51.8,DEGREES F,,
06/27/2012,35,FEET,50.5,DEGREES F,,
06/27/2012,40,FEET,49.4,DEGREES F,,
06/27/2012,45,FEET,48.9,DEGREES F,,
06/27/2012,50,FEET,48.5,DEGREES F,,
06/27/2012,55,FEET,48.3,DEGREES F,,
07/14/2012,0,FEET,80.5,DEGREES F,,
07/14/2012,5,FEET,80.5,DEGREES F,,
07/14/2012,10,FEET,80.4,DEGREES F,,
07/14/2012,15,FEET,77.7,DEGREES F,,
07/14/2012,20,FEET,65.4,DEGREES F,,
07/14/2012,25,FEET,57.5,DEGREES F,,
07/14/2012,30,FEET,52.8,DEGREES F,,
07/14/2012,35,FEET,51.6,DEGREES F,,
07/14/2012,40,FEET,50.7,DEGREES F,,
07/14/2012,45,FEET,49.6,DEGREES F,,
07/14/2012,50,FEET,49.1,DEGREES F,,
07/14/2012,55,FEET,48.9,DEGREES F,,
07/20/2012,0,FEET,77,DEGREES F,,
07/20/2012,5,FEET,77,DEGREES F,,
07/20/2012,10,FEET,77,DEGREES F,,
07/20/2012,15,FEET,76.8,DEGREES F,,
07/20/2012,20,FEET,66,DEGREES F,,
07/20/2012,25,FEET,57.5,DEGREES F,,
07/20/2012,30,FEET,53.3,DEGREES F,,
07/20/2012,35,FEET,51.6,DEGREES F,,
07/20/2012,40,FEET,50.3,DEGREES F,,
07/20/2012,45,FEET,49.6,DEGREES F,,
07/20/2012,50,FEET,49.1,DEGREES F,,
07/20/2012,55,FEET,48.9,DEGREES F,,
08/07/2012,0,FEET,77,DEGREES F,,
08/07/2012,5,FEET,77,DEGREES F,,
08/07/2012,10,FEET,76.8,DEGREES F,,
08/07/2012,15,FEET,75.9,DEGREES F,,
08/07/2012,20,FEET,69.8,DEGREES F,,
08/07/2012,25,FEET,59.1,DEGREES F,,
08/07/2012,30,FEET,53.9,DEGREES F,,
08/07/2012,35,FEET,51.8,DEGREES F,,
08/07/2012,40,FEET,50.7,DEGREES F,,
08/07/2012,45,FEET,49.6,DEGREES F,,
08/07/2012,50,FEET,49.4,DEGREES F,,
08/07/2012,55,FEET,48.9,DEGREES F,,
09/04/2012,0,FEET,74.4,DEGREES F,,
09/17/2012,0,FEET,66.5,DEGREES F,,
09/17/2012,10,FEET,66.5,DEGREES F,,
09/17/2012,15,FEET,66.5,DEGREES F,,
09/17/2012,20,FEET,66.5,DEGREES F,,
09/17/2012,25,FEET,65.4,DEGREES F,,
09/17/2012,30,FEET,59.3,DEGREES F,,
09/17/2012,35,FEET,54.7,DEGREES F,,
09/17/2012,40,FEET,51.6,DEGREES F,,
09/17/2012,45,FEET,50,DEGREES F,,
09/17/2012,50,FEET,49.4,DEGREES F,,
09/17/2012,55,FEET,49.2,DEGREES F,,
09/26/2012,0,FEET,59.3,DEGREES F,,
09/26/2012,5,FEET,59.1,DEGREES F,,
09/26/2012,10,FEET,59,DEGREES F,,
09/26/2012,15,FEET,59,DEGREES F,,
09/26/2012,20,FEET,58.8,DEGREES F,,
09/26/2012,25,FEET,58.6,DEGREES F,,
09/26/2012,30,FEET,57.9,DEGREES F,,
09/26/2012,35,FEET,52.8,DEGREES F,,
09/26/2012,40,FEET,51.2,DEGREES F,,
09/26/2012,45,FEET,50,DEGREES F,,
09/26/2012,50,FEET,49.4,DEGREES F,,
09/26/2012,55,FEET,49.2,DEGREES F,,
05/28/2013,0,FEET,58.4,DEGREES F,,
05/28/2013,5,FEET,57.7,DEGREES F,,
05/28/2013,10,FEET,57,DEGREES F,,
05/28/2013,15,FEET,53,DEGREES F,,
05/28/2013,20,FEET,48.3,DEGREES F,,
05/28/2013,25,FEET,45.8,DEGREES F,,
05/28/2013,30,FEET,45.3,DEGREES F,,
05/28/2013,35,FEET,44.9,DEGREES F,,
05/28/2013,40,FEET,44.7,DEGREES F,,
05/28/2013,45,FEET,44.7,DEGREES F,,
05/28/2013,50,FEET,44.6,DEGREES F,,
05/28/2013,55,FEET,44.4,DEGREES F,,
05/28/2013,58,FEET,44.4,DEGREES F,,
06/13/2013,0,FEET,67.8,DEGREES F,,
06/13/2013,5,FEET,66.5,DEGREES F,,
06/13/2013,10,FEET,63.1,DEGREES F,,
06/13/2013,15,FEET,59.5,DEGREES F,,
06/13/2013,20,FEET,49.4,DEGREES F,,
06/13/2013,25,FEET,46.9,DEGREES F,,
06/13/2013,30,FEET,45.8,DEGREES F,,
06/13/2013,35,FEET,45.6,DEGREES F,,
06/13/2013,40,FEET,45.3,DEGREES F,,
06/13/2013,45,FEET,44.9,DEGREES F,,
06/13/2013,50,FEET,44.7,DEGREES F,,
06/13/2013,55,FEET,44.6,DEGREES F,,
06/13/2013,59,FEET,44.6,DEGREES F,,
06/21/2013,0,FEET,67.6,DEGREES F,,
06/21/2013,5,FEET,67.6,DEGREES F,,
06/21/2013,10,FEET,67.6,DEGREES F,,
06/21/2013,15,FEET,60.6,DEGREES F,,
06/21/2013,20,FEET,49.8,DEGREES F,,
06/21/2013,25,FEET,48.2,DEGREES F,,
06/21/2013,30,FEET,46.2,DEGREES F,,
06/21/2013,35,FEET,45.8,DEGREES F,,
06/21/2013,40,FEET,45.6,DEGREES F,,
06/21/2013,45,FEET,45.1,DEGREES F,,
06/21/2013,50,FEET,44.9,DEGREES F,,
06/21/2013,55,FEET,44.9,DEGREES F,,
06/21/2013,59,FEET,44.7,DEGREES F,,
06/30/2013,0,FEET,73.2,DEGREES F,,
06/30/2013,5,FEET,72.5,DEGREES F,,
06/30/2013,10,FEET,70.8,DEGREES F,,
06/30/2013,15,FEET,61.1,DEGREES F,,
06/30/2013,20,FEET,51.9,DEGREES F,,
06/30/2013,25,FEET,48.5,DEGREES F,,
06/30/2013,30,FEET,46.7,DEGREES F,,
06/30/2013,35,FEET,46.2,DEGREES F,,
06/30/2013,40,FEET,45.6,DEGREES F,,
06/30/2013,45,FEET,45.3,DEGREES F,,
06/30/2013,50,FEET,45.1,DEGREES F,,
06/30/2013,55,FEET,44.9,DEGREES F,,
06/30/2013,59,FEET,44.9,DEGREES F,,
07/07/2013,0,FEET,76.8,DEGREES F,,
07/07/2013,5,FEET,75.5,DEGREES F,,
07/07/2013,10,FEET,74.4,DEGREES F,,
07/07/2013,15,FEET,64,DEGREES F,,
07/07/2013,20,FEET,52.8,DEGREES F,,
07/07/2013,25,FEET,49.1,DEGREES F,,
07/07/2013,30,FEET,46.7,DEGREES F,,
07/07/2013,35,FEET,46.2,DEGREES F,,
07/07/2013,40,FEET,45.8,DEGREES F,,
07/07/2013,45,FEET,45.5,DEGREES F,,
07/07/2013,50,FEET,45.3,DEGREES F,,
07/07/2013,55,FEET,45.1,DEGREES F,,
07/07/2013,59,FEET,44.9,DEGREES F,,
07/19/2013,0,FEET,79.8,DEGREES F,,
07/19/2013,5,FEET,79.8,DEGREES F,,
07/19/2013,10,FEET,78.4,DEGREES F,,
07/19/2013,15,FEET,77.1,DEGREES F,,
07/19/2013,20,FEET,62.6,DEGREES F,,
07/19/2013,25,FEET,52.8,DEGREES F,,
07/19/2013,30,FEET,51.6,DEGREES F,,
07/19/2013,35,FEET,49.4,DEGREES F,,
07/19/2013,40,FEET,47.6,DEGREES F,,
07/19/2013,45,FEET,46.5,DEGREES F,,
07/19/2013,50,FEET,45.8,DEGREES F,,
07/19/2013,55,FEET,45.3,DEGREES F,,
07/19/2013,59,FEET,45.1,DEGREES F,,
07/25/2013,0,FEET,74.1,DEGREES F,,
07/25/2013,5,FEET,73.7,DEGREES F,,
07/25/2013,10,FEET,73.7,DEGREES F,,
07/25/2013,15,FEET,70.8,DEGREES F,,
07/25/2013,20,FEET,56.6,DEGREES F,,
07/25/2013,25,FEET,50.7,DEGREES F,,
07/25/2013,30,FEET,48.2,DEGREES F,,
07/25/2013,35,FEET,46.9,DEGREES F,,
07/25/2013,40,FEET,46.4,DEGREES F,,
07/25/2013,45,FEET,45.6,DEGREES F,,
07/25/2013,50,FEET,45.3,DEGREES F,,
07/25/2013,55,FEET,45.3,DEGREES F,,
07/25/2013,59,FEET,45.1,DEGREES F,,
08/10/2013,0,FEET,71,DEGREES F,,
08/10/2013,5,FEET,70.8,DEGREES F,,
08/10/2013,10,FEET,69.6,DEGREES F,,
08/10/2013,15,FEET,67.8,DEGREES F,,
08/10/2013,20,FEET,58.2,DEGREES F,,
08/10/2013,25,FEET,51.9,DEGREES F,,
08/10/2013,30,FEET,49.4,DEGREES F,,
08/10/2013,35,FEET,47.6,DEGREES F,,
08/10/2013,40,FEET,46.4,DEGREES F,,
08/10/2013,45,FEET,45.6,DEGREES F,,
08/10/2013,50,FEET,45.5,DEGREES F,,
08/10/2013,55,FEET,45.3,DEGREES F,,
08/10/2013,59,FEET,45.3,DEGREES F,,
08/16/2013,0,FEET,70.7,DEGREES F,,
08/16/2013,5,FEET,69.8,DEGREES F,,
08/16/2013,10,FEET,69.6,DEGREES F,,
08/16/2013,15,FEET,68.1,DEGREES F,,
08/16/2013,20,FEET,59.5,DEGREES F,,
08/16/2013,25,FEET,51.8,DEGREES F,,
08/16/2013,30,FEET,49.1,DEGREES F,,
08/16/2013,35,FEET,47.4,DEGREES F,,
08/16/2013,40,FEET,46.5,DEGREES F,,
08/16/2013,45,FEET,45.8,DEGREES F,,
08/16/2013,50,FEET,45.5,DEGREES F,,
08/16/2013,55,FEET,45.5,DEGREES F,,
08/16/2013,59,FEET,45.5,DEGREES F,,
08/25/2013,0,FEET,75.9,DEGREES F,,
08/25/2013,5,FEET,75.5,DEGREES F,,
08/25/2013,10,FEET,75.2,DEGREES F,,
08/25/2013,15,FEET,71.2,DEGREES F,,
08/25/2013,20,FEET,61.1,DEGREES F,,
08/25/2013,25,FEET,52.8,DEGREES F,,
08/25/2013,30,FEET,49.8,DEGREES F,,
08/25/2013,35,FEET,47.8,DEGREES F,,
08/25/2013,40,FEET,46.7,DEGREES F,,
08/25/2013,45,FEET,46.2,DEGREES F,,
08/25/2013,50,FEET,45.8,DEGREES F,,
08/25/2013,55,FEET,45.6,DEGREES F,,
08/25/2013,59,FEET,45.6,DEGREES F,,
09/02/2013,0,FEET,73.5,DEGREES F,,
09/02/2013,5,FEET,73.5,DEGREES F,,
09/02/2013,10,FEET,73.4,DEGREES F,,
09/02/2013,15,FEET,73.2,DEGREES F,,
09/02/2013,20,FEET,60.4,DEGREES F,,
09/02/2013,25,FEET,53,DEGREES F,,
09/02/2013,30,FEET,49.8,DEGREES F,,
09/02/2013,35,FEET,48,DEGREES F,,
09/02/2013,40,FEET,47.1,DEGREES F,,
09/02/2013,45,FEET,46.2,DEGREES F,,
09/02/2013,50,FEET,45.8,DEGREES F,,
09/02/2013,55,FEET,45.8,DEGREES F,,
09/02/2013,59,FEET,45.8,DEGREES F,,
09/09/2013,0,FEET,73.5,DEGREES F,,
09/09/2013,5,FEET,73.5,DEGREES F,,
09/09/2013,10,FEET,73.4,DEGREES F,,
09/09/2013,15,FEET,73.2,DEGREES F,,
09/09/2013,20,FEET,60.4,DEGREES F,,
09/09/2013,25,FEET,53,DEGREES F,,
09/09/2013,30,FEET,49.8,DEGREES F,,
09/09/2013,35,FEET,48,DEGREES F,,
09/09/2013,40,FEET,47.1,DEGREES F,,
09/09/2013,45,FEET,46.2,DEGREES F,,
09/09/2013,50,FEET,45.8,DEGREES F,,
09/09/2013,55,FEET,45.8,DEGREES F,,
09/09/2013,59,FEET,45.8,DEGREES F,,
05/23/2014,0,FEET,60.1,DEGREES F,,
05/23/2014,5,FEET,54.9,DEGREES F,,
05/23/2014,10,FEET,53.6,DEGREES F,,
05/23/2014,15,FEET,52.9,DEGREES F,,
05/23/2014,20,FEET,46.8,DEGREES F,,
05/23/2014,25,FEET,44.2,DEGREES F,,
05/23/2014,30,FEET,43.7,DEGREES F,,
05/23/2014,35,FEET,43.3,DEGREES F,,
05/23/2014,40,FEET,42.6,DEGREES F,,
05/23/2014,45,FEET,42.6,DEGREES F,,
05/23/2014,50,FEET,42.6,DEGREES F,,
05/23/2014,55,FEET,42.3,DEGREES F,,
05/23/2014,59,FEET,42.3,DEGREES F,,
05/31/2014,0,FEET,70.3,DEGREES F,,
05/31/2014,5,FEET,68.1,DEGREES F,,
05/31/2014,10,FEET,55.7,DEGREES F,,
05/31/2014,15,FEET,52.1,DEGREES F,,
05/31/2014,20,FEET,48.3,DEGREES F,,
05/31/2014,25,FEET,45.6,DEGREES F,,
05/31/2014,30,FEET,44.4,DEGREES F,,
05/31/2014,35,FEET,43.8,DEGREES F,,
05/31/2014,40,FEET,43.5,DEGREES F,,
05/31/2014,45,FEET,43.1,DEGREES F,,
05/31/2014,50,FEET,43.1,DEGREES F,,
05/31/2014,55,FEET,42.8,DEGREES F,,
05/31/2014,59,FEET,42.6,DEGREES F,,
06/21/2014,0,FEET,68,DEGREES F,,
06/21/2014,5,FEET,67.4,DEGREES F,,
06/21/2014,10,FEET,67.1,DEGREES F,,
06/21/2014,15,FEET,64.2,DEGREES F,,
06/21/2014,20,FEET,51.6,DEGREES F,,
06/21/2014,25,FEET,48.5,DEGREES F,,
06/21/2014,30,FEET,45.8,DEGREES F,,
06/21/2014,35,FEET,45.1,DEGREES F,,
06/21/2014,40,FEET,44.6,DEGREES F,,
06/21/2014,45,FEET,44,DEGREES F,,
06/21/2014,50,FEET,43.9,DEGREES F,,
06/21/2014,55,FEET,43.7,DEGREES F,,
06/21/2014,59,FEET,43.7,DEGREES F,,
06/26/2014,0,FEET,68.5,DEGREES F,,
06/26/2014,5,FEET,68,DEGREES F,,
06/26/2014,10,FEET,67.4,DEGREES F,,
06/26/2014,15,FEET,65.1,DEGREES F,,
06/26/2014,20,FEET,53.7,DEGREES F,,
06/26/2014,25,FEET,48.9,DEGREES F,,
06/26/2014,30,FEET,46.7,DEGREES F,,
06/26/2014,35,FEET,45.3,DEGREES F,,
06/26/2014,40,FEET,44.6,DEGREES F,,
06/26/2014,45,FEET,44.3,DEGREES F,,
06/26/2014,50,FEET,43.8,DEGREES F,,
06/26/2014,55,FEET,43.8,DEGREES F,,
06/26/2014,59,FEET,43.8,DEGREES F,,
07/10/2014,0,FEET,72.8,DEGREES F,,
07/10/2014,5,FEET,72.8,DEGREES F,,
07/10/2014,10,FEET,72.5,DEGREES F,,
07/10/2014,15,FEET,69,DEGREES F,,
07/10/2014,20,FEET,57,DEGREES F,,
07/10/2014,25,FEET,50,DEGREES F,,
07/10/2014,30,FEET,48,DEGREES F,,
07/10/2014,35,FEET,46.2,DEGREES F,,
07/10/2014,40,FEET,45.1,DEGREES F,,
07/10/2014,45,FEET,44.4,DEGREES F,,
07/10/2014,50,FEET,44.2,DEGREES F,,
07/10/2014,55,FEET,44,DEGREES F,,
07/10/2014,59,FEET,44,DEGREES F,,
07/20/2014,0,FEET,71.9,DEGREES F,,
07/20/2014,5,FEET,71.9,DEGREES F,,
07/20/2014,10,FEET,71.7,DEGREES F,,
07/20/2014,15,FEET,69.8,DEGREES F,,
07/20/2014,20,FEET,57.9,DEGREES F,,
07/20/2014,25,FEET,50.7,DEGREES F,,
07/20/2014,30,FEET,48,DEGREES F,,
07/20/2014,35,FEET,46.2,DEGREES F,,
07/20/2014,40,FEET,45.3,DEGREES F,,
07/20/2014,45,FEET,44.6,DEGREES F,,
07/20/2014,50,FEET,44.4,DEGREES F,,
07/20/2014,55,FEET,44.4,DEGREES F,,
07/20/2014,59,FEET,44.4,DEGREES F,,
07/26/2014,0,FEET,73.7,DEGREES F,,
07/26/2014,5,FEET,73.5,DEGREES F,,
07/26/2014,10,FEET,73.4,DEGREES F,,
07/26/2014,15,FEET,72.8,DEGREES F,,
07/26/2014,20,FEET,58.1,DEGREES F,,
07/26/2014,25,FEET,51.9,DEGREES F,,
07/26/2014,30,FEET,48,DEGREES F,,
07/26/2014,35,FEET,46.4,DEGREES F,,
07/26/2014,40,FEET,45.6,DEGREES F,,
07/26/2014,45,FEET,44.9,DEGREES F,,
07/26/2014,50,FEET,44.4,DEGREES F,,
07/26/2014,55,FEET,44.4,DEGREES F,,
07/26/2014,59,FEET,44.4,DEGREES F,,
08/12/2014,0,FEET,73.5,DEGREES F,,
08/12/2014,5,FEET,73.5,DEGREES F,,
08/12/2014,10,FEET,73.1,DEGREES F,,
08/12/2014,15,FEET,72.9,DEGREES F,,
08/12/2014,20,FEET,59.9,DEGREES F,,
08/12/2014,25,FEET,53,DEGREES F,,
08/12/2014,30,FEET,48.6,DEGREES F,,
08/12/2014,35,FEET,46.8,DEGREES F,,
08/12/2014,40,FEET,45.9,DEGREES F,,
08/12/2014,45,FEET,45.1,DEGREES F,,
08/12/2014,50,FEET,44.6,DEGREES F,,
08/12/2014,55,FEET,44.6,DEGREES F,,
08/12/2014,59,FEET,44.4,DEGREES F,,
08/23/2014,0,FEET,70.5,DEGREES F,,
08/23/2014,5,FEET,70.1,DEGREES F,,
08/23/2014,10,FEET,69.9,DEGREES F,,
08/23/2014,15,FEET,69,DEGREES F,,
08/23/2014,20,FEET,62,DEGREES F,,
08/23/2014,25,FEET,53.9,DEGREES F,,
08/23/2014,30,FEET,49.4,DEGREES F,,
08/23/2014,35,FEET,47.6,DEGREES F,,
08/23/2014,40,FEET,46.4,DEGREES F,,
08/23/2014,45,FEET,45.3,DEGREES F,,
08/23/2014,50,FEET,44.7,DEGREES F,,
08/23/2014,55,FEET,44.6,DEGREES F,,
08/23/2014,59,FEET,44.6,DEGREES F,,
08/27/2014,0,FEET,71.6,DEGREES F,,
08/27/2014,5,FEET,71.4,DEGREES F,,
08/27/2014,10,FEET,70.8,DEGREES F,,
08/27/2014,15,FEET,69.8,DEGREES F,,
08/27/2014,20,FEET,63.1,DEGREES F,,
08/27/2014,25,FEET,54.6,DEGREES F,,
08/27/2014,30,FEET,49.6,DEGREES F,,
08/27/2014,35,FEET,47.8,DEGREES F,,
08/27/2014,40,FEET,46.4,DEGREES F,,
08/27/2014,45,FEET,45.3,DEGREES F,,
08/27/2014,50,FEET,44.9,DEGREES F,,
08/27/2014,55,FEET,44.6,DEGREES F,,
08/27/2014,59,FEET,44.6,DEGREES F,,
09/06/2014,0,FEET,68.1,DEGREES F,,
09/06/2014,5,FEET,68.1,DEGREES F,,
09/06/2014,10,FEET,68,DEGREES F,,
09/06/2014,15,FEET,68,DEGREES F,,
09/06/2014,20,FEET,66.3,DEGREES F,,
09/06/2014,25,FEET,54.5,DEGREES F,,
09/06/2014,30,FEET,50.5,DEGREES F,,
09/06/2014,35,FEET,48.3,DEGREES F,,
09/06/2014,40,FEET,46.9,DEGREES F,,
09/06/2014,45,FEET,45.6,DEGREES F,,
09/06/2014,50,FEET,44.9,DEGREES F,,
09/06/2014,55,FEET,44.9,DEGREES F,,
09/06/2014,59,FEET,44.9,DEGREES F,,
09/13/2014,0,FEET,62.2,DEGREES F,,
09/13/2014,5,FEET,62.2,DEGREES F,,
09/13/2014,10,FEET,62.2,DEGREES F,,
09/13/2014,15,FEET,62,DEGREES F,,
09/13/2014,20,FEET,61.5,DEGREES F,,
09/13/2014,25,FEET,57,DEGREES F,,
09/13/2014,30,FEET,50.7,DEGREES F,,
09/13/2014,35,FEET,48.5,DEGREES F,,
09/13/2014,40,FEET,47.1,DEGREES F,,
09/13/2014,45,FEET,45.6,DEGREES F,,
09/13/2014,50,FEET,45.1,DEGREES F,,
09/13/2014,55,FEET,44.9,DEGREES F,,
09/13/2014,59,FEET,44.9,DEGREES F,,
05/23/2015,0,FEET,59.1,DEGREES F,,
05/23/2015,5,FEET,58.6,DEGREES F,,
05/23/2015,10,FEET,56.8,DEGREES F,,
05/23/2015,15,FEET,55.7,DEGREES F,,
05/23/2015,20,FEET,54.1,DEGREES F,,
05/23/2015,25,FEET,51.8,DEGREES F,,
05/23/2015,30,FEET,49.4,DEGREES F,,
05/23/2015,35,FEET,48.5,DEGREES F,,
05/23/2015,40,FEET,48,DEGREES F,,
05/23/2015,45,FEET,47.1,DEGREES F,,
05/23/2015,50,FEET,46.9,DEGREES F,,
05/23/2015,55,FEET,46.4,DEGREES F,,
05/23/2015,59,FEET,46.4,DEGREES F,,
05/31/2015,0,FEET,60.8,DEGREES F,,
05/31/2015,5,FEET,60.6,DEGREES F,,
05/31/2015,10,FEET,59.7,DEGREES F,,
05/31/2015,15,FEET,57.7,DEGREES F,,
05/31/2015,20,FEET,55.4,DEGREES F,,
05/31/2015,25,FEET,52.8,DEGREES F,,
05/31/2015,30,FEET,50,DEGREES F,,
05/31/2015,35,FEET,48.9,DEGREES F,,
05/31/2015,40,FEET,48.3,DEGREES F,,
05/31/2015,45,FEET,47.6,DEGREES F,,
05/31/2015,50,FEET,47.3,DEGREES F,,
05/31/2015,55,FEET,46.7,DEGREES F,,
05/31/2015,59,FEET,46.7,DEGREES F,,
06/11/2015,0,FEET,20.2,DEGREES C,9.41,MG/L
06/11/2015,5,FEET,19.9,DEGREES F,9.5,MG/L
06/11/2015,10,FEET,19.5,DEGREES F,9.58,MG/L
06/11/2015,15,FEET,18.1,DEGREES F,9.78,MG/L
06/11/2015,20,FEET,15.4,DEGREES F,10.69,MG/L
06/11/2015,25,FEET,13.1,DEGREES F,9.94,MG/L
06/11/2015,30,FEET,11.7,DEGREES F,7.61,MG/L
06/11/2015,35,FEET,10.7,DEGREES F,6.02,MG/L
06/11/2015,40,FEET,10,DEGREES F,4.5,MG/L
06/11/2015,45,FEET,9.5,DEGREES F,2.72,MG/L
06/11/2015,50,FEET,9.1,DEGREES F,1.52,MG/L
06/11/2015,55,FEET,8.9,DEGREES F,.11,MG/L
06/11/2015,56,FEET,8.8,DEGREES F,.1,MG/L
06/19/2015,0,FEET,20.8,DEGREES C,9.5,MG/L
06/19/2015,5,FEET,20.5,DEGREES C,9.72,MG/L
06/19/2015,10,FEET,20.3,DEGREES C,9.84,MG/L
06/19/2015,15,FEET,19,DEGREES C,10.8,MG/L
06/19/2015,20,FEET,16.2,DEGREES C,11.43,MG/L
06/19/2015,25,FEET,14.1,DEGREES C,10.01,MG/L
06/19/2015,30,FEET,12.1,DEGREES C,7.04,MG/L
06/19/2015,35,FEET,11.2,DEGREES C,5.32,MG/L
06/19/2015,40,FEET,10.2,DEGREES C,3.37,MG/L
06/19/2015,45,FEET,9.5,DEGREES C,1.54,MG/L
06/19/2015,50,FEET,9.3,DEGREES C,.78,MG/L
06/19/2015,55,FEET,9.4,DEGREES C,.11,MG/L
06/19/2015,59,FEET,9.4,DEGREES C,.06,MG/L
06/23/2015,0,FEET,21.5,DEGREES C,9.67,MG/L
06/23/2015,5,FEET,21.4,DEGREES C,9.69,MG/L
06/23/2015,10,FEET,21.2,DEGREES C,9.69,MG/L
06/23/2015,15,FEET,20.6,DEGREES C,9.79,MG/L
06/23/2015,20,FEET,17.1,DEGREES C,11.28,MG/L
06/23/2015,25,FEET,13.4,DEGREES C,8.16,MG/L
06/23/2015,30,FEET,12.3,DEGREES C,7.24,MG/L
06/23/2015,35,FEET,11.2,DEGREES C,4.8,MG/L
06/23/2015,40,FEET,10.4,DEGREES C,2.93,MG/L
06/23/2015,45,FEET,9.7,DEGREES C,.99,MG/L
06/23/2015,50,FEET,9.5,DEGREES C,.6,MG/L
06/23/2015,55,FEET,9.2,DEGREES C,.1,MG/L
06/23/2015,59,FEET,9.1,DEGREES C,.07,MG/L
07/05/2015,0,FEET,24,DEGREES C,9.32,MG/L
07/05/2015,5,FEET,23.9,DEGREES C,9.36,MG/L
07/05/2015,10,FEET,23.8,DEGREES C,9.38,MG/L
07/05/2015,15,FEET,21.5,DEGREES C,10.65,MG/L
07/05/2015,20,FEET,17.3,DEGREES C,12.05,MG/L
07/05/2015,25,FEET,14.5,DEGREES C,8.46,MG/L
07/05/2015,30,FEET,12.7,DEGREES C,4.91,MG/L
07/05/2015,35,FEET,11.6,DEGREES C,3.22,MG/L
07/05/2015,40,FEET,10.9,DEGREES C,1.79,MG/L
07/05/2015,45,FEET,10.8,DEGREES C,.13,MG/L
07/05/2015,50,FEET,10.8,DEGREES C,.11,MG/L
07/05/2015,55,FEET,10.8,DEGREES C,.1,MG/L
07/05/2015,59,FEET,10.7,DEGREES C,.09,MG/L
07/09/2015,0,FEET,24.5,DEGREES C,9.02,MG/L
07/09/2015,5,FEET,24,DEGREES C,9.14,MG/L
07/09/2015,10,FEET,23.5,DEGREES C,9.21,MG/L
07/09/2015,15,FEET,21.7,DEGREES C,10.04,MG/L
07/09/2015,20,FEET,17.9,DEGREES C,12.11,MG/L
07/09/2015,25,FEET,14.9,DEGREES C,8.3,MG/L
07/09/2015,30,FEET,12.6,DEGREES C,3.87,MG/L
07/09/2015,35,FEET,11.4,DEGREES C,2.15,MG/L
07/09/2015,40,FEET,10.7,DEGREES C,.56,MG/L
07/09/2015,45,FEET,10.1,DEGREES C,.16,MG/L
07/09/2015,50,FEET,9.7,DEGREES C,.11,MG/L
07/09/2015,55,FEET,9.5,DEGREES C,.08,MG/L
07/09/2015,59,FEET,9.5,DEGREES C,.07,MG/L
07/14/2015,0,FEET,23.9,DEGREES C,9.53,MG/L
07/14/2015,5,FEET,24,DEGREES C,9.51,MG/L
07/14/2015,10,FEET,23.7,DEGREES C,9.92,MG/L
07/14/2015,15,FEET,22.3,DEGREES C,10.14,MG/L
07/14/2015,20,FEET,17.9,DEGREES C,12.39,MG/L
07/14/2015,25,FEET,14.3,DEGREES C,7.55,MG/L
07/14/2015,30,FEET,12.3,DEGREES C,2.89,MG/L
07/14/2015,35,FEET,11.5,DEGREES C,1.51,MG/L
07/14/2015,40,FEET,10.7,DEGREES C,.49,MG/L
07/14/2015,45,FEET,10.2,DEGREES C,.15,MG/L
07/14/2015,50,FEET,9.8,DEGREES C,.1,MG/L
07/14/2015,55,FEET,9.6,DEGREES C,.07,MG/L
07/14/2015,59,FEET,9.5,DEGREES C,.06,MG/L
07/21/2015,0,FEET,23.6,DEGREES C,9.39,MG/L
07/21/2015,5,FEET,23.5,DEGREES C,9.43,MG/L
07/21/2015,10,FEET,23.4,DEGREES C,9.44,MG/L
07/21/2015,15,FEET,23.1,DEGREES C,9.65,MG/L
07/21/2015,20,FEET,18.3,DEGREES C,12.2,MG/L
07/21/2015,25,FEET,14.6,DEGREES C,6.98,MG/L
07/21/2015,30,FEET,12.4,DEGREES C,1.92,MG/L
07/21/2015,35,FEET,11.4,DEGREES C,.72,MG/L
07/21/2015,40,FEET,10.8,DEGREES C,.17,MG/L
07/21/2015,45,FEET,10.3,DEGREES C,.13,MG/L
07/21/2015,50,FEET,9.8,DEGREES C,.12,MG/L
07/21/2015,55,FEET,9.6,DEGREES C,.1,MG/L
07/21/2015,59,FEET,9.6,DEGREES C,.09,MG/L
08/06/2015,0,FEET,23,DEGREES C,9.83,MG/L
08/06/2015,5,FEET,22.9,DEGREES C,9.76,MG/L
08/06/2015,10,FEET,22.8,DEGREES C,9.78,MG/L
08/06/2015,15,FEET,22.3,DEGREES C,10.15,MG/L
08/06/2015,20,FEET,20.3,DEGREES C,11.36,MG/L
08/06/2015,25,FEET,15.8,DEGREES C,6.51,MG/L
08/06/2015,30,FEET,13.2,DEGREES C,.52,MG/L
08/06/2015,35,FEET,12,DEGREES C,.24,MG/L
08/06/2015,40,FEET,11.4,DEGREES C,.18,MG/L
08/06/2015,45,FEET,10.6,DEGREES C,.17,MG/L
08/06/2015,50,FEET,10.3,DEGREES C,.15,MG/L
08/06/2015,55,FEET,10.1,DEGREES C,.11,MG/L
08/06/2015,59,FEET,10.1,DEGREES C,.1,MG/L
08/24/2015,0,FEET,19.4,DEGREES C,9.95,MG/L
08/24/2015,5,FEET,19.4,DEGREES C,9.98,MG/L
08/24/2015,10,FEET,19.5,DEGREES C,9.94,MG/L
08/24/2015,15,FEET,19.5,DEGREES C,9.9,MG/L
08/24/2015,20,FEET,19.6,DEGREES C,9.85,MG/L
08/24/2015,25,FEET,19.6,DEGREES C,9.85,MG/L
08/24/2015,30,FEET,13.1,DEGREES C,.26,MG/L
08/24/2015,35,FEET,12,DEGREES C,.21,MG/L
08/24/2015,40,FEET,11.3,DEGREES C,.18,MG/L
08/24/2015,45,FEET,10.6,DEGREES C,.16,MG/L
08/24/2015,50,FEET,10.4,DEGREES C,.14,MG/L
08/24/2015,55,FEET,10.3,DEGREES C,.12,MG/L
08/24/2015,59,FEET,10.3,DEGREES C,.12,MG/L
08/30/2015,0,FEET,20.9,DEGREES C,10.67,MG/L
08/30/2015,5,FEET,20.8,DEGREES C,10.53,MG/L
08/30/2015,10,FEET,20.6,DEGREES C,10.48,MG/L
08/30/2015,15,FEET,19.5,DEGREES C,10.13,MG/L
08/30/2015,20,FEET,19,DEGREES C,9.52,MG/L
08/30/2015,25,FEET,17.5,DEGREES C,6.6,MG/L
08/30/2015,30,FEET,13.6,DEGREES C,.36,MG/L
08/30/2015,35,FEET,12.1,DEGREES C,.2,MG/L
08/30/2015,40,FEET,11.4,DEGREES C,.15,MG/L
08/30/2015,45,FEET,10.7,DEGREES C,.14,MG/L
08/30/2015,50,FEET,10.3,DEGREES C,.12,MG/L
08/30/2015,55,FEET,10.1,DEGREES C,.09,MG/L
08/30/2015,59,FEET,10.1,DEGREES C,.09,MG/L
09/07/2015,0,FEET,24.2,DEGREES C,9.85,MG/L
09/07/2015,5,FEET,23.7,DEGREES C,9.92,MG/L
09/07/2015,10,FEET,23.6,DEGREES C,9.76,MG/L
09/07/2015,15,FEET,21.8,DEGREES C,10.15,MG/L
09/07/2015,20,FEET,19.3,DEGREES C,8.69,MG/L
09/07/2015,25,FEET,17.7,DEGREES C,5.82,MG/L
09/07/2015,30,FEET,14.1,DEGREES C,.31,MG/L
09/07/2015,35,FEET,12.3,DEGREES C,.18,MG/L
09/07/2015,40,FEET,11.4,DEGREES C,.14,MG/L
09/07/2015,45,FEET,10.9,DEGREES C,.12,MG/L
09/07/2015,50,FEET,10.6,DEGREES C,.12,MG/L
09/07/2015,55,FEET,10.4,DEGREES C,.1,MG/L
09/07/2015,59,FEET,10.3,DEGREES C,.08,MG/L
09/15/2015,0,FEET,21,DEGREES C,9.72,MG/L
09/15/2015,5,FEET,20.8,DEGREES C,9.75,MG/L
09/15/2015,10,FEET,20.4,DEGREES C,9.77,MG/L
09/15/2015,15,FEET,19.9,DEGREES C,9.59,MG/L
09/15/2015,20,FEET,19.6,DEGREES C,9.07,MG/L
09/15/2015,25,FEET,17.5,DEGREES C,4.67,MG/L
09/15/2015,30,FEET,13.4,DEGREES C,.22,MG/L
09/15/2015,35,FEET,12.4,DEGREES C,.17,MG/L
09/15/2015,40,FEET,11.5,DEGREES C,.13,MG/L
09/15/2015,45,FEET,10.8,DEGREES C,.12,MG/L
09/15/2015,50,FEET,10.4,DEGREES C,.12,MG/L
09/15/2015,55,FEET,10.2,DEGREES C,.11,MG/L
09/15/2015,59,FEET,10.2,DEGREES C,.09,MG/L
06/11/2016,0,FEET,21.3,DEGREES C,9.84,MG/L
06/11/2016,5,FEET,21.3,DEGREES F,9.88,MG/L
06/11/2016,10,FEET,21.3,DEGREES F,9.87,MG/L
06/11/2016,15,FEET,17.5,DEGREES F,10.53,MG/L
06/11/2016,20,FEET,13.5,DEGREES F,11.19,MG/L
06/11/2016,25,FEET,11.5,DEGREES F,9.11,MG/L
06/11/2016,30,FEET,10.4,DEGREES F,6.7,MG/L
06/11/2016,35,FEET,8.8,DEGREES F,1.95,MG/L
06/11/2016,40,FEET,8.5,DEGREES F,1.47,MG/L
06/11/2016,45,FEET,8.3,DEGREES F,1.08,MG/L
06/11/2016,50,FEET,8,DEGREES F,.18,MG/L
06/11/2016,55,FEET,8,DEGREES F,.14,MG/L
06/11/2016,59,FEET,8,DEGREES F,.12,MG/L
06/14/2016,0,FEET,19.3,DEGREES C,9.96,MG/L
06/14/2016,5,FEET,19.4,DEGREES C,9.92,MG/L
06/14/2016,10,FEET,19,DEGREES C,9.92,MG/L
06/14/2016,15,FEET,16.3,DEGREES C,11.51,MG/L
06/14/2016,20,FEET,13,DEGREES C,10.58,MG/L
06/14/2016,25,FEET,11,DEGREES C,7.63,MG/L
06/14/2016,30,FEET,9.7,DEGREES C,3.37,MG/L
06/14/2016,35,FEET,9,DEGREES C,1.91,MG/L
06/14/2016,40,FEET,8.5,DEGREES C,1.17,MG/L
06/14/2016,45,FEET,8,DEGREES C,.56,MG/L
06/14/2016,50,FEET,7.8,DEGREES C,.29,MG/L
06/14/2016,55,FEET,7.7,DEGREES C,.12,MG/L
06/14/2016,59,FEET,7.7,DEGREES C,.1,MG/L
06/28/2016,0,FEET,22.7,DEGREES C,9.35,MG/L
06/28/2016,5,FEET,22.3,DEGREES C,9.48,MG/L
06/28/2016,10,FEET,22.1,DEGREES C,9.43,MG/L
06/28/2016,15,FEET,21.3,DEGREES C,9.41,MG/L
06/28/2016,20,FEET,16,DEGREES C,10.28,MG/L
06/28/2016,25,FEET,13,DEGREES C,5.96,MG/L
06/28/2016,30,FEET,10.8,DEGREES C,2.62,MG/L
06/28/2016,35,FEET,10,DEGREES C,1.59,MG/L
06/28/2016,40,FEET,9.2,DEGREES C,.69,MG/L
06/28/2016,45,FEET,8.8,DEGREES C,.41,MG/L
06/28/2016,50,FEET,8.5,DEGREES C,.19,MG/L
06/28/2016,55,FEET,8.2,DEGREES C,.11,MG/L
06/28/2016,59,FEET,8.2,DEGREES C,.1,MG/L
07/08/2016,0,FEET,23.5,DEGREES C,9.45,MG/L
07/08/2016,5,FEET,23.6,DEGREES C,9.42,MG/L
07/08/2016,10,FEET,23.6,DEGREES C,9.4,MG/L
07/08/2016,15,FEET,23.1,DEGREES C,9.45,MG/L
07/08/2016,20,FEET,16,DEGREES C,10.77,MG/L
07/08/2016,25,FEET,13,DEGREES C,5.8,MG/L
07/08/2016,30,FEET,11,DEGREES C,1.83,MG/L
07/08/2016,35,FEET,10,DEGREES C,.6,MG/L
07/08/2016,40,FEET,9.4,DEGREES C,.24,MG/L
07/08/2016,45,FEET,8.9,DEGREES C,.16,MG/L
07/08/2016,50,FEET,8.6,DEGREES C,.13,MG/L
07/08/2016,55,FEET,8.4,DEGREES C,.11,MG/L
07/08/2016,59,FEET,8.4,DEGREES C,.1,MG/L
07/15/2016,0,FEET,22.8,DEGREES C,9.46,MG/L
07/15/2016,5,FEET,22.4,DEGREES C,9.59,MG/L
07/15/2016,10,FEET,22.1,DEGREES C,9.5,MG/L
07/15/2016,15,FEET,21.9,DEGREES C,9.24,MG/L
07/15/2016,20,FEET,16.7,DEGREES C,10.59,MG/L
07/15/2016,25,FEET,13.2,DEGREES C,6.05,MG/L
07/15/2016,30,FEET,11.1,DEGREES C,1.31,MG/L
07/15/2016,35,FEET,10.3,DEGREES C,.51,MG/L
07/15/2016,40,FEET,9.7,DEGREES C,.2,MG/L
07/15/2016,45,FEET,9.3,DEGREES C,.14,MG/L
07/15/2016,50,FEET,8.9,DEGREES C,.12,MG/L
07/15/2016,55,FEET,8.7,DEGREES C,.11,MG/L
07/15/2016,59,FEET,8.7,DEGREES C,.09,MG/L
07/23/2016,0,FEET,26.1,DEGREES C,9.63,MG/L
07/23/2016,5,FEET,26,DEGREES C,9.86,MG/L
07/23/2016,10,FEET,25,DEGREES C,10.22,MG/L
07/23/2016,15,FEET,23,DEGREES C,9.95,MG/L
07/23/2016,20,FEET,18.6,DEGREES C,9.25,MG/L
07/23/2016,25,FEET,13.5,DEGREES C,4.62,MG/L
07/23/2016,30,FEET,12,DEGREES C,1.6,MG/L
07/23/2016,35,FEET,10.8,DEGREES C,.45,MG/L
07/23/2016,40,FEET,10,DEGREES C,.18,MG/L
07/23/2016,45,FEET,9.6,DEGREES C,.14,MG/L
07/23/2016,50,FEET,9.4,DEGREES C,.13,MG/L
07/23/2016,55,FEET,9.1,DEGREES C,.1,MG/L
07/23/2016,59,FEET,8.9,DEGREES C,.09,MG/L
07/31/2016,0,FEET,25.5,DEGREES C,9.28,MG/L
07/31/2016,5,FEET,25.1,DEGREES C,9.37,MG/L
07/31/2016,10,FEET,24.9,DEGREES C,9.38,MG/L
07/31/2016,15,FEET,23.1,DEGREES C,9.5,MG/L
07/31/2016,20,FEET,17.8,DEGREES C,8.39,MG/L
07/31/2016,25,FEET,13.8,DEGREES C,3.41,MG/L
07/31/2016,30,FEET,11.8,DEGREES C,.56,MG/L
07/31/2016,35,FEET,10.9,DEGREES C,.18,MG/L
07/31/2016,40,FEET,10.3,DEGREES C,.14,MG/L
07/31/2016,45,FEET,9.8,DEGREES C,.14,MG/L
07/31/2016,50,FEET,9.5,DEGREES C,.13,MG/L
07/31/2016,55,FEET,9.4,DEGREES C,.1,MG/L
07/31/2016,59,FEET,9.4,DEGREES C,.09,MG/L
08/10/2016,0,FEET,25.5,DEGREES C,8.99,MG/L
08/10/2016,5,FEET,25.1,DEGREES C,9.37,MG/L
08/10/2016,10,FEET,24.9,DEGREES C,9.38,MG/L
08/10/2016,15,FEET,23.1,DEGREES C,9.5,MG/L
08/10/2016,20,FEET,17.8,DEGREES C,8.39,MG/L
08/10/2016,25,FEET,13.8,DEGREES C,3.41,MG/L
08/10/2016,30,FEET,11.8,DEGREES C,.56,MG/L
08/10/2016,35,FEET,10.9,DEGREES C,.18,MG/L
08/10/2016,40,FEET,10.3,DEGREES C,.14,MG/L
08/10/2016,45,FEET,9.8,DEGREES C,.14,MG/L
08/10/2016,50,FEET,9.5,DEGREES C,.13,MG/L
08/10/2016,55,FEET,9.4,DEGREES C,.1,MG/L
08/10/2016,59,FEET,9.4,DEGREES C,.9,MG/L
08/16/2016,0,FEET,26,DEGREES C,9.09,MG/L
08/16/2016,5,FEET,25.7,DEGREES C,9.19,MG/L
08/16/2016,10,FEET,24.9,DEGREES C,9.16,MG/L
08/16/2016,15,FEET,23.8,DEGREES C,8.4,MG/L
08/16/2016,20,FEET,19.6,DEGREES C,7.77,MG/L
08/16/2016,25,FEET,14.4,DEGREES C,1.56,MG/L
08/16/2016,30,FEET,12.1,DEGREES C,.3,MG/L
08/16/2016,35,FEET,11.4,DEGREES C,.19,MG/L
08/16/2016,40,FEET,10.7,DEGREES C,.14,MG/L
08/16/2016,45,FEET,10.1,DEGREES C,.13,MG/L
08/16/2016,50,FEET,9.6,DEGREES C,.12,MG/L
08/16/2016,55,FEET,9.4,DEGREES C,.1,MG/L
08/16/2016,59,FEET,9.3,DEGREES C,.09,MG/L
08/23/2016,0,FEET,23.8,DEGREES C,9.02,MG/L
08/23/2016,5,FEET,23.4,DEGREES C,9.12,MG/L
08/23/2016,10,FEET,23.2,DEGREES C,9.15,MG/L
08/23/2016,15,FEET,22.8,DEGREES C,8.95,MG/L
08/23/2016,20,FEET,19.5,DEGREES C,8.06,MG/L
08/23/2016,25,FEET,14.5,DEGREES C,1,MG/L
08/23/2016,30,FEET,12.3,DEGREES C,.33,MG/L
08/23/2016,35,FEET,11.1,DEGREES C,.18,MG/L
08/23/2016,40,FEET,10.5,DEGREES C,.14,MG/L
08/23/2016,45,FEET,9.8,DEGREES C,.12,MG/L
08/23/2016,50,FEET,9.4,DEGREES C,.12,MG/L
08/23/2016,55,FEET,9.2,DEGREES C,.1,MG/L
08/23/2016,59,FEET,9.1,DEGREES C,.09,MG/L
08/30/2016,0,FEET,23.7,DEGREES C,9.42,MG/L
08/30/2016,5,FEET,23.6,DEGREES C,9.43,MG/L
08/30/2016,10,FEET,22.8,DEGREES C,9.43,MG/L
08/30/2016,15,FEET,22.2,DEGREES C,9.14,MG/L
08/30/2016,20,FEET,19.1,DEGREES C,7.97,MG/L
08/30/2016,25,FEET,14.2,DEGREES C,1.03,MG/L
08/30/2016,30,FEET,11.9,DEGREES C,.25,MG/L
08/30/2016,35,FEET,11,DEGREES C,.16,MG/L
08/30/2016,40,FEET,10.4,DEGREES C,.13,MG/L
08/30/2016,45,FEET,9.8,DEGREES C,.13,MG/L
08/30/2016,50,FEET,9.5,DEGREES C,.11,MG/L
08/30/2016,55,FEET,9.2,DEGREES C,.11,MG/L
08/30/2016,59,FEET,9.2,DEGREES C,.09,MG/L
09/12/2016,0,FEET,21.5,DEGREES C,9.29,MG/L
09/12/2016,5,FEET,21.2,DEGREES C,9.34,MG/L
09/12/2016,10,FEET,21,DEGREES C,9.4,MG/L
09/12/2016,15,FEET,20.9,DEGREES C,9.38,MG/L
09/12/2016,20,FEET,20.6,DEGREES C,9.28,MG/L
09/12/2016,25,FEET,15.1,DEGREES C,1.1,MG/L
09/12/2016,30,FEET,12,DEGREES C,.22,MG/L
09/12/2016,35,FEET,11.2,DEGREES C,.15,MG/L
09/12/2016,40,FEET,10.4,DEGREES C,.12,MG/L
09/12/2016,45,FEET,9.7,DEGREES C,.11,MG/L
09/12/2016,50,FEET,9.4,DEGREES C,.11,MG/L
09/12/2016,55,FEET,9.2,DEGREES C,.09,MG/L
09/12/2016,59,FEET,9.2,DEGREES C,.08,MG/L
09/18/2016,0,FEET,19.5,DEGREES C,9.48,MG/L
09/18/2016,5,FEET,19.4,DEGREES C,9.53,MG/L
09/18/2016,10,FEET,19.4,DEGREES C,9.48,MG/L
09/18/2016,15,FEET,19.3,DEGREES C,9.38,MG/L
09/18/2016,20,FEET,19,DEGREES C,8.86,MG/L
09/18/2016,25,FEET,15,DEGREES C,.71,MG/L
09/18/2016,30,FEET,12.3,DEGREES C,.22,MG/L
09/18/2016,35,FEET,11.3,DEGREES C,.17,MG/L
09/18/2016,40,FEET,10.5,DEGREES C,.14,MG/L
09/18/2016,45,FEET,9.9,DEGREES C,.14,MG/L
09/18/2016,50,FEET,9.6,DEGREES C,.13,MG/L
09/18/2016,55,FEET,9,DEGREES C,.1,MG/L
09/18/2016,59,FEET,9.1,DEGREES C,.1,MG/L
10/01/2016,0,FEET,15.9,DEGREES C,9.31,MG/L
10/01/2016,5,FEET,15.9,DEGREES C,9.27,MG/L
10/01/2016,10,FEET,15.7,DEGREES C,9.15,MG/L
10/01/2016,15,FEET,15.7,DEGREES C,9.1,MG/L
10/01/2016,20,FEET,15.7,DEGREES C,8.99,MG/L
10/01/2016,25,FEET,15.3,DEGREES C,6.88,MG/L
10/01/2016,30,FEET,12,DEGREES C,.36,MG/L
10/01/2016,35,FEET,11,DEGREES C,.2,MG/L
10/01/2016,40,FEET,10.3,DEGREES C,.15,MG/L
10/01/2016,45,FEET,9.7,DEGREES C,.14,MG/L
10/01/2016,50,FEET,9.5,DEGREES C,.1,MG/L
10/01/2016,55,FEET,9.5,DEGREES C,.1,MG/L
10/01/2016,59,FEET,9.5,DEGREES C,.09,MG/L
05/31/2017,0,FEET,14.8,DEGREES C,10.89,MG/L
05/31/2017,5,FEET,14.8,DEGREES C,10.9,MG/L
05/31/2017,10,FEET,14.7,DEGREES C,11.04,MG/L
05/31/2017,15,FEET,14.6,DEGREES C,11.06,MG/L
05/31/2017,20,FEET,14.6,DEGREES C,11.03,MG/L
05/31/2017,25,FEET,10.5,DEGREES C,11.29,MG/L
05/31/2017,30,FEET,9.5,DEGREES C,9.64,MG/L
05/31/2017,35,FEET,8.6,DEGREES C,6.25,MG/L
05/31/2017,40,FEET,8.4,DEGREES C,5.28,MG/L
05/31/2017,45,FEET,8.2,DEGREES C,4.64,MG/L
05/31/2017,50,FEET,8.1,DEGREES C,4.14,MG/L
05/31/2017,55,FEET,8,DEGREES C,4.39,MG/L
05/31/2017,59,FEET,7.8,DEGREES C,.26,MG/L
06/05/2017,0,FEET,20.4,DEGREES C,9.72,MG/L
06/05/2017,5,FEET,18.8,DEGREES C,10.29,MG/L
06/05/2017,10,FEET,17.5,DEGREES C,10.75,MG/L
06/05/2017,15,FEET,15.3,DEGREES C,11.05,MG/L
06/05/2017,20,FEET,12.2,DEGREES C,10.76,MG/L
06/05/2017,25,FEET,10.3,DEGREES C,8.63,MG/L
06/05/2017,30,FEET,9.2,DEGREES C,6.44,MG/L
06/05/2017,35,FEET,8.7,DEGREES C,5.03,MG/L
06/05/2017,40,FEET,8.6,DEGREES C,4.14,MG/L
06/05/2017,45,FEET,8.3,DEGREES C,3.75,MG/L
06/05/2017,50,FEET,8.1,DEGREES C,2.37,MG/L
06/05/2017,55,FEET,7.9,DEGREES C,.16,MG/L
06/05/2017,59,FEET,7.9,DEGREES C,.13,MG/L
07/11/2017,0,FEET,22.3,DEGREES C,9.1,MG/L
07/11/2017,5,FEET,22.7,DEGREES C,9.1,MG/L
07/11/2017,10,FEET,22.4,DEGREES C,9.08,MG/L
07/11/2017,15,FEET,19.6,DEGREES C,9.53,MG/L
07/11/2017,20,FEET,15.3,DEGREES C,9.49,MG/L
07/11/2017,25,FEET,12.3,DEGREES C,6.66,MG/L
07/11/2017,30,FEET,10.9,DEGREES C,3.32,MG/L
07/11/2017,35,FEET,9.8,DEGREES C,1.69,MG/L
07/11/2017,40,FEET,9.3,DEGREES C,.71,MG/L
07/11/2017,45,FEET,8.9,DEGREES C,.18,MG/L
07/11/2017,50,FEET,8.7,DEGREES C,.12,MG/L
07/11/2017,55,FEET,8.4,DEGREES C,.08,MG/L
07/11/2017,59,FEET,8.4,DEGREES C,.07,MG/L
07/17/2017,0,FEET,22.9,DEGREES C,9,MG/L
07/17/2017,5,FEET,22.8,DEGREES C,8.99,MG/L
07/17/2017,10,FEET,22.5,DEGREES C,9.06,MG/L
07/17/2017,15,FEET,20.1,DEGREES C,9.86,MG/L
07/17/2017,20,FEET,15.5,DEGREES C,8.92,MG/L
07/17/2017,25,FEET,12.4,DEGREES C,6.08,MG/L
07/17/2017,30,FEET,10.4,DEGREES C,2.12,MG/L
07/17/2017,35,FEET,9.8,DEGREES C,.96,MG/L
07/17/2017,40,FEET,9.4,DEGREES C,.33,MG/L
07/17/2017,45,FEET,9,DEGREES C,.13,MG/L
07/17/2017,50,FEET,9,DEGREES C,.1,MG/L
07/17/2017,55,FEET,9,DEGREES C,.09,MG/L
07/17/2017,59,FEET,9,DEGREES C,.08,MG/L
07/22/2017,0,FEET,23.5,DEGREES C,9.27,MG/L
07/22/2017,5,FEET,23.6,DEGREES C,9.23,MG/L
07/22/2017,10,FEET,23.5,DEGREES C,9.22,MG/L
07/22/2017,15,FEET,20.9,DEGREES C,9.91,MG/L
07/22/2017,20,FEET,16,DEGREES C,9.55,MG/L
07/22/2017,25,FEET,12.4,DEGREES C,4.42,MG/L
07/22/2017,30,FEET,10.5,DEGREES C,1.43,MG/L
07/22/2017,35,FEET,10.3,DEGREES C,.86,MG/L
07/22/2017,40,FEET,9.6,DEGREES C,.27,MG/L
07/22/2017,45,FEET,9.2,DEGREES C,.15,MG/L
07/22/2017,50,FEET,9,DEGREES C,.12,MG/L
07/22/2017,55,FEET,8.8,DEGREES C,.09,MG/L
07/22/2017,59,FEET,8.8,DEGREES C,.08,MG/L
07/27/2017,0,FEET,24.9,DEGREES C,9.65,MG/L
07/27/2017,5,FEET,24.4,DEGREES C,9.78,MG/L
07/27/2017,10,FEET,23.9,DEGREES C,9.76,MG/L
07/27/2017,15,FEET,22.1,DEGREES C,10.43,MG/L
07/27/2017,20,FEET,16.7,DEGREES C,10.68,MG/L
07/27/2017,25,FEET,12.3,DEGREES C,5.95,MG/L
07/27/2017,30,FEET,10.6,DEGREES C,1.18,MG/L
07/27/2017,35,FEET,9.9,DEGREES C,.3,MG/L
07/27/2017,40,FEET,9.5,DEGREES C,.18,MG/L
07/27/2017,45,FEET,9.2,DEGREES C,.15,MG/L
07/27/2017,50,FEET,9,DEGREES C,.14,MG/L
07/27/2017,55,FEET,8.9,DEGREES C,.11,MG/L
07/27/2017,59,FEET,8.9,DEGREES C,.1,MG/L
08/06/2017,0,FEET,22.4,DEGREES C,9.58,MG/L
08/06/2017,5,FEET,21.9,DEGREES C,9.6,MG/L
08/06/2017,10,FEET,21.6,DEGREES C,9.45,MG/L
08/06/2017,15,FEET,21.2,DEGREES C,9.29,MG/L
08/06/2017,20,FEET,16.7,DEGREES C,10.8,MG/L
08/06/2017,25,FEET,14.1,DEGREES C,7.11,MG/L
08/06/2017,30,FEET,11.2,DEGREES C,.9,MG/L
08/06/2017,35,FEET,10.2,DEGREES C,.22,MG/L
08/06/2017,40,FEET,9.7,DEGREES C,.17,MG/L
08/06/2017,45,FEET,9.4,DEGREES C,.16,MG/L
08/06/2017,50,FEET,9.1,DEGREES C,.15,MG/L
08/06/2017,55,FEET,9,DEGREES C,.13,MG/L
08/06/2017,59,FEET,9,DEGREES C,.11,MG/L
08/11/2017,0,FEET,21.4,DEGREES C,9.29,MG/L
08/11/2017,5,FEET,21.3,DEGREES C,9.29,MG/L
08/11/2017,10,FEET,21.2,DEGREES C,9.25,MG/L
08/11/2017,15,FEET,21.1,DEGREES C,9.13,MG/L
08/11/2017,20,FEET,17.7,DEGREES C,9.94,MG/L
08/11/2017,25,FEET,13.4,DEGREES F,5.11,MG/L
08/11/2017,30,FEET,11.6,DEGREES F,1.7,MG/L
08/11/2017,35,FEET,10.1,DEGREES F,.18,MG/L
08/11/2017,40,FEET,9.7,DEGREES F,.14,MG/L
08/11/2017,45,FEET,9.4,DEGREES F,.12,MG/L
08/11/2017,50,FEET,9.1,DEGREES F,.12,MG/L
08/11/2017,55,FEET,8.9,DEGREES F,.1,MG/L
08/11/2017,59,FEET,8.9,DEGREES F,.09,MG/L
09/06/2017,0,FEET,18.2,DEGREES C,9.56,MG/L
09/06/2017,5,FEET,18.2,DEGREES C,9.54,MG/L
09/06/2017,10,FEET,18.2,DEGREES C,9.51,MG/L
09/06/2017,15,FEET,18.1,DEGREES C,9.39,MG/L
09/06/2017,20,FEET,17.9,DEGREES C,9.21,MG/L
09/06/2017,25,FEET,14.4,DEGREES C,2.51,MG/L
09/06/2017,30,FEET,11.9,DEGREES C,.5,MG/L
09/06/2017,35,FEET,10.5,DEGREES C,.19,MG/L
09/06/2017,40,FEET,9.9,DEGREES C,.15,MG/L
09/06/2017,45,FEET,9.4,DEGREES C,.13,MG/L
09/06/2017,50,FEET,9.2,DEGREES C,.13,MG/L
09/06/2017,55,FEET,9.2,DEGREES C,.11,MG/L
09/06/2017,59,FEET,9,DEGREES C,.08,MG/L



Start Date,Fieldwork Comment
08/13/2000,Clear skies- slight wind- and custer color strip #6.    
09/24/2000,Clear skies- light wind- 50 degrees F- and custer color strip #6.    
10/01/2000,70 degrees F- very warm- dry weather- low lake- wispy clouds- and color strip #2.    
05/26/2003,TOP    
06/29/2003,TOP    
07/20/2003,TOP - 6FT INTEGRATED SAMPLE    
09/01/2003,BOTTOM    
10/12/2003,6FT INTEGRATED SAMPLE    
11/10/2005,NEAR DEEP HOLE    
08/26/2008,Mild chop- clear sky. Lake down approximately 3". 
05/24/2009,Cold- calm- much unknown "stuff" floating in this lake.
07/27/2009,cloudy- calm 
08/14/2009,clear- calm- mid 80s 
08/26/2009,Clear- calm- Purrr fect day!
10/13/2009,cloudy
05/15/2010,Clear + Calm
06/29/2010,clear day- light chop
07/06/2010,mostly sunny- light chop
07/07/2010,hazy clouds- very calm
07/15/2010,choppy- windy- partly cloudy
08/12/2010,Clear sky- very calm
08/24/2010,Enjoyed the help of my grandson- Jack Jackson- age 8
10/10/2010,Calm- clear day

06/05/2012,Partly cloudy- slight wind with light chop
06/27/2012,Sunny- clear- breezy- slight chop on water
07/14/2012,partly cloudy- lake slightly choppy
07/20/2012,cloudy with moderate breeze and slightly choppy lake
08/07/2012,Clear- sunny- slight chop
09/04/2012,Clear-sunny-  lake calm
09/17/2012,cloudy- slight chop on lake
09/26/2012,Overcast with very slight chop on lake- 
05/28/2013,Observations taken 19 days after ice-out- overcast with some brighter moments of sunshine- calm water. 
06/21/2013,Cloudy- overcast- 4" of rain fell in last 24 hours
07/07/2013,Overcast- 1.5" of rain on past 24 hours.
07/19/2013,Partly cloudy- windy- strong chop on lake- overnight rain 1/4"
07/25/2013,Clear- breezy with slight chop on lake. No rain for more than a week.
08/10/2013,Partly cloudy- slight chop on lake.
08/16/2013,Sunny- very slight chop- no rain for 2+ weeks.
08/25/2013,Sunny- clear- moderate wind slight chop- no significant rain for 7 weeks. 
09/02/2013,Sunny- recent rain 3" in past week
09/09/2013,Cloudy- light minor rain in past 12 hours- very light chop on water.
05/23/2014,Sunny- clear- calm water.
05/31/2014,Overcast- hazy partial sun- calm water
06/21/2014,Sunny- clear- slight chop
06/26/2014,Partly cloudy- slightly overcast- calm water
07/10/2014,Sunny- slight wind- slight chop
07/20/2014,Windy- sunny but very hazy- heavy chop
07/26/2014,Clear- sunny- slight breeze and chop on lake
08/12/2014,Sunny- clear- slight chop
08/23/2014,Cloudy with filtered sunlight- slight chop
08/27/2014,Clear- sunny- calm water
09/06/2014,sunny- clear- slight chop
09/13/2014,partly cloudy- windy- slight chop
05/23/2015,Sunny- slight breeze- slight chop
05/31/2015,Partly cloudy- slight breeze- slight chop
06/11/2015,cloudy with filtered sun- calm water
06/19/2015,Partly cloudy- hazy- slight chop on water- recent heavy rain on 6/17/15
06/23/2015,clear- sunny- slight wind from the west- pine pollen and small pieces of aquatic vegetation floating in water
07/05/2015,Very windy- wind 15 mph from SW- partly cloudy- hazy
07/14/2015,windy- sunny- moderate chop on lake
07/21/2015,partly cloudy- breezy- slight chop on the lake
08/06/2015,Partly cloudy- moderate breeze- slightly choppy lake
08/24/2015,Cloudy- overcast- windy- very choppy water. Recent heavy rains with 2" rain- recently very windy for 3 days with gusts to 40 mph
08/30/2015,clear- sunny- hazy- slight breeze and chop
09/07/2015,Clear- sunny- wind calm- 1.5" of rain in last 48 hours
09/15/2015,sunny- clear- windy
06/11/2016,Sunny- windy- lake very choppy- rain 24 hours ago
06/14/2016,overcast- slight chop on water- abundant pine pollen in water
06/28/2016,clear- calm- sunny
07/08/2016,Partly cloudy- light chop- recent rain
07/15/2016,Overcast- calm- 4 days after 10" rain storm
07/23/2016,Clear- sunny- slight breeze- 1.5" rain 2 days ago
07/31/2016,clear- sunny- light breeze- slight chop
08/10/2016,Partly cloudy- calm
08/16/2016,Partly cloudy- calm
08/23/2016,clear- windy- choppy conditions
08/30/2016,sunny- clear- calm
09/12/2016,sunny- clear- choppy- 3" rain in past week
09/18/2016,clear- sunny- slight breeze
10/01/2016,Partly cloudy- calm
05/31/2017,Sunny- clear- windy- lake was choppy
06/05/2017,clear- sunny- slight breeze- slight chop
07/08/2017,sunny- clear- slight breeze
07/11/2017,clear- sunny- very calm water
07/22/2017,Overcast- calm water
07/27/2017,Slight breeze- cloudy- ripple on water
08/06/2017,clear- sunny- calm
08/11/2017,clear- sunny- calm
09/06/2017,Cloudy- cool- slight breeze




Start Date,Group Name,Project Name
08/13/2000,Tess Radecke,Citizen Lake Monitoring - Water Quality - Bony Lake; Near Deep Hole
09/24/2000,Tess Radecke,Citizen Lake Monitoring - Water Quality - Bony Lake; Near Deep Hole
10/01/2000,Tess Radecke,Citizen Lake Monitoring - Water Quality - Bony Lake; Near Deep Hole
05/13/2001,Tess Radecke,Citizen Lake Monitoring - Water Quality - Bony Lake; Near Deep Hole
06/17/2001,Tess Radecke,Citizen Lake Monitoring - Water Quality - Bony Lake; Near Deep Hole
07/14/2001,Tess Radecke,Citizen Lake Monitoring - Water Quality - Bony Lake; Near Deep Hole
06/30/2002,Tess Radecke,Citizen Lake Monitoring - Water Quality - Bony Lake; Near Deep Hole
07/07/2002,Tess Radecke,Citizen Lake Monitoring - Water Quality - Bony Lake; Near Deep Hole
07/14/2002,Tess Radecke,Citizen Lake Monitoring - Water Quality - Bony Lake; Near Deep Hole
08/18/2002,Tess Radecke,Citizen Lake Monitoring - Water Quality - Bony Lake; Near Deep Hole
08/24/2002,Tess Radecke,Citizen Lake Monitoring - Water Quality - Bony Lake; Near Deep Hole
05/26/2003,Tess Radecke,Citizen Lake Monitoring - Water Quality - Bony Lake; Near Deep Hole
06/29/2003,Tess Radecke,Citizen Lake Monitoring - Water Quality - Bony Lake; Near Deep Hole
07/20/2003,Tess Radecke,Citizen Lake Monitoring - Water Quality - Bony Lake; Near Deep Hole
08/17/2003,Tess Radecke,Citizen Lake Monitoring - Water Quality - Bony Lake; Near Deep Hole
09/01/2003,Tess Radecke,Citizen Lake Monitoring - Water Quality - Bony Lake; Near Deep Hole
10/12/2003,Tess Radecke,Citizen Lake Monitoring - Water Quality - Bony Lake; Near Deep Hole
11/10/2005,Carol LeBreck,Citizen Lake Monitoring - Water Quality - Bony Lake; Near Deep Hole
05/02/2006,Jim Johnson,Citizen Lake Monitoring - Water Quality - Bony Lake; Near Deep Hole
06/24/2006,Jim Johnson,Citizen Lake Monitoring - Water Quality - Bony Lake; Near Deep Hole
06/26/2006,Jim Johnson,Citizen Lake Monitoring - Water Quality - Bony Lake; Near Deep Hole
07/24/2006,Jim Johnson,Citizen Lake Monitoring - Water Quality - Bony Lake; Near Deep Hole
07/28/2006,Jim Johnson,Citizen Lake Monitoring - Water Quality - Bony Lake; Near Deep Hole
08/20/2006,Jim Johnson,Citizen Lake Monitoring - Water Quality - Bony Lake; Near Deep Hole
08/23/2006,Jim Johnson,Citizen Lake Monitoring - Water Quality - Bony Lake; Near Deep Hole
08/30/2006,Jim Johnson,Citizen Lake Monitoring - Water Quality - Bony Lake; Near Deep Hole
09/13/2006,Jim Johnson,Citizen Lake Monitoring - Water Quality - Bony Lake; Near Deep Hole
09/26/2006,Jim Johnson,Citizen Lake Monitoring - Water Quality - Bony Lake; Near Deep Hole
10/02/2006,Jim Johnson,Citizen Lake Monitoring - Water Quality - Bony Lake; Near Deep Hole
05/09/2007,Rita and Jim Johnson,Citizen Lake Monitoring - Water Quality - Bony Lake; Near Deep Hole
05/21/2007,Rita and Jim Johnson,Citizen Lake Monitoring - Water Quality - Bony Lake; Near Deep Hole
06/29/2007,Rita and Jim Johnson,Citizen Lake Monitoring - Water Quality - Bony Lake; Near Deep Hole
07/20/2007,Rita and Jim Johnson,Citizen Lake Monitoring - Water Quality - Bony Lake; Near Deep Hole
07/24/2007,Rita and Jim Johnson,Citizen Lake Monitoring - Water Quality - Bony Lake; Near Deep Hole
08/10/2007,Jim Johnson,Citizen Lake Monitoring - Water Quality - Bony Lake; Near Deep Hole
08/22/2007,Rita and Jim Johnson,Citizen Lake Monitoring - Water Quality - Bony Lake; Near Deep Hole
09/26/2007,Jim Johnson,Citizen Lake Monitoring - Water Quality - Bony Lake; Near Deep Hole
05/27/2008,Jim Johnson,Citizen Lake Monitoring - Water Quality - Bony Lake; Near Deep Hole
05/27/2008,Rita and Jim Johnson,Citizen Lake Monitoring - Water Quality - Bony Lake; Near Deep Hole
06/25/2008,Rita and Jim Johnson,Citizen Lake Monitoring - Water Quality - Bony Lake; Near Deep Hole
06/30/2008,Rita and Jim Johnson,Citizen Lake Monitoring - Water Quality - Bony Lake; Near Deep Hole
07/01/2008,Rita and Jim Johnson,Citizen Lake Monitoring - Water Quality - Bony Lake; Near Deep Hole
07/19/2008,Rita and Jim Johnson,Citizen Lake Monitoring - Water Quality - Bony Lake; Near Deep Hole
07/22/2008,Rita and Jim Johnson,Citizen Lake Monitoring - Water Quality - Bony Lake; Near Deep Hole
08/10/2008,Rita and Jim Johnson,Citizen Lake Monitoring - Water Quality - Bony Lake; Near Deep Hole
08/25/2008,Rita and Jim Johnson,Citizen Lake Monitoring - Water Quality - Bony Lake; Near Deep Hole
08/25/2008,Rita and Jim Johnson,Citizen Lake Monitoring Network QA/QC - 2008
08/26/2008,Rita and Jim Johnson,Citizen Lake Monitoring - Water Quality - Bony Lake; Near Deep Hole
09/12/2008,Rita and Jim Johnson,Citizen Lake Monitoring - Water Quality - Bony Lake; Near Deep Hole
05/24/2009,Jim Johnson,Citizen Lake Monitoring - Water Quality - Bony Lake; Near Deep Hole
07/22/2009,Rita and Jim Johnson,Citizen Lake Monitoring - Water Quality - Bony Lake; Near Deep Hole
07/27/2009,Rita and Jim Johnson,Citizen Lake Monitoring - Water Quality - Bony Lake; Near Deep Hole
07/28/2009,Rita and Jim Johnson,Citizen Lake Monitoring - Water Quality - Bony Lake; Near Deep Hole
08/10/2009,Jim Johnson,Citizen Lake Monitoring - Water Quality - Bony Lake; Near Deep Hole
08/14/2009,Jim Johnson,Citizen Lake Monitoring - Water Quality - Bony Lake; Near Deep Hole
08/26/2009,Rita and Jim Johnson,Citizen Lake Monitoring - Water Quality - Bony Lake; Near Deep Hole
09/14/2009,Jim Johnson,Citizen Lake Monitoring - Water Quality - Bony Lake; Near Deep Hole
10/13/2009,Jim Johnson,Citizen Lake Monitoring - Water Quality - Bony Lake; Near Deep Hole
05/15/2010,Jim Johnson,Citizen Lake Monitoring - Water Quality - Bony Lake; Near Deep Hole
05/18/2010,Jim Johnson,Citizen Lake Monitoring - Water Quality - Bony Lake; Near Deep Hole
06/22/2010,Jim Johnson,Citizen Lake Monitoring - Water Quality - Bony Lake; Near Deep Hole
06/22/2010,Rita and Jim Johnson,Citizen Lake Monitoring - Water Quality - Bony Lake; Near Deep Hole
06/29/2010,Jim Johnson,Citizen Lake Monitoring - Water Quality - Bony Lake; Near Deep Hole
07/06/2010,Jim Johnson,Citizen Lake Monitoring - Water Quality - Bony Lake; Near Deep Hole
07/07/2010,Jim Johnson,Citizen Lake Monitoring - Water Quality - Bony Lake; Near Deep Hole
07/15/2010,Jim Johnson,Citizen Lake Monitoring - Water Quality - Bony Lake; Near Deep Hole
07/26/2010,Jim Johnson,Citizen Lake Monitoring - Water Quality - Bony Lake; Near Deep Hole
07/26/2010,Rita and Jim Johnson,Citizen Lake Monitoring - Water Quality - Bony Lake; Near Deep Hole
08/12/2010,Jim Johnson,Citizen Lake Monitoring - Water Quality - Bony Lake; Near Deep Hole
08/24/2010,Jim Johnson,Citizen Lake Monitoring - Water Quality - Bony Lake; Near Deep Hole
08/24/2010,Rita and Jim Johnson,Citizen Lake Monitoring - Water Quality - Bony Lake; Near Deep Hole
10/10/2010,Jim Johnson,Citizen Lake Monitoring - Water Quality - Bony Lake; Near Deep Hole
10/19/2010,Jim Johnson,Citizen Lake Monitoring - Water Quality - Bony Lake; Near Deep Hole
06/05/2012,Fred Haueter_0,Citizen Lake Monitoring - Water Quality - Bony Lake; Near Deep Hole
06/16/2012,Fred Haueter_0,Citizen Lake Monitoring - Water Quality - Bony Lake; Near Deep Hole
06/27/2012,Fred Haueter_0,Citizen Lake Monitoring - Water Quality - Bony Lake; Near Deep Hole
07/14/2012,Fred Haueter_0,Citizen Lake Monitoring - Water Quality - Bony Lake; Near Deep Hole
07/20/2012,Fred Haueter_0,Citizen Lake Monitoring - Water Quality - Bony Lake; Near Deep Hole
08/07/2012,Fred Haueter_0,Citizen Lake Monitoring - Water Quality - Bony Lake; Near Deep Hole
09/04/2012,Fred Haueter_0,Citizen Lake Monitoring - Water Quality - Bony Lake; Near Deep Hole
09/17/2012,Fred Haueter_0,Citizen Lake Monitoring - Water Quality - Bony Lake; Near Deep Hole
09/26/2012,Fred Haueter_0,Citizen Lake Monitoring - Water Quality - Bony Lake; Near Deep Hole
05/28/2013,Fred Haueter_0,Citizen Lake Monitoring - Water Quality - Bony Lake; Near Deep Hole
06/13/2013,Fred Haueter_0,Citizen Lake Monitoring - Water Quality - Bony Lake; Near Deep Hole
06/21/2013,Fred Haueter_0,Citizen Lake Monitoring - Water Quality - Bony Lake; Near Deep Hole
06/30/2013,Fred Haueter_0,Citizen Lake Monitoring - Water Quality - Bony Lake; Near Deep Hole
07/07/2013,Fred Haueter_0,Citizen Lake Monitoring - Water Quality - Bony Lake; Near Deep Hole
07/19/2013,Fred Haueter_0,Citizen Lake Monitoring - Water Quality - Bony Lake; Near Deep Hole
07/25/2013,Fred Haueter_0,Citizen Lake Monitoring - Water Quality - Bony Lake; Near Deep Hole
08/10/2013,Fred Haueter_0,Citizen Lake Monitoring - Water Quality - Bony Lake; Near Deep Hole
08/16/2013,Fred Haueter_0,Citizen Lake Monitoring - Water Quality - Bony Lake; Near Deep Hole
08/25/2013,Fred Haueter_0,Citizen Lake Monitoring - Water Quality - Bony Lake; Near Deep Hole
09/02/2013,Fred Haueter_0,Citizen Lake Monitoring - Water Quality - Bony Lake; Near Deep Hole
09/09/2013,Fred Haueter_0,Citizen Lake Monitoring - Water Quality - Bony Lake; Near Deep Hole
05/23/2014,Fred Haueter_0,Citizen Lake Monitoring - Water Quality - Bony Lake; Near Deep Hole
05/31/2014,Fred Haueter_0,Citizen Lake Monitoring - Water Quality - Bony Lake; Near Deep Hole
06/21/2014,Fred Haueter_0,Citizen Lake Monitoring - Water Quality - Bony Lake; Near Deep Hole
06/26/2014,Fred Haueter_0,Citizen Lake Monitoring - Water Quality - Bony Lake; Near Deep Hole
07/10/2014,Fred Haueter_0,Citizen Lake Monitoring - Water Quality - Bony Lake; Near Deep Hole
07/20/2014,Fred Haueter_0,Citizen Lake Monitoring - Water Quality - Bony Lake; Near Deep Hole
07/26/2014,Fred Haueter_0,Citizen Lake Monitoring - Water Quality - Bony Lake; Near Deep Hole
08/12/2014,Fred Haueter_0,Citizen Lake Monitoring - Water Quality - Bony Lake; Near Deep Hole
08/23/2014,Fred Haueter_0,Citizen Lake Monitoring - Water Quality - Bony Lake; Near Deep Hole
08/27/2014,Fred Haueter_0,Citizen Lake Monitoring - Water Quality - Bony Lake; Near Deep Hole
09/06/2014,Fred Haueter_0,Citizen Lake Monitoring - Water Quality - Bony Lake; Near Deep Hole
09/13/2014,Fred Haueter_0,Citizen Lake Monitoring - Water Quality - Bony Lake; Near Deep Hole
05/23/2015,Fred Haueter_0,Citizen Lake Monitoring - Water Quality - Bony Lake; Near Deep Hole
05/31/2015,Fred Haueter_0,Citizen Lake Monitoring - Water Quality - Bony Lake; Near Deep Hole
06/11/2015,Fred Haueter_0,Citizen Lake Monitoring - Water Quality - Bony Lake; Near Deep Hole
06/19/2015,Fred Haueter_0,Citizen Lake Monitoring - Water Quality - Bony Lake; Near Deep Hole
06/23/2015,Fred Haueter_0,Citizen Lake Monitoring - Water Quality - Bony Lake; Near Deep Hole
07/05/2015,Fred Haueter_0,Citizen Lake Monitoring - Water Quality - Bony Lake; Near Deep Hole
07/09/2015,Fred Haueter_0,Citizen Lake Monitoring - Water Quality - Bony Lake; Near Deep Hole
07/14/2015,Fred Haueter_0,Citizen Lake Monitoring - Water Quality - Bony Lake; Near Deep Hole
07/21/2015,Fred Haueter_0,Citizen Lake Monitoring - Water Quality - Bony Lake; Near Deep Hole
08/06/2015,Fred Haueter_0,Citizen Lake Monitoring - Water Quality - Bony Lake; Near Deep Hole
08/24/2015,Fred Haueter_0,Citizen Lake Monitoring - Water Quality - Bony Lake; Near Deep Hole
08/30/2015,Fred Haueter_0,Citizen Lake Monitoring - Water Quality - Bony Lake; Near Deep Hole
09/07/2015,Fred Haueter_0,Citizen Lake Monitoring - Water Quality - Bony Lake; Near Deep Hole
09/15/2015,Fred Haueter_0,Citizen Lake Monitoring - Water Quality - Bony Lake; Near Deep Hole
06/11/2016,Fred Haueter_0,Citizen Lake Monitoring - Water Quality - Bony Lake; Near Deep Hole
06/14/2016,Fred Haueter_0,Citizen Lake Monitoring - Water Quality - Bony Lake; Near Deep Hole
06/28/2016,Fred Haueter_0,Citizen Lake Monitoring - Water Quality - Bony Lake; Near Deep Hole
07/08/2016,Fred Haueter_0,Citizen Lake Monitoring - Water Quality - Bony Lake; Near Deep Hole
07/15/2016,Fred Haueter_0,Citizen Lake Monitoring - Water Quality - Bony Lake; Near Deep Hole
07/23/2016,Fred Haueter_0,Citizen Lake Monitoring - Water Quality - Bony Lake; Near Deep Hole
07/31/2016,Fred Haueter_0,Citizen Lake Monitoring - Water Quality - Bony Lake; Near Deep Hole
08/10/2016,Fred Haueter_0,Citizen Lake Monitoring - Water Quality - Bony Lake; Near Deep Hole
08/16/2016,Fred Haueter_0,Citizen Lake Monitoring - Water Quality - Bony Lake; Near Deep Hole
08/23/2016,Fred Haueter_0,Citizen Lake Monitoring - Water Quality - Bony Lake; Near Deep Hole
08/30/2016,Fred Haueter_0,Citizen Lake Monitoring - Water Quality - Bony Lake; Near Deep Hole
09/12/2016,Fred Haueter_0,Citizen Lake Monitoring - Water Quality - Bony Lake; Near Deep Hole
09/18/2016,Fred Haueter_0,Citizen Lake Monitoring - Water Quality - Bony Lake; Near Deep Hole
10/01/2016,Fred Haueter_0,Citizen Lake Monitoring - Water Quality - Bony Lake; Near Deep Hole
05/31/2017,Fred Haueter_0,Citizen Lake Monitoring - Water Quality - Bony Lake; Near Deep Hole
06/05/2017,Fred Haueter_0,Citizen Lake Monitoring - Water Quality - Bony Lake; Near Deep Hole
07/08/2017,Fred Haueter_0,Citizen Lake Monitoring - Water Quality - Bony Lake; Near Deep Hole
07/11/2017,Fred Haueter_0,Citizen Lake Monitoring - Water Quality - Bony Lake; Near Deep Hole
07/17/2017,Fred Haueter_0,Citizen Lake Monitoring - Water Quality - Bony Lake; Near Deep Hole
07/22/2017,Fred Haueter_0,Citizen Lake Monitoring - Water Quality - Bony Lake; Near Deep Hole
07/27/2017,Fred Haueter_0,Citizen Lake Monitoring - Water Quality - Bony Lake; Near Deep Hole
08/06/2017,Fred Haueter_0,Citizen Lake Monitoring - Water Quality - Bony Lake; Near Deep Hole
08/11/2017,Fred Haueter_0,Citizen Lake Monitoring - Water Quality - Bony Lake; Near Deep Hole
09/05/2017,Fred Haueter_0,Citizen Lake Monitoring - Water Quality - Bony Lake; Near Deep Hole
09/06/2017,Fred Haueter_0,Citizen Lake Monitoring - Water Quality - Bony Lake; Near Deep Hole
