Lake Water Quality Report - 1950 to 2017


Lake Name,County Name,Waterbody ID(WBIC),Region Code,County Code,Station Name,Station ID,Geo Region,Lake Type
Eagle Lake,Racine,759800,SE,52,,10029392,SE,DRAINAGE



Group Seq No, Start Date, Secchi (Feet),Secchi Hit Bottom?,Secchi (Meters),Chlorophyll(ug/l),Total Phosphorus(ug/l),Secchi TSI,Total Phosphorus TSI,Chlorophyll TSI,Lake Level,Staff Gauge,Appearance,Color,Perception
1,05/20/2016,,,,,,,,,,,,,
1,05/22/2016,,,,,,,,,,,,,
1,05/24/2016,,,,,,,,,,,,,
1,05/26/2016,,,,,,,,,,,,,
1,06/02/2016,,,,,,,,,,,,,
1,06/09/2016,,,,,,,,,,,,,
1,06/15/2016,,,,,,,,,,,,,



Start Date,Depth,Depth Units,Temperature,Temperature Units,Dissolved Oxygen,Dissolved Oxygen Units
05/20/2016,,,19.4,C,,
05/22/2016,,,17.8,C,,
05/24/2016,,,21.7,C,,
05/26/2016,,,22.2,C,,
06/02/2016,,,22.2,C,,
06/09/2016,,,21.1,C,,
06/15/2016,,,26.7,C,,



Start Date,Fieldwork Comment




Start Date,Group Name,Project Name
05/20/2016,Data Collectors,Herbicide Concentration Monitoring
05/22/2016,Data Collectors,Herbicide Concentration Monitoring
05/24/2016,Data Collectors,Herbicide Concentration Monitoring
05/26/2016,Data Collectors,Herbicide Concentration Monitoring
06/02/2016,Data Collectors,Herbicide Concentration Monitoring
06/09/2016,Data Collectors,Herbicide Concentration Monitoring
06/15/2016,Data Collectors,Herbicide Concentration Monitoring
