Lake Water Quality Report - 1950 to 2017


Lake Name,County Name,Waterbody ID(WBIC),Region Code,County Code,Station Name,Station ID,Geo Region,Lake Type
Flynn Lake,Bayfield,2902800,NO,4,,043078,NW,DRAINAGE



Group Seq No, Start Date, Secchi (Feet),Secchi Hit Bottom?,Secchi (Meters),Chlorophyll(ug/l),Total Phosphorus(ug/l),Secchi TSI,Total Phosphorus TSI,Chlorophyll TSI,Lake Level,Staff Gauge,Appearance,Color,Perception
1,08/01/1991,,,,2,9,,45,40,,,,,
8188492,10/04/2003,6.5,YES,2,,,50,,,LOW,,CLEAR,BLUE,2-Very minor aesthetic problems
8188492,06/30/2004,6.5,YES,2,,,50,,,HIGH,,CLEAR,BLUE,2-Very minor aesthetic problems
8188492,07/11/2004,6.5,YES,2,,,50,,,HIGH,,CLEAR,BLUE,2-Very minor aesthetic problems
8188492,07/19/2004,6.5,YES,2,,,50,,,HIGH,,CLEAR,BLUE,2-Very minor aesthetic problems
8188492,07/28/2004,6.5,YES,2,,,50,,,NORMAL,,CLEAR,BLUE,2-Very minor aesthetic problems
8188492,08/15/2004,6.5,YES,2,,,50,,,NORMAL,,CLEAR,BLUE,2-Very minor aesthetic problems
8188492,08/29/2004,6.5,YES,2,,,50,,,HIGH,,CLEAR,BLUE,2-Very minor aesthetic problems
8188492,09/23/2004,6.5,YES,2,,,50,,,NORMAL,,CLEAR,BLUE,2-Very minor aesthetic problems
18639535,04/25/2007,7.6,YES,2.3,4.27,15,48,49,46,,,,,
16073539,06/25/2007,7,YES,2.1,2.66,15,49,49,42,,,,,
21928803,07/24/2007,8,YES,2.4,2.67,13,47,48,42,,,,,
21928796,08/28/2007,8.7,YES,2.6,1.51,11,46,47,38,,,,,
18069694,11/08/2007,7.4,YES,2.2,8.76,12,48,47,51,,,,,
16073539,02/21/2008,6.5,YES,2,,10,50,46,,,,,,
29932702,05/31/2009,7,YES,2.1,,,49,,,NORMAL,,CLEAR,GREEN,5-Enjoyment substantially impaired (algae)
29932702,06/10/2009,7,YES,2.1,,,49,,,NORMAL,,CLEAR,GREEN,2-Very minor aesthetic problems
29932702,06/17/2009,7,YES,2.1,,,49,,,NORMAL,,CLEAR,GREEN,2-Very minor aesthetic problems
29932702,07/10/2009,7,YES,2.1,,,49,,,LOW,,CLEAR,GREEN,2-Very minor aesthetic problems
29932702,07/21/2009,7,YES,2.1,,,49,,,NORMAL,,CLEAR,GREEN,2-Very minor aesthetic problems
29932702,08/18/2009,7,YES,2.1,,,49,,,LOW,,CLEAR,GREEN,2-Very minor aesthetic problems
29932702,08/30/2009,7,YES,2.1,,,49,,,NORMAL,,CLEAR,GREEN,2-Very minor aesthetic problems
29932702,06/06/2010,7,YES,2.1,,,49,,,NORMAL,,CLEAR,GREEN,2-Very minor aesthetic problems
29932702,06/24/2010,7,YES,2.1,,,49,,,NORMAL,,CLEAR,GREEN,2-Very minor aesthetic problems
29932702,07/27/2010,7,YES,2.1,,,49,,,NORMAL,,CLEAR,GREEN,2-Very minor aesthetic problems
29932702,08/28/2010,7,YES,2.1,,,49,,,NORMAL,,CLEAR,GREEN,2-Very minor aesthetic problems
29932702,06/11/2011,7,YES,2.1,,,49,,,NORMAL,,CLEAR,GREEN,3-Enjoyment somewhat impaired (algae)
29932702,07/04/2011,6.5,YES,2,,,50,,,NORMAL,,CLEAR,GREEN,3-Enjoyment somewhat impaired (algae)
29932702,08/14/2011,7,YES,2.1,,,49,,,NORMAL,,CLEAR,GREEN,3-Enjoyment somewhat impaired (algae)
29932702,09/16/2011,7,YES,2.1,,,49,,,NORMAL,,MURKY,GREEN,3-Enjoyment somewhat impaired (algae)
29932702,05/31/2012,7,YES,2.1,,,49,,,NORMAL,,CLEAR,,1-Beautiful, could not be nicer
29932702,07/03/2012,7,YES,2.1,,,49,,,NORMAL,,CLEAR,GREEN,1-Beautiful, could not be nicer
29932702,08/04/2012,7,YES,2.1,,,49,,,NORMAL,,CLEAR,GREEN,2-Very minor aesthetic problems
29932702,08/27/2012,7,YES,2.1,,,49,,,NORMAL,,CLEAR,GREEN,2-Very minor aesthetic problems
29932702,06/01/2013,7,YES,2.1,,,49,,,NORMAL,,CLEAR,GREEN,1-Beautiful, could not be nicer
29932702,07/06/2013,7,YES,2.1,,,49,,,NORMAL,,CLEAR,GREEN,1-Beautiful, could not be nicer
29932702,08/01/2013,7,YES,2.1,,,49,,,NORMAL,,CLEAR,GREEN,1-Beautiful, could not be nicer
29932702,09/07/2013,7,NO,2.1,,,49,,,NORMAL,,CLEAR,GREEN,1-Beautiful, could not be nicer
29932702,05/28/2014,7,YES,2.1,,,49,,,NORMAL,,CLEAR,GREEN,1-Beautiful, could not be nicer
29932702,06/26/2014,7,YES,2.1,,,49,,,NORMAL,,CLEAR,GREEN,1-Beautiful, could not be nicer
29932702,07/22/2014,7,YES,2.1,,,49,,,NORMAL,,CLEAR,GREEN,1-Beautiful, could not be nicer
29932702,08/31/2014,7,YES,2.1,,,49,,,NORMAL,,CLEAR,GREEN,1-Beautiful, could not be nicer
29932702,05/30/2015,7,YES,2.1,,,49,,,NORMAL,,CLEAR,GREEN,1-Beautiful, could not be nicer
29932702,09/21/2015,7,YES,2.1,,,49,,,NORMAL,,CLEAR,GREEN,1-Beautiful, could not be nicer
29932702,06/02/2016,7,YES,2.1,,,49,,,NORMAL,,CLEAR,GREEN,1-Beautiful, could not be nicer
29932702,07/02/2016,,YES,,,,,,,NORMAL,,CLEAR,GREEN,1-Beautiful, could not be nicer
29932702,08/02/2016,7,,2.1,,,49,,,NORMAL,,CLEAR,GREEN,1-Beautiful, could not be nicer
29932702,09/02/2016,,YES,,,,,,,NORMAL,,CLEAR,GREEN,1-Beautiful, could not be nicer
1,06/07/2017,,,,,,,,,,,,,
1,06/09/2017,,,,,,,,,,,,,
1,06/11/2017,,,,,,,,,,,,,
132253999,06/12/2017,9,YES,2.7,,,45,,,NORMAL,,MURKY,GREEN,3-Enjoyment somewhat impaired (algae)
1,06/13/2017,,,,,,,,,,,,,
132253999,06/19/2017,9,YES,2.7,,,45,,,NORMAL,,CLEAR,YELLOW,2-Very minor aesthetic problems
1,06/20/2017,,,,,,,,,,,,,
1,06/27/2017,,,,,,,,,,,,,
132253999,06/27/2017,9,YES,2.7,,,45,,,NORMAL,,CLEAR,YELLOW,2-Very minor aesthetic problems
1,07/05/2017,,,,,,,,,,,,,
1,07/11/2017,,,,,,,,,,,,,
132253999,09/21/2017,9,YES,2.7,,,45,,,NORMAL,,CLEAR,BLUE,2-Very minor aesthetic problems



Start Date,Depth,Depth Units,Temperature,Temperature Units,Dissolved Oxygen,Dissolved Oxygen Units
08/01/1991,,,21.8,C,9.4,MG/L
04/25/2007,,,13.1,C,11.3,MG/L
06/25/2007,,,25.9,C,10.9,MG/L
07/24/2007,,,24.6,C,10.4,MG/L
08/28/2007,,,22.3,C,9.7,MG/L
11/08/2007,,,3.3,C,12.3,MG/L
06/07/2017,,,20.9,C,,
06/09/2017,,,22.4,C,,
06/11/2017,,,22.4,C,,
06/13/2017,,,22.6,C,,
06/20/2017,,,22.8,C,,
06/27/2017,,,21.3,C,,
07/05/2017,,,23.6,C,,
07/11/2017,,,25.1,C,,



Start Date,Fieldwork Comment
10/04/2003,Partly cloudy- secchi went to bottom.  Weed growth dying.    
06/30/2004,Partly cloudy    
07/11/2004,Partly cloudy    
07/19/2004,Partly cloudy    
07/28/2004,Partly Sunny    
08/15/2004,Partly sunny    
08/29/2004,Overcast    
05/31/2009,Sunny- light breeze- no precip for 2 mo. prior- eagles roost in pine tree above my dock- no loons seen. Disk gone in muck after 7 ft. 
06/10/2009,Disk in muck after 7ft. 
07/10/2009,No water flowing out of Flynn spillway. Lowest water level I've seen 
07/21/2009, Partly cloudy- light breeze.. Precip in last 2wks: 1 3/4in. Storm-7-15-09- w/ sustained gusts 25-35 mph. Wind direction came from SE.  
08/30/2009,Lake level in Flynn back to normal 
06/06/2010,Partly cloudy- temp-72- Suspended matter. tree pollen
06/24/2010,Reduced suspended matter. Rained 2.5" since 6/03. See Eagle Lake comments for more details 
07/27/2010,See Eagle Lk for detailed comments 
08/28/2010,Slight breeze- Temp-73- minimum suspended matter- See Eagle Lk. report for other comments. 
06/11/2011,Water Temp 71 degrees  Some suspended matter.- Sunny- windy 
07/04/2011,water temp 77   Less suspended matter. 
08/14/2011,Water temp 76  Lg. am't of rain lately 
09/16/2011,water temp 63   water is cloudy today.  Sunny/light breeze 
06/01/2013,Sunny- calm- Water temp-65
07/06/2013,Sunny- windy Water Temp-74
08/01/2013,Sunny- Windy- Water temp-70
05/28/2014,Sunny.
06/26/2014,Sunny. 
07/22/2014,Sunny. 
08/31/2014,Sunny. 
05/30/2015,sunny sunny sunny sunny 
09/21/2015,sunny
06/19/2017,partly cloudy light wind
06/27/2017,mostly sunny.  light wind
09/21/2017,warm- sunny and breezy




Start Date,Group Name,Project Name
08/01/1991,Data Collectors,LAKE EVALUATION
10/04/2003,Charles Olson,Citizen Lake Monitoring - Water Quality - Flynn Lake (T46Nr08Ws03); Deep Hole
06/30/2004,Charles Olson,Citizen Lake Monitoring - Water Quality - Flynn Lake (T46Nr08Ws03); Deep Hole
07/11/2004,Charles Olson,Citizen Lake Monitoring - Water Quality - Flynn Lake (T46Nr08Ws03); Deep Hole
07/19/2004,Charles Olson,Citizen Lake Monitoring - Water Quality - Flynn Lake (T46Nr08Ws03); Deep Hole
07/28/2004,Charles Olson,Citizen Lake Monitoring - Water Quality - Flynn Lake (T46Nr08Ws03); Deep Hole
08/15/2004,Charles Olson,Citizen Lake Monitoring - Water Quality - Flynn Lake (T46Nr08Ws03); Deep Hole
08/29/2004,Charles Olson,Citizen Lake Monitoring - Water Quality - Flynn Lake (T46Nr08Ws03); Deep Hole
09/23/2004,Charles Olson,Citizen Lake Monitoring - Water Quality - Flynn Lake (T46Nr08Ws03); Deep Hole
04/25/2007,Tim Hoyman and Eddie Heath - Onterra- LLC,IRON RIVER PIKE CHAIN OF LAKES ASSOCIATION: Pike Chain of Lakes-Management Planning Project-Flynn Lake-#7
06/25/2007,Tim Hoyman - Onterra- LLC,IRON RIVER PIKE CHAIN OF LAKES ASSOCIATION: Pike Chain of Lakes-Management Planning Project-Flynn Lake-#7
07/24/2007,Brenton Butterfield and Craig Stettner - Onterra- LLC,IRON RIVER PIKE CHAIN OF LAKES ASSOCIATION: Pike Chain of Lakes-Management Planning Project-Flynn Lake-#7
08/28/2007,Brenton Butterfield - Onterra- LLC,IRON RIVER PIKE CHAIN OF LAKES ASSOCIATION: Pike Chain of Lakes-Management Planning Project-Flynn Lake-#7
11/08/2007,Eddie Heath - Onterra- LLC,IRON RIVER PIKE CHAIN OF LAKES ASSOCIATION: Pike Chain of Lakes-Management Planning Project-Flynn Lake-#7
02/21/2008,Tim Hoyman - Onterra- LLC,IRON RIVER PIKE CHAIN OF LAKES ASSOCIATION: Pike Chain of Lakes-Management Planning Project-Flynn Lake-#7
05/31/2009,John Bochler,Citizen Lake Monitoring - Water Quality - Flynn Lake (T46Nr08Ws03); Deep Hole
06/10/2009,John Bochler,Citizen Lake Monitoring - Water Quality - Flynn Lake (T46Nr08Ws03); Deep Hole
06/17/2009,John Bochler,Citizen Lake Monitoring - Water Quality - Flynn Lake (T46Nr08Ws03); Deep Hole
07/10/2009,John Bochler,Citizen Lake Monitoring - Water Quality - Flynn Lake (T46Nr08Ws03); Deep Hole
07/21/2009,John Bochler,Citizen Lake Monitoring - Water Quality - Flynn Lake (T46Nr08Ws03); Deep Hole
08/18/2009,John Bochler,Citizen Lake Monitoring - Water Quality - Flynn Lake (T46Nr08Ws03); Deep Hole
08/30/2009,John Bochler,Citizen Lake Monitoring - Water Quality - Flynn Lake (T46Nr08Ws03); Deep Hole
06/06/2010,John Bochler,Citizen Lake Monitoring - Water Quality - Flynn Lake (T46Nr08Ws03); Deep Hole
06/24/2010,John Bochler,Citizen Lake Monitoring - Water Quality - Flynn Lake (T46Nr08Ws03); Deep Hole
07/27/2010,John Bochler,Citizen Lake Monitoring - Water Quality - Flynn Lake (T46Nr08Ws03); Deep Hole
08/28/2010,John Bochler,Citizen Lake Monitoring - Water Quality - Flynn Lake (T46Nr08Ws03); Deep Hole
06/11/2011,John Bochler,Citizen Lake Monitoring - Water Quality - Flynn Lake (T46Nr08Ws03); Deep Hole
07/04/2011,John Bochler,Citizen Lake Monitoring - Water Quality - Flynn Lake (T46Nr08Ws03); Deep Hole
08/14/2011,John Bochler,Citizen Lake Monitoring - Water Quality - Flynn Lake (T46Nr08Ws03); Deep Hole
09/16/2011,John Bochler,Citizen Lake Monitoring - Water Quality - Flynn Lake (T46Nr08Ws03); Deep Hole
05/31/2012,John Bochler,Citizen Lake Monitoring - Water Quality - Flynn Lake (T46Nr08Ws03); Deep Hole
07/03/2012,John Bochler,Citizen Lake Monitoring - Water Quality - Flynn Lake (T46Nr08Ws03); Deep Hole
08/04/2012,John Bochler,Citizen Lake Monitoring - Water Quality - Flynn Lake (T46Nr08Ws03); Deep Hole
08/27/2012,John Bochler,Citizen Lake Monitoring - Water Quality - Flynn Lake (T46Nr08Ws03); Deep Hole
06/01/2013,John Bochler,Citizen Lake Monitoring - Water Quality - Flynn Lake (T46Nr08Ws03); Deep Hole
07/06/2013,John Bochler,Citizen Lake Monitoring - Water Quality - Flynn Lake (T46Nr08Ws03); Deep Hole
08/01/2013,John Bochler,Citizen Lake Monitoring - Water Quality - Flynn Lake (T46Nr08Ws03); Deep Hole
09/07/2013,John Bochler,Citizen Lake Monitoring - Water Quality - Flynn Lake (T46Nr08Ws03); Deep Hole
05/28/2014,John Bochler,Citizen Lake Monitoring - Water Quality - Flynn Lake (T46Nr08Ws03); Deep Hole
06/26/2014,John Bochler,Citizen Lake Monitoring - Water Quality - Flynn Lake (T46Nr08Ws03); Deep Hole
07/22/2014,John Bochler,Citizen Lake Monitoring - Water Quality - Flynn Lake (T46Nr08Ws03); Deep Hole
08/31/2014,John Bochler,Citizen Lake Monitoring - Water Quality - Flynn Lake (T46Nr08Ws03); Deep Hole
05/30/2015,John Bochler,Citizen Lake Monitoring - Water Quality - Flynn Lake (T46Nr08Ws03); Deep Hole
09/21/2015,John Bochler,Citizen Lake Monitoring - Water Quality - Flynn Lake (T46Nr08Ws03); Deep Hole
06/02/2016,John Bochler,Citizen Lake Monitoring - Water Quality - Flynn Lake (T46Nr08Ws03); Deep Hole
07/02/2016,John Bochler,Citizen Lake Monitoring - Water Quality - Flynn Lake (T46Nr08Ws03); Deep Hole
08/02/2016,John Bochler,Citizen Lake Monitoring - Water Quality - Flynn Lake (T46Nr08Ws03); Deep Hole
09/02/2016,John Bochler,Citizen Lake Monitoring - Water Quality - Flynn Lake (T46Nr08Ws03); Deep Hole
06/07/2017,Data Collectors,Herbicide Concentration Monitoring
06/09/2017,Data Collectors,Herbicide Concentration Monitoring
06/11/2017,Data Collectors,Herbicide Concentration Monitoring
06/12/2017,Gary Hagstrom,Citizen Lake Monitoring - Water Quality - Flynn Lake (T46Nr08Ws03); Deep Hole
06/13/2017,Data Collectors,Herbicide Concentration Monitoring
06/19/2017,Gary Hagstrom,Citizen Lake Monitoring - Water Quality - Flynn Lake (T46Nr08Ws03); Deep Hole
06/20/2017,Data Collectors,Herbicide Concentration Monitoring
06/27/2017,Data Collectors,Herbicide Concentration Monitoring
06/27/2017,Gary Hagstrom,Citizen Lake Monitoring - Water Quality - Flynn Lake (T46Nr08Ws03); Deep Hole
07/05/2017,Data Collectors,Herbicide Concentration Monitoring
07/11/2017,Data Collectors,Herbicide Concentration Monitoring
09/21/2017,Gary Hagstrom,Citizen Lake Monitoring - Water Quality - Flynn Lake (T46Nr08Ws03); Deep Hole
