Lake Water Quality Report - 1950 to 2017


Lake Name,County Name,Waterbody ID(WBIC),Region Code,County Code,Station Name,Station ID,Geo Region,Lake Type
Unnamed,Vilas,2317100,NO,64,,10012273,NE,



Group Seq No, Start Date, Secchi (Feet),Secchi Hit Bottom?,Secchi (Meters),Chlorophyll(ug/l),Total Phosphorus(ug/l),Secchi TSI,Total Phosphorus TSI,Chlorophyll TSI,Lake Level,Staff Gauge,Appearance,Color,Perception
7000057,04/28/2006,,,,,,,,,,,,,
7000057,05/16/2006,,,,,,,,,,,,,
7000057,08/07/2006,,,,,,,,,,,,,
7000057,07/20/2016,,,,,,,,,,,,,
7000057,08/30/2016,,,,,,,,,,,,,
7000057,09/21/2016,,,,,,,,,,,,,
7000056,10/19/2016,,,,,,,,,,,,,
7000056,11/09/2016,,,,,64.1,,60,,,,,,
7000056,04/19/2017,,,,,,,,,,,,,
7000056,05/11/2017,,,,,,,,,,,,,
7000056,05/24/2017,,,,,,,,,,,,,
8190243,06/12/2017,,,,,,,,,,,,,
8190243,06/28/2017,,,,,,,,,,,,,
8190243,07/11/2017,,,,,,,,,,,,,
8190243,07/25/2017,,,,,,,,,,,,,
8190243,08/09/2017,,,,,,,,,,,,,
8190243,08/23/2017,,,,,,,,,,,,,
8190243,09/12/2017,,,,,,,,,,,,,



Start Date,Depth,Depth Units,Temperature,Temperature Units,Dissolved Oxygen,Dissolved Oxygen Units
04/28/2006,,,13.3,C,8.9,MG/L
05/16/2006,,,11.9,C,9.7,MG/L
08/07/2006,,,20.2,C,3.2,MG/L
07/20/2016,,,21.9,C,1.3,MG/L
08/30/2016,,,19.4,C,0.3,MG/L
09/21/2016,,,17.0,C,5.6,MG/L
10/19/2016,,,11.5,C,7.3,MG/L
11/09/2016,,,6.7,C,10.0,MG/L
04/19/2017,,,8.0,C,9.88,MG/L
05/11/2017,,,13.3,C,7.35,MG/L
05/24/2017,,,11.2,C,9.2,MG/L
06/12/2017,,,18.8,C,3.31,MG/L
06/28/2017,,,18.4,C,7.70,MG/L
07/11/2017,,,20.5,C,2.90,MG/L
07/25/2017,,,21.8,C,7.58,MG/L
08/09/2017,,,,,3.26,MG/L
08/23/2017,,,18.7,C,4.65,MG/L
09/12/2017,,,19.56,C,7.92,MG/L



Start Date,Fieldwork Comment
04/28/2006,MAIN POOL- ABOVE CONTROL STRUCTURE    
05/16/2006,MAIN POOL- ABOVE CONTROL STRUCTURE    
08/07/2006,MAIN POOL  ABOVE CONTROL STRUCTURE    




Start Date,Group Name,Project Name
04/28/2006,JAMES KREITLOW,Response Monitoring
05/16/2006,JAMES KREITLOW,Response Monitoring
08/07/2006,JAMES KREITLOW,Powell Marsh 2007
07/20/2016,JAMES KREITLOW,Phosphorus Monitoring- Powell Marsh - North_4_CMP16
08/30/2016,JAMES KREITLOW,Phosphorus Monitoring- Powell Marsh - North_4_CMP16
09/21/2016,JAMES KREITLOW,Phosphorus Monitoring- Powell Marsh - North_4_CMP16
10/19/2016,JAMES KLOSIEWSKI,Phosphorus Monitoring- Powell Marsh - North_4_CMP16
11/09/2016,JAMES KLOSIEWSKI,Phosphorus Monitoring- Powell Marsh - North_4_CMP16
04/19/2017,JAMES KLOSIEWSKI,Phosphorus Monitoring- Powell Marsh - North_4_CMP16
05/11/2017,JAMES KLOSIEWSKI,Phosphorus Monitoring- Powell Marsh - North_4_CMP16
05/24/2017,JAMES KLOSIEWSKI,Phosphorus Monitoring- Powell Marsh - North_4_CMP16
06/12/2017,Dan Helsel,Phosphorus Monitoring- Powell Marsh - North_4_CMP16
06/28/2017,Dan Helsel,Phosphorus Monitoring- Powell Marsh - North_4_CMP16
07/11/2017,Dan Helsel,Phosphorus Monitoring- Powell Marsh - North_4_CMP16
07/25/2017,Dan Helsel,Phosphorus Monitoring- Powell Marsh - North_4_CMP16
08/09/2017,Dan Helsel,Phosphorus Monitoring- Powell Marsh - North_4_CMP16
08/23/2017,Dan Helsel,Phosphorus Monitoring- Powell Marsh - North_4_CMP16
09/12/2017,Dan Helsel,Phosphorus Monitoring- Powell Marsh - North_4_CMP16
