Lake Water Quality Report - 1950 to 2017


Lake Name,County Name,Waterbody ID(WBIC),Region Code,County Code,Station Name,Station ID,Geo Region,Lake Type
Round Lake,Chippewa,2169200,WC,9,,093070,NW,SEEPAGE



Group Seq No, Start Date, Secchi (Feet),Secchi Hit Bottom?,Secchi (Meters),Chlorophyll(ug/l),Total Phosphorus(ug/l),Secchi TSI,Total Phosphorus TSI,Chlorophyll TSI,Lake Level,Staff Gauge,Appearance,Color,Perception
8190979,07/24/1986,6,NO,1.8,,,51,,,,,CLEAR,,
8190825,07/28/1986,6,NO,1.8,,,51,,,HIGH,,,BROWN,1-Beautiful, could not be nicer
8190825,08/19/1986,5,NO,1.5,,,54,,,,,CLEAR,BLUE,1-Beautiful, could not be nicer
8190825,08/29/1986,6,NO,1.8,,,51,,,HIGH,,CLEAR,BLUE,2-Very minor aesthetic problems
8190825,09/12/1986,7,NO,2.1,,,49,,,NORMAL,,CLEAR,BLUE,4-Would not swim but boating OK (algae)
8190825,09/24/1986,6.5,NO,2,,,50,,,NORM/HIGH,,CLEAR,BLUE,3-Enjoyment somewhat impaired (algae)
8190825,10/01/1986,6.5,NO,2,,,50,,,,,CLEAR,BLUE,1-Beautiful, could not be nicer
8190825,06/12/1987,5,NO,1.5,,,54,,,HIGH,,,SLIGHT GREEN,3-Enjoyment somewhat impaired (algae)
8190825,06/20/1987,6,NO,1.8,,,51,,,HIGH,,CLEAR,BLUE,3-Enjoyment somewhat impaired (algae)
8190825,06/29/1987,6,NO,1.8,,,51,,,,,,SPOTTY GREEN,2-Very minor aesthetic problems
8190825,06/30/1987,7,NO,2.1,,,49,,,,,,SPOTTY GREEN,3-Enjoyment somewhat impaired (algae)
8190825,07/01/1987,9,NO,2.7,,,45,,,,,CLEAR,BLUE,
8190825,07/02/1987,8,NO,2.4,,,47,,,,,CLEAR,BLUE,
8190825,07/03/1987,7.5,NO,2.3,,,48,,,,,CLEAR,BLUE,
8190825,07/10/1987,8,YES,2.4,,,47,,,,,CLEAR,BLUE,
8190825,07/12/1987,7.5,NO,2.3,,,48,,,,,CLEAR,BLUE,
8190825,07/18/1987,7.5,NO,2.3,,,48,,,,,CLEAR,BLUE,
8190825,07/19/1987,6.5,NO,2,,,50,,,,,CLEAR,BLUE,
8190825,07/26/1987,5.5,NO,1.7,,,53,,,,,CLEAR,BLUE,
8190825,08/07/1987,6.5,NO,2,,,50,,,,,CLEAR,BLUE,
8190825,08/15/1987,6.25,NO,1.9,,,51,,,,,CLEAR,BLUE,
8190825,08/21/1987,6,NO,1.8,,,51,,,,,CLEAR,BLUE,
8190825,08/28/1987,7,NO,2.1,,,49,,,,,,BROWN,
8190825,09/04/1987,6.25,NO,1.9,,,51,,,,,,BROWN,
8190825,09/22/1987,7.5,NO,2.3,,,48,,,,,CLEAR,BLUE,
8190825,09/28/1987,8,NO,2.4,,,47,,,,,CLEAR,BLUE,
8190825,10/07/1987,9,NO,2.7,,,45,,,,,CLEAR,BLUE,
8190825,05/30/1988,6,NO,1.8,,,51,,,,,,BROWN,
8190825,06/12/1988,6,NO,1.8,,,51,,,DOWN 9" SINCE FALL,,CLEAR,BLUE,
8190825,06/13/1988,5,NO,1.5,,,54,,,,,,BROWN,
8190825,06/19/1988,4.5,NO,1.4,,,55,,,,,,GREENISH/BR.,
8190825,06/20/1988,4,NO,1.2,,,57,,,,,,GREENISH/BR.BROWN,1-Beautiful, could not be nicer
8190825,06/27/1988,5.5,NO,1.7,,,53,,,,,CLEAR,BLUE,1-Beautiful, could not be nicer
8190825,07/01/1988,5.5,NO,1.7,,,53,,,,,CLEAR,BROWN SPECKS,
8190825,07/17/1988,5,NO,1.5,,,54,,,,,CLEAR,BLUE,1-Beautiful, could not be nicer
1,07/21/1988,,,,11,18,,51,53,,,,,
8190825,07/22/1988,6,NO,1.8,,,51,,,,,CLEAR,BLUE,1-Beautiful, could not be nicer
8190825,07/28/1988,5,NO,1.5,,,54,,,,,CLEAR,BLUE,1-Beautiful, could not be nicer
8190825,08/03/1988,5,NO,1.5,,,54,,,,,CLEAR,BLUE,1-Beautiful, could not be nicer
8190825,08/12/1988,5.5,NO,1.7,,,53,,,DOWN!,,CLEAR,BROWN,1-Beautiful, could not be nicer
8190825,08/17/1988,4,NO,1.2,,,57,,,,,CLEAR,BROWN,1-Beautiful, could not be nicer
8190825,08/23/1988,4,NO,1.2,,,57,,,DOWN 22",,CLEAR,BROWN,1-Beautiful, could not be nicer
1,08/31/1988,,,,15,24,,53,55,,,,,
8190825,08/31/1988,5,NO,1.5,,,54,,,,,CLEAR,BLUE,1-Beautiful, could not be nicer
8190825,09/11/1988,4,NO,1.2,,,57,,,DOWN 24" FROM LAST FALL,,CLEAR,BLUE,1-Beautiful, could not be nicer
8190825,09/15/1988,4,NO,1.2,,,57,,,,,CLEAR,BLUE,1-Beautiful, could not be nicer
8190825,09/22/1988,5.5,NO,1.7,,,53,,,,,CLEAR,BLUE,1-Beautiful, could not be nicer
8190825,10/14/1988,6.5,NO,2,,,50,,,,,CLEAR,BLUE,1-Beautiful, could not be nicer
1,03/21/1989,,,,5,,,,47,,,,,
1,05/04/1989,,,,10,26,,53,52,,,,,
8190825,06/01/1989,4.5,NO,1.4,,,55,,,,,CLEAR,BLUE,1-Beautiful, could not be nicer
8190825,06/08/1989,5,NO,1.5,,,54,,,,,CLEAR,BLUE,1-Beautiful, could not be nicer
1,06/13/1989,5.7,,1.75,12,31,52,55,54,,,,,
8190825,06/15/1989,5,NO,1.5,,,54,,,,,CLEAR,BLUE,1-Beautiful, could not be nicer
8190825,06/22/1989,5.5,NO,1.7,,,53,,,,,CLEAR,BLUE,1-Beautiful, could not be nicer
8190825,07/01/1989,5,NO,1.5,,,54,,,,,CLEAR,BLUE,1-Beautiful, could not be nicer
8190825,07/07/1989,6,NO,1.8,,,51,,,,,CLEAR,BLUE,1-Beautiful, could not be nicer
8190825,07/11/1989,5,NO,1.5,,,54,,,,,CLEAR,BLUE,1-Beautiful, could not be nicer
8190825,07/17/1989,4.5,NO,1.4,,,55,,,,,CLEAR,BLUE,1-Beautiful, could not be nicer
8190825,07/24/1989,5.5,NO,1.7,,,53,,,,,CLEAR,BLUE,1-Beautiful, could not be nicer
8190825,07/31/1989,4.5,NO,1.4,,,55,,,,,,BROWNISH,1-Beautiful, could not be nicer
8190825,08/14/1989,3,NO,0.9,,,61,,,,,,BROWNISH,1-Beautiful, could not be nicer
1,08/17/1989,4.3,,1.3,14,18,56,51,55,,,,,
8190825,08/19/1989,4,NO,1.2,,,57,,,,,,BROWNISH,1-Beautiful, could not be nicer
8190825,08/25/1989,4,NO,1.2,,,57,,,,,,BROWNISH,1-Beautiful, could not be nicer
8190825,08/30/1989,4,NO,1.2,,,57,,,IMPROVING,,,BROWN,1-Beautiful, could not be nicer
8190825,09/02/1989,4,NO,1.2,,,57,,,,,,BROWN,1-Beautiful, could not be nicer
8190825,09/08/1989,4,NO,1.2,,,57,,,,,,BROWN,1-Beautiful, could not be nicer
8190825,09/17/1989,5,NO,1.5,,,54,,,,,,BROWN,1-Beautiful, could not be nicer
8190825,09/22/1989,5,NO,1.5,,,54,,,,,,BROWN,1-Beautiful, could not be nicer
8190825,09/27/1989,4,NO,1.2,,,57,,,,,,LT.BROWNISH,1-Beautiful, could not be nicer
8190825,10/13/1989,4.5,NO,1.4,,,55,,,,,,BROWN,1-Beautiful, could not be nicer
1,02/20/1990,,,,13,19,,51,54,,,,,
1,05/15/1990,5.6,,1.7,9,,52,,51,,,,,
8190825,06/01/1990,6.5,NO,2,,,50,,,,,CLEAR,BLUE,
8190825,06/07/1990,6,NO,1.8,,,51,,,,,CLEAR,BLUE,
8190825,06/14/1990,5.75,NO,1.7,,,52,,,,,,BROWN,1-Beautiful, could not be nicer
1,06/20/1990,4.9,,1.5,20,,54,,57,,,,,
8190825,06/25/1990,5,NO,1.5,,,54,,,,,,BROWN,1-Beautiful, could not be nicer
8190825,06/29/1990,6,NO,1.8,,,51,,,,,,BROWN,1-Beautiful, could not be nicer
8190825,07/09/1990,6,NO,1.8,,,51,,,NORMAL,,,LITE BROWN,1-Beautiful, could not be nicer
8190825,07/13/1990,7,NO,2.1,,,49,,,,,,,1-Beautiful, could not be nicer
1,07/18/1990,,,,10,20,,51,52,,,,,
8190825,07/20/1990,6.5,NO,2,,,50,,,,,,LIGHT BROWN,
8190825,07/28/1990,6,NO,1.8,,,51,,,,,,LIGHT BROWN,1-Beautiful, could not be nicer
1,08/15/1990,5.9,,1.8,13,,52,,54,,,,,
8190825,08/20/1990,6,NO,1.8,,,51,,,,,,LIGHT GREEN,1-Beautiful, could not be nicer
8190825,08/24/1990,5,NO,1.5,,,54,,,,,,LIGHT BROWN,1-Beautiful, could not be nicer
8190825,08/28/1990,5,NO,1.5,,,54,,,,,,LIGHT BROWN,1-Beautiful, could not be nicer
8190825,09/01/1990,6,NO,1.8,,,51,,,,,,LIGHT BROWN,1-Beautiful, could not be nicer
8190825,09/06/1990,8,NO,2.4,,,47,,,,,CLEAR,,1-Beautiful, could not be nicer
8190825,09/09/1990,7,NO,2.1,,,49,,,,,CLEAR,,1-Beautiful, could not be nicer
8190825,09/14/1990,6,NO,1.8,,,51,,,,,CLEAR,,1-Beautiful, could not be nicer
8190825,09/20/1990,6,NO,1.8,,,51,,,,,CLEAR,,1-Beautiful, could not be nicer
8190825,09/25/1990,7,NO,2.1,,,49,,,,,CLEAR,,1-Beautiful, could not be nicer
8190825,09/30/1990,6.5,NO,2,,,50,,,,,CLEAR,,1-Beautiful, could not be nicer
8190825,10/13/1990,8,NO,2.4,,,47,,,,,CLEAR,,1-Beautiful, could not be nicer
7000104,10/15/1990,,,,,,,,,,,,,
1,03/20/1991,,,,2.28,18,,51,41,,,,,
1,04/22/1991,,,,4,15,,49,45,,,,,
8190825,06/03/1991,5,NO,1.5,,,54,,,,,,TEA BROWN,1-Beautiful, could not be nicer
8190825,06/11/1991,5,NO,1.5,,,54,,,,,,TEA BROWN,1-Beautiful, could not be nicer
8190825,06/20/1991,4.5,NO,1.4,,,55,,,,,,TEA BROWN,1-Beautiful, could not be nicer
1,06/26/1991,6.2,,1.9,16,20,51,51,56,,,,,
8190825,06/28/1991,4,NO,1.2,,,57,,,,,,TEA BROWN,1-Beautiful, could not be nicer
8190825,07/03/1991,5,NO,1.5,,,54,,,,,,TEA BROWN,1-Beautiful, could not be nicer
8190825,07/08/1991,6,NO,1.8,,,51,,,,,,TEA BROWN,1-Beautiful, could not be nicer
8190825,07/22/1991,6.5,NO,2,,,50,,,,,,TEA BROWN,1-Beautiful, could not be nicer
8190825,07/28/1991,6,NO,1.8,,,51,,,,,,TEA BROWN,1-Beautiful, could not be nicer
1,07/31/1991,5.6,,1.7,10,20,52,51,52,,,,,
8190825,08/06/1991,6,NO,1.8,,,51,,,,,,TEA BROWN,1-Beautiful, could not be nicer
8190825,08/14/1991,7,NO,2.1,,,49,,,,,,TEA BROWN,1-Beautiful, could not be nicer
8190825,08/21/1991,6.5,NO,2,,,50,,,,,,TEA BROWN,1-Beautiful, could not be nicer
8190825,08/26/1991,6.5,NO,2,,,50,,,,,,TEA BROWN,1-Beautiful, could not be nicer
8190825,08/30/1991,7,NO,2.1,,,49,,,DOWN 10",,,LT TEA BROWN,1-Beautiful, could not be nicer
1,09/09/1991,5.9,,1.8,16,17,52,50,56,,,,,
8190825,09/26/1991,7,NO,2.1,,,49,,,,,,LT TEA,1-Beautiful, could not be nicer
8190825,09/30/1991,6.5,NO,2,,,50,,,,,,TEA BROWN,1-Beautiful, could not be nicer
1,07/02/1992,6.6,,2,16,23,50,52,56,,,,,
1,07/28/1992,5.2,,1.6,11.8,30,53,54,53,,,,,
1,07/30/1992,6.2,,1.9,10.5,16,51,50,53,,,,,
1,08/06/1992,5.6,,1.7,12.9,20,52,51,54,,,,,
1,08/26/1992,5.9,,1.8,23.4,24,52,53,59,,,,,
1,10/28/1992,7.2,,2.2,7.52,17,49,50,50,,,,,
1,03/01/1993,,,,4.55,12,,47,46,,,,,
1,04/29/1993,8.5,,2.6,9.8,19,46,51,52,,,,,
1,06/10/1993,,,,8.56,28,,54,51,,,,,
1,07/08/1993,4.6,,1.4,22.2,31,55,55,58,,,,,
1,08/12/1993,2.3,,0.7,71,31,65,55,67,,,,,
1,11/01/1993,8.2,,2.5,18.3,14,47,49,57,,,,,
1,03/01/1994,,,,2.39,13,,48,41,,,,,
8190021,05/24/1994,7.75,NO,2.4,,,48,,,,,,BROWN,2-Very minor aesthetic problems
8190021,06/01/1994,7,NO,2.1,,,49,,,HIGH,,,BROWN,2-Very minor aesthetic problems
8190021,06/08/1994,6.5,NO,2,,,50,,,HIGH,,,BROWN,2-Very minor aesthetic problems
8190021,06/15/1994,4.75,NO,1.4,,,55,,,HIGH,1.5,,BROWN,2-Very minor aesthetic problems
1,06/22/1994,4.9,,1.5,13.7,19,54,51,55,,,,,
8190021,06/22/1994,5.25,NO,1.6,,,53,,,HIGH 1.48 ON GAUGE,,,BROWN,2-Very minor aesthetic problems
8190021,07/06/1994,6.25,NO,1.9,,,51,,,GAUGE,1.6,,BROWN,2-Very minor aesthetic problems
8190021,07/13/1994,6,NO,1.8,,,51,,,GAUGE,1.5,,BROWN,2-Very minor aesthetic problems
8190021,07/20/1994,7,NO,2.1,,,49,,,GAUGE,1.48,,BROWN,2-Very minor aesthetic problems
1,07/25/1994,4.9,,1.5,15.5,21,54,52,56,,,,,
8190021,07/27/1994,5.75,NO,1.7,,,52,,,HIGH-1.5 ON GAUGE,,,BROWN,2-Very minor aesthetic problems
8190021,08/03/1994,6.75,NO,2.1,,,50,,,GAUGE,1.48,,BROWN,2-Very minor aesthetic problems
8190021,08/10/1994,6.5,NO,2,,,50,,,GAUGE,1.38,,BROWN,2-Very minor aesthetic problems
8190021,08/17/1994,7.75,NO,2.4,,,48,,,GAUGE,1.3,,BROWN,2-Very minor aesthetic problems
8190021,08/24/1994,17.5,NO,5.3,,,36,,,GAUGE,1.26,,BROWN,2-Very minor aesthetic problems
8190021,08/31/1994,7.25,NO,2.2,,,49,,,GAUGE,1.28,,BROWN,2-Very minor aesthetic problems
1,09/01/1994,7.9,,2.4,8.97,14,47,49,51,,,,,
8190021,09/07/1994,8.5,NO,2.6,,,46,,,GAUGE,1.2,,BROWN,2-Very minor aesthetic problems
1,10/24/1994,6.2,,1.9,10.6,14,51,49,53,,,,,
1,03/15/1995,,,,6.62,12,,47,49,,,,,
1,04/25/1995,5.9,,1.8,15.5,16,52,50,56,,,,,
8190021,05/18/1995,6,NO,1.8,,,51,,,HIGH,,,BROWN,2-Very minor aesthetic problems
8190021,05/24/1995,6,NO,1.8,,,51,,,HIGH,,,BROWN,2-Very minor aesthetic problems
8190021,05/31/1995,5.5,NO,1.7,,,53,,,HIGH,,,BROWN,2-Very minor aesthetic problems
1,06/08/1995,5.2,,1.6,15.8,23,53,52,56,,,,,
8190021,06/08/1995,5.25,NO,1.6,,,53,,,ELEV. 97.30',97.3,,BROWN,2-Very minor aesthetic problems
8190021,06/14/1995,5.5,NO,1.7,,,53,,,97.26',97.26,,BROWN,2-Very minor aesthetic problems
8190021,06/21/1995,6.25,NO,1.9,,,51,,,GAUGE,97.18,,BROWN,2-Very minor aesthetic problems
8190021,06/28/1995,5.5,NO,1.7,,,53,,,GAUGE,97.3,,BROWN,2-Very minor aesthetic problems
8190021,07/05/1995,5,NO,1.5,,,54,,,GAUGE,97.18,,BROWN,2-Very minor aesthetic problems
8190021,07/12/1995,6.5,NO,2,,,50,,,GAUGE,97.2,,BROWN,2-Very minor aesthetic problems
1,07/18/1995,8,,2.45,3.25,13,47,48,44,,,,,
8190021,07/19/1995,6.75,NO,2.1,,,50,,,GAUGE,99.16,,BROWN,2-Very minor aesthetic problems
8190021,07/26/1995,10,NO,3,,,44,,,GAUGE,97.12,,BROWN,1-Beautiful, could not be nicer
8190021,08/02/1995,8.5,NO,2.6,,,46,,,EL 97.04',97.04,,BROWN,1-Beautiful, could not be nicer
8190021,08/09/1995,8.5,NO,2.6,,,46,,,97.22 (EL),97.22,,BROWN,1-Beautiful, could not be nicer
8190021,08/17/1995,6.5,NO,2,,,50,,,97.67 (7" OF RAIN SINCE LAST READING),97.67,,BROWN,2-Very minor aesthetic problems
1,08/18/1995,,,,,12,,47,,,,,,
1,08/19/1995,,,,,14,,49,,,,,,
1,08/20/1995,,,,,15,,49,,,,,,
8190021,08/23/1995,6.5,NO,2,,,50,,,GAUGE,97.64,,BROWN,2-Very minor aesthetic problems
1,08/26/1995,,,,,15,,49,,,,,,
1,08/28/1995,7.9,,2.4,14.5,18,47,51,55,,,,,
8190021,08/30/1995,8,NO,2.4,,,47,,,GAUGE,97.74,,BROWN,1-Beautiful, could not be nicer
1,09/02/1995,,,,,13,,48,,,,,,
1,09/03/1995,,,,,11,,47,,,,,,
1,09/04/1995,,,,,12,,47,,,,,,
8190021,09/06/1995,7.5,NO,2.3,,,48,,,GAUGE,97.74,,BROWN,2-Very minor aesthetic problems
1,09/13/1995,,,,,11,,47,,,,,,
1,09/14/1995,,,,,8,,44,,,,,,
1,09/28/1995,,,,,12,,47,,,,,,
1,09/29/1995,,,,,8,,44,,,,,,
1,09/30/1995,,,,,11,,47,,,,,,
1,10/01/1995,,,,,12,,47,,,,,,
1,10/12/1995,,,,11.2,14,,49,53,,,,,
1,02/29/1996,,,,,13,,48,,,,,,
1,05/13/1996,4.9,,1.5,4.67,19,54,51,46,,,,,
8190021,05/30/1996,6.5,NO,2,,,50,,,GAUGE,97.7,,BROWN,2-Very minor aesthetic problems
1,05/31/1996,,,,,18,,51,,,,,,
1,06/01/1996,,,,,19,,51,,,,,,
1,06/02/1996,,,,,22,,52,,,,,,
8190021,06/05/1996,6,NO,1.8,,,51,,,GAUGE,97.7,,BROWN,2-Very minor aesthetic problems
1,06/11/1996,6.2,,1.9,9.84,31,51,55,52,,,,,
8190021,06/12/1996,6,NO,1.8,,,51,,,GAUGE,97.7,,BROWN,2-Very minor aesthetic problems
8190021,06/19/1996,5,NO,1.5,,,54,,,GAUGE,97.66,,BROWN,2-Very minor aesthetic problems
8190021,06/27/1996,5,NO,1.5,,,54,,,GAUGE,97.7,CLEAR,BROWN,2-Very minor aesthetic problems
8190021,07/03/1996,5.5,NO,1.7,,,53,,,GAUGE,97.66,,BROWN,2-Very minor aesthetic problems
8190021,07/10/1996,5.3,NO,1.6,,,53,,,GAUGE,92.56,,BROWN,2-Very minor aesthetic problems
8190021,07/17/1996,5.5,NO,1.7,,,53,,,GAUGE,97.5,,BROWN,2-Very minor aesthetic problems
1,07/25/1996,8.2,,2.5,12.3,20,47,51,54,,,,,
8190021,07/25/1996,6,NO,1.8,,,51,,,GAUGE,97.42,,BROWN,2-Very minor aesthetic problems
8190021,08/01/1996,5.5,NO,1.7,,,53,,,GAUGE,97.58,,BROWN,2-Very minor aesthetic problems
8190021,08/08/1996,5,NO,1.5,,,54,,,GAUGE,97.58,,BROWN,2-Very minor aesthetic problems
8190021,08/15/1996,6,NO,1.8,,,51,,,GAUGE,97.46,CLEAR,,2-Very minor aesthetic problems
8190021,08/21/1996,6,NO,1.8,,,51,,,GAUGE,97.42,,BROWN,2-Very minor aesthetic problems
8190021,08/29/1996,7.25,NO,2.2,,,49,,,GAUGE,97.34,,BROWN,2-Very minor aesthetic problems
8190021,09/11/1996,6.5,NO,2,,,50,,,GAUGE,97.28,,BROWN,2-Very minor aesthetic problems
1,09/16/1996,6.6,,2,16.4,19,50,51,56,,,,,
1,11/05/1996,8.2,,2.5,9.88,15,47,49,52,,,,,
1,02/20/1997,,,,,14,,49,,,,,,
1,04/29/1997,6.2,,1.9,11.2,17,51,50,53,,,,,
8190021,05/21/1997,6,NO,1.8,,,51,,,,,,BROWN,2-Very minor aesthetic problems
8190021,05/28/1997,6,NO,1.8,,,51,,,HIGH,,,BROWN,2-Very minor aesthetic problems
1,06/03/1997,7.4,,2.25,1.28,10,48,46,37,,,,,
8190021,06/04/1997,8,NO,2.4,,,47,,,HIGH,,,BROWN,2-Very minor aesthetic problems
8190021,06/11/1997,9,NO,2.7,,,45,,,HIGH,,,BROWN,2-Very minor aesthetic problems
8190021,06/18/1997,8,NO,2.4,,,47,,,HIGH,,,BROWN,2-Very minor aesthetic problems
8190021,06/26/1997,8,NO,2.4,,,47,,,HIGH,,,BROWN,2-Very minor aesthetic problems
1,07/02/1997,6.6,,2,17.8,28,50,54,57,,,,,
8190021,07/03/1997,6,NO,1.8,,,51,,,HIGH,,,BROWN,2-Very minor aesthetic problems
8190021,07/09/1997,6.5,NO,2,,,50,,,HIGH,,,BROWN,2-Very minor aesthetic problems
8190021,07/16/1997,8,NO,2.4,,,47,,,HIGH,,,BROWN,2-Very minor aesthetic problems
8190021,07/23/1997,10,NO,3,,,44,,,HIGH,,,BROWN,1-Beautiful, could not be nicer
8190021,07/30/1997,9,NO,2.7,,,45,,,HIGH,,,BROWN,1-Beautiful, could not be nicer
8190021,08/06/1997,7.5,NO,2.3,,,48,,,HIGH,,,BROWN,1-Beautiful, could not be nicer
1,08/14/1997,8.2,,2.5,12.3,16,47,50,54,,,,,
8190021,08/14/1997,8,NO,2.4,,,47,,,HIGH,,,BROWN,2-Very minor aesthetic problems
8190021,08/20/1997,8,NO,2.4,,,47,,,HIGH,,,BROWN,2-Very minor aesthetic problems
8190021,08/27/1997,9,NO,2.7,,,45,,,HIGH,,CLEAR,BROWN,1-Beautiful, could not be nicer
8190021,09/03/1997,8.5,NO,2.6,,,46,,,HIGH,,CLEAR,BROWN,2-Very minor aesthetic problems
1,10/30/1997,14.8,,4.5,2.66,9,38,45,42,,,,,
1,02/23/1998,,,,,10,,46,,,,,,
1,04/13/1998,6.2,,1.9,,19,51,51,,,,,,
8190021,05/20/1998,8.5,NO,2.6,,,46,,,HIGH,,CLEAR,BROWN,2-Very minor aesthetic problems
8190021,05/27/1998,8,NO,2.4,,,47,,,NO CHANGE,,CLEAR,BROWN,2-Very minor aesthetic problems
1,06/02/1998,6.2,,1.9,10.5,22,51,52,53,,,,,
8190021,06/04/1998,6,NO,1.8,,,51,,,NO CHANGE,,CLEAR,BROWN,2-Very minor aesthetic problems
8190021,06/11/1998,6.5,NO,2,,,50,,,NO CHANGE,,MURKY,BROWN,2-Very minor aesthetic problems
8190021,06/17/1998,6.5,NO,2,,,50,,,NO CHANGE,,CLEAR,BROWN,2-Very minor aesthetic problems
8190021,06/24/1998,7,NO,2.1,,,49,,,NO CHANGE,,CLEAR,BROWN,1-Beautiful, could not be nicer
8190021,07/01/1998,6.5,NO,2,,,50,,,NO CHANGE,,CLEAR,BROWN,1-Beautiful, could not be nicer
1,07/07/1998,5.7,,1.75,10.9,19,52,51,53,,,,,
8190021,07/08/1998,7,NO,2.1,,,49,,,NO CHANGE,,CLEAR,BROWN,1-Beautiful, could not be nicer
8190021,07/15/1998,5.75,NO,1.7,,,52,,,NO CHANGE,,CLEAR,BROWN,2-Very minor aesthetic problems
8190021,07/22/1998,7,NO,2.1,,,49,,,NO CHANGE,,CLEAR,BROWN,1-Beautiful, could not be nicer
8190021,07/29/1998,7,NO,2.1,,,49,,,LOW,,CLEAR,BROWN,1-Beautiful, could not be nicer
8190021,08/05/1998,6,NO,1.8,,,51,,,LOW,,CLEAR,BROWN,1-Beautiful, could not be nicer
8190021,08/13/1998,8,NO,2.4,,,47,,,LOW,,CLEAR,BROWN,1-Beautiful, could not be nicer
8190021,08/19/1998,6.75,NO,2.1,,,50,,,LOW,,,BLUE,1-Beautiful, could not be nicer
8190021,08/26/1998,7.5,NO,2.3,,,48,,,LOW,,CLEAR,BROWN,1-Beautiful, could not be nicer
8190021,09/03/1998,9,NO,2.7,,,45,,,LOW,,CLEAR,BROWN,1-Beautiful, could not be nicer
8190021,09/09/1998,9,NO,2.7,,,45,,,LOW,,CLEAR,BROWN,1-Beautiful, could not be nicer
1,09/10/1998,7.9,,2.4,7.61,15,47,49,50,,,,,
1,10/22/1998,8.9,,2.7,5.43,15,46,49,48,,,,,
1,02/18/1999,,,,,,,,,,,,,
1,04/14/1999,8.2,,2.5,11.9,10,47,46,54,,,,,
8190021,05/19/1999,8,NO,2.4,,,47,,,HIGH,,,BROWN,
8190021,05/26/1999,8,NO,2.4,,,47,,,HIGH,,CLEAR,BROWN,2-Very minor aesthetic problems
8190021,06/02/1999,8,NO,2.4,,,47,,,GAUGE,96.94,CLEAR,BROWN,2-Very minor aesthetic problems
8190021,06/09/1999,7.5,NO,2.3,,,48,,,GAUGE,96.96,CLEAR,BROWN,2-Very minor aesthetic problems
8190021,06/17/1999,6,NO,1.8,,,51,,,GAUGE,96.88,CLEAR,BROWN,1-Beautiful, could not be nicer
1,06/24/1999,5.9,,1.8,4.87,19,52,51,47,,,,,
8190021,06/24/1999,6.5,NO,2,,,50,,,GAUGE,96.84,CLEAR,BROWN,1-Beautiful, could not be nicer
8190021,07/01/1999,6.5,NO,2,,,50,,,GAUGE,96.72,CLEAR,BROWN,2-Very minor aesthetic problems
8190021,07/08/1999,6,NO,1.8,,,51,,,GAUGE,96.66,CLEAR,BROWN,2-Very minor aesthetic problems
8190021,07/15/1999,8,NO,2.4,,,47,,,GAUGE,96.68,CLEAR,BROWN,1-Beautiful, could not be nicer
1,07/20/1999,7.2,,2.2,4.55,16,49,50,46,,,,,
8190021,07/22/1999,8,NO,2.4,,,47,,,GAUGE,96.6,CLEAR,BROWN,1-Beautiful, could not be nicer
8190021,07/29/1999,8.5,NO,2.6,,,46,,,GAUGE,96.8,CLEAR,BROWN,1-Beautiful, could not be nicer
8190021,08/05/1999,7,NO,2.1,,,49,,,GAUGE,96.96,CLEAR,BROWN,2-Very minor aesthetic problems
8190021,08/11/1999,7,NO,2.1,,,49,,,GAUGE,96.92,CLEAR,BROWN,1-Beautiful, could not be nicer
8190021,08/20/1999,6.5,NO,2,,,50,,,GAUGE,97,CLEAR,BROWN,1-Beautiful, could not be nicer
7000002,08/25/1999,5.7,,1.75,8.56,14,52,49,51,,,,,
8190021,08/25/1999,7,NO,2.1,,,49,,,GAUGE,96.98,CLEAR,BROWN,1-Beautiful, could not be nicer
8190021,09/01/1999,7.5,NO,2.3,,,48,,,GAUGE,96.9,CLEAR,BROWN,1-Beautiful, could not be nicer
8190021,09/09/1999,7,NO,2.1,,,49,,,GAUGE,96.9,CLEAR,BROWN,2-Very minor aesthetic problems
8190021,09/15/1999,7.5,NO,2.3,,,48,,,GAUGE,96.84,CLEAR,BROWN,1-Beautiful, could not be nicer
1,10/28/1999,10.5,,3.2,5,12,43,47,47,,,,,
1,04/04/2000,8.2,,2.5,3.75,15,47,49,45,,,,,
8190021,05/17/2000,8.5,NO,2.6,,,46,,,GAUGE,97.07,CLEAR,BROWN,2-Very minor aesthetic problems
8190021,05/26/2000,7.5,NO,2.3,,,48,,,GAUGE,97.03,CLEAR,BROWN,2-Very minor aesthetic problems
8190021,06/02/2000,7,YES,2.1,,,49,,,GAUGE,97.18,CLEAR,BROWN,2-Very minor aesthetic problems
8190021,06/07/2000,7,NO,2.1,,,49,,,GAUGE,97.26,CLEAR,BROWN,2-Very minor aesthetic problems
1,06/12/2000,6.2,,1.9,5.8,21,51,52,48,,,,,
8190021,06/15/2000,6.5,NO,2,,,50,,,GAUGE,97.3,CLEAR,BROWN,2-Very minor aesthetic problems
8190021,06/24/2000,7,NO,2.1,,,49,,,GAUGE,97.49,CLEAR,BROWN,1-Beautiful, could not be nicer
8190021,06/30/2000,8.25,NO,2.5,,,47,,,GAUGE,97.42,CLEAR,BROWN,1-Beautiful, could not be nicer
8190021,07/05/2000,6.5,NO,2,,,50,,,GAUGE,97.34,CLEAR,BROWN,1-Beautiful, could not be nicer
8190021,07/11/2000,6.5,NO,2,,,50,,,GAUGE,97.67,CLEAR,BROWN,1-Beautiful, could not be nicer
8190021,07/19/2000,6.5,NO,2,,,50,,,GAUGE,97.5,CLEAR,BROWN,1-Beautiful, could not be nicer
1,07/26/2000,5.9,,1.8,2.6,17,52,50,42,,,,,
8190021,07/27/2000,6,NO,1.8,,,51,,,GAUGE,97.42,CLEAR,BROWN,1-Beautiful, could not be nicer
8190021,08/03/2000,8,NO,2.4,,,47,,,GAUGE,97.34,CLEAR,BROWN,1-Beautiful, could not be nicer
8190021,08/13/2000,9,NO,2.7,,,45,,,GAUGE,97.29,CLEAR,BROWN,1-Beautiful, could not be nicer
8190021,08/19/2000,8,NO,2.4,,,47,,,GAUGE,97.34,CLEAR,BROWN,1-Beautiful, could not be nicer
8190021,08/24/2000,7.25,NO,2.2,,,49,,,GAUGE,97.3,CLEAR,BROWN,1-Beautiful, could not be nicer
8190021,08/29/2000,7.75,NO,2.4,,,48,,,GAUGE,97.28,CLEAR,BROWN,1-Beautiful, could not be nicer
1,08/31/2000,5.2,,1.6,11,15,53,49,53,,,,,
8190021,09/07/2000,7.75,NO,2.4,,,48,,,GAUGE,97.24,CLEAR,BROWN,1-Beautiful, could not be nicer
8190021,09/13/2000,7.5,NO,2.3,,,48,,,GAUGE,97.3,CLEAR,BROWN,1-Beautiful, could not be nicer
8190021,09/29/2000,10,NO,3,,,44,,,GAUGE,97.12,CLEAR,BROWN,1-Beautiful, could not be nicer
8190021,10/15/2000,12,NO,3.6,,,41,,,GAUGE,96.98,CLEAR,BROWN,3-Enjoyment somewhat impaired (algae)
8190021,10/31/2000,12.5,NO,3.8,,,41,,,GAUGE,96.92,CLEAR,BROWN,1-Beautiful, could not be nicer
1,03/01/2001,5.2,NO,1.6,,16,49,50,,,,,,
7000002,04/23/2001,8.2,,2.5,,13,47,48,,,,,,
8190021,05/18/2001,8,NO,2.4,,,47,,,HIGH,,CLEAR,BROWN,1-Beautiful, could not be nicer
8190021,05/25/2001,8,NO,2.4,,,47,,,HIGH,,CLEAR,BROWN,3-Enjoyment somewhat impaired (algae)
8190021,06/02/2001,6,NO,1.8,,,51,,,GAUGE,97,CLEAR,BROWN,3-Enjoyment somewhat impaired (algae)
8190021,06/08/2001,7.5,NO,2.3,,,48,,,GAUGE,97,CLEAR,BROWN,1-Beautiful, could not be nicer
8190021,06/16/2001,6.5,NO,2,,,50,,,GAUGE,97.61,CLEAR,BROWN,1-Beautiful, could not be nicer
7000002,06/20/2001,4.9,NO,1.5,7.3,23,54,52,50,,,,,
8190021,06/22/2001,5.25,NO,1.6,,,53,,,GAUGE,97.66,CLEAR,BROWN,1-Beautiful, could not be nicer
8190021,06/28/2001,6.5,NO,2,,,50,,,GAUGE,97.56,CLEAR,BROWN,1-Beautiful, could not be nicer
8190021,07/06/2001,5.25,NO,1.6,,,53,,,GAUGE,97.36,CLEAR,BROWN,2-Very minor aesthetic problems
8190021,07/13/2001,7.5,NO,2.3,,,48,,,GAUGE,97.25,CLEAR,BROWN,1-Beautiful, could not be nicer
7000002,07/18/2001,4.9,NO,1.5,8,15,54,49,51,,,,,
8190021,07/21/2001,7,NO,2.1,,,49,,,GAUGE,97.26,CLEAR,BROWN,1-Beautiful, could not be nicer
8190021,07/29/2001,7,NO,2.1,,,49,,,GAUGE,97.22,CLEAR,BROWN,1-Beautiful, could not be nicer
7000002,07/30/2001,5.6,NO,1.7,9,16,52,50,51,,,,,
8190021,08/03/2001,8.25,NO,2.5,,,47,,,GAUGE,97.26,CLEAR,BROWN,1-Beautiful, could not be nicer
8190021,08/10/2001,8.25,NO,2.5,,,47,,,GAUGE,97.14,CLEAR,BROWN,1-Beautiful, could not be nicer
7000002,08/13/2001,5.7,NO,1.75,2.2,13,52,48,41,,,,,
8190021,08/19/2001,10,NO,3,,,44,,,GAUGE,97.08,CLEAR,BROWN,1-Beautiful, could not be nicer
8190021,08/27/2001,9,NO,2.7,,,45,,,GAUGE,96.99,CLEAR,BROWN,1-Beautiful, could not be nicer
8190021,08/31/2001,8,NO,2.4,,,47,,,GAUGE,97.02,CLEAR,BROWN,1-Beautiful, could not be nicer
7000002,09/12/2001,6.6,NO,2,8,14,50,49,51,,,,,
8190021,09/16/2001,8.5,NO,2.6,,,46,,,GAUGE,96.92,CLEAR,BROWN,1-Beautiful, could not be nicer
8190021,10/02/2001,11,NO,3.3,,,43,,,GAUGE,96.84,CLEAR,BROWN,1-Beautiful, could not be nicer
7000002,10/16/2001,8.2,NO,2.5,4.2,11,47,47,46,,,,,
8190021,10/17/2001,10,NO,3,,,44,,,NORMAL,,CLEAR,BROWN,1-Beautiful, could not be nicer
7000002,04/23/2002,7.4,,2.25,,20,48,51,,,,,,
8188791,06/11/2002,6.56,NO,2,1.41,24,50,53,37,,,,,
8188791,06/26/2002,6.56,NO,2,4.36,16,50,50,46,,,,,
8188631,07/17/2002,6.56,NO,2,8.64,17,50,50,51,,,,,
8188456,08/14/2002,6.56,NO,2,7.41,22,50,52,50,,,,,
8188631,09/05/2002,5.576,NO,1.7,18.5,26,52,53,57,,,,,
8188631,11/06/2002,6.56,NO,2,8.95,18,50,51,51,,,,,
8188631,04/23/2003,7.2,NO,2.2,,23,49,52,,,,,,
7000104,07/23/2003,4.9,,1.5,,,54,,,,,,,
8188631,07/23/2003,4.9,NO,1.5,4.21,26,54,53,46,,,,,
8188631,08/20/2003,5.576,NO,1.7,,22,52,52,,,,,,
7000104,08/21/2003,5.6,,1.7,,,52,,,,,,,
7000104,09/04/2003,6.2,,1.9,,,51,,,,,,,
8188631,09/04/2003,6.2,NO,1.9,18.9,24,51,53,57,,,,,
7000001,04/26/2004,,,,,24,,53,,,,,,
7000001,07/15/2004,6.888,NO,2.1,9.2,22,49,52,52,,,,,
7000001,08/11/2004,5.2,,1.6,24,26,53,53,59,,,,,
7000001,09/15/2004,3.28,,1,20,48,60,58,57,,,,,
7000001,04/25/2005,6.6,NO,2,,,50,,,,,,,
7000001,07/27/2005,3.9,NO,1.2,24.2,34,37,55,59,,,,,
7000001,08/15/2005,6.6,NO,2,14.3,25,50,53,55,,,,,
7000001,09/07/2005,6.2,NO,1.9,17.7,24,51,53,57,,,,,
7000001,04/24/2006,5.9,NO,1.8,,14,52,49,,,,,,
7000001,07/20/2006,5.1,,1.55,12.8,28,54,54,54,,,,,
7000001,08/15/2006,6.6,,2,18,28,50,54,57,,,,,
7000001,09/06/2006,6.9,,2.1,12.1,21,49,52,54,,,,,
7000001,04/25/2007,8.2,NO,2.5,,22,47,52,,,,,,
7000001,07/09/2007,4.9,NO,1.5,14.9,32,54,55,55,,,,,
7000001,08/06/2007,4.6,NO,1.4,12.7,21,55,52,54,,,,,
7000001,09/10/2007,6.6,NO,2,10.3,19,50,51,52,,,,,
7000001,05/01/2008,5.6,NO,1.7,,27,52,54,,,,,,
7000104,05/01/2008,5.6,,1.7,,,52,,,,,,,
7000001,07/22/2008,1.4,,0.4,3.56,28,72,54,44,,,,,
7000104,07/22/2008,4.6,,1.4,,,55,,,,,,,
7000001,08/13/2008,5.2,NO,1.6,19.6,29,53,54,57,,,,,
7000104,08/13/2008,5.1,,1.55,,,54,,,,,,,
7000001,09/11/2008,5.9,,1.8,10.3,21,52,52,52,,,,,
7000104,09/11/2008,5.9,,1.8,,,52,,,,,,,
29663055,04/27/2009,5.9,NO,1.8,,35,52,56,,,,,,
7000104,07/09/2009,4.9,NO,1.5,10.5,34,54,55,53,,,,,
7000104,08/03/2009,5.2,NO,1.6,1.14,33,53,55,36,,,,,
1,09/02/2009,5.6,NO,1.7,12.4,20,52,51,54,,,,,
7000104,09/02/2009,5.6,,1.7,,,52,,,,,,,
20761132,04/20/2010,8.2,,2.5,,,47,,,,,,,
29663055,04/20/2010,8.2,NO,2.5,,17,47,50,,,,,,
20761132,07/26/2010,4.6,,1.4,,,55,,,,,,,
29663055,07/26/2010,4.6,NO,1.4,12.9,22,55,52,54,,,,,
20761132,08/23/2010,4.6,,1.4,,,55,,,,,,,
29663055,08/23/2010,1.4,NO,0.4,14.8,21,72,52,55,,,,,
20761132,09/13/2010,5.2,,1.6,,,53,,,,,,,
29663055,09/13/2010,5.2,NO,1.6,8.1,28,53,54,51,,,,,
10589084,04/25/2011,4.9,NO,1.5,,23,54,52,,,,,,
10589084,07/25/2011,5.6,NO,1.7,16.8,20,52,51,56,,,,,
10589084,08/22/2011,5.9,NO,1.8,16.5,28,52,54,56,,,,,
10589084,09/12/2011,6.9,NO,2.1,10.6,22,49,52,53,,,,,
10589084,03/23/2012,5.9,,1.8,,29,52,54,,,,,,
10589084,07/17/2012,,,,10.2,23,,52,52,,,,,
10589084,08/14/2012,6.2,NO,1.9,5.28,38,51,56,47,,,,,
10589084,09/11/2012,5.2,NO,1.6,14.7,32,53,55,55,,,,,
10589084,05/15/2013,6.2,N,1.9,,24.7,51,53,,,,,,
10589084,07/08/2013,4.76,N,1.4,16.2,24.5,54,53,56,,,,,
10589084,08/07/2013,1.4,NO,0.4,6.97,24.2,72,53,49,,,,,
10589084,09/03/2013,5.6,N,1.7,11.3,10.6,52,46,53,,,,,
10589084,05/06/2014,,,,,17,,50,,,,,,
101850106,05/06/2014,8,,2.4,,,47,,,,,,,
10589084,07/14/2014,4.9,N,1.5,19.8,34.1,54,55,57,,,,,
101850106,07/14/2014,4.92,,1.5,,,54,,,,,,,
10589084,08/19/2014,3.9,N,1.2,9.12,25,57,53,52,,,,,
101850106,08/19/2014,4.1,,1.2,,,57,,,,,,,
10589084,09/11/2014,7.2,N,2.2,13.2,17.3,49,50,54,,,,,
101850106,09/11/2014,4.1,,1.2,,,57,,,,,,,
10589084,04/15/2015,5.2,N,1.6,,26.3,53,53,,,,,,
10589084,07/13/2015,4.9,N,1.5,10.5,32.9,54,55,53,,,,,
10589084,08/19/2015,,,,18.8,18.5,,51,57,,,,,
10589084,09/15/2015,,,,13.5,24.9,,53,54,,,,,
10589084,04/04/2016,,,,,21.8,,52,,,,,,
10589084,07/18/2016,5,NO,1.5,12.1,26.9,54,54,54,,,,,
10589084,08/15/2016,4,NO,1.2,14.2,24.2,57,53,55,,,,,
10589084,09/12/2016,,,,16.7,23.3,,53,56,,,,,
10589084,09/13/2016,6.5,NO,2,,,50,,,,,,,
10589084,04/05/2017,,,,,26.2,,53,,,,,,
10589084,07/12/2017,4,NO,1.2,14.4,29.5,57,54,55,,,,,
10589084,08/16/2017,5,NO,1.5,2.28,22,54,52,41,,,,,
10589084,09/20/2017,5,NO,1.5,4.44,6.14,54,42,46,,,,,



Start Date,Depth,Depth Units,Temperature,Temperature Units,Dissolved Oxygen,Dissolved Oxygen Units
07/21/1988,,,24.5,C,6.8,MG/L
08/31/1988,,,20.0,C,8.4,MG/L
05/04/1989,,,10.0,C,12.0,MG/L
06/13/1989,,,17.4,C,5.2,MG/L
08/17/1989,,,21.3,C,0.2,MG/L
02/20/1990,,,2.0,C,10.6,MG/L
05/15/1990,,,13.5,C,8.7,MG/L
06/20/1990,,,21.0,C,8.5,MG/L
07/18/1990,,,23.0,C,8.1,MG/L
08/15/1990,,,22,C,15.0,MG/L
10/15/1990,,,10.8,C,10.0,MG/L
03/20/1991,,,1.0,C,13.0,MG/L
04/22/1991,,,7.8,C,10.5,MG/L
06/26/1991,,,23.8,C,9.0,MG/L
07/31/1991,,,21.5,C,0.1,MG/L
09/09/1991,,,21.0,C,7.8,MG/L
07/02/1992,,,19.0,C,5.2,MG/L
07/28/1992,,,20.0,C,4.0,MG/L
07/30/1992,,,19.5,C,0.5,MG/L
08/06/1992,,,21.5,C,7.4,MG/L
08/26/1992,,,20.5,C,7.6,MG/L
10/28/1992,,,8.0,C,10.0,MG/L
03/01/1993,,,1.0,C,12.0,MG/L
04/29/1993,,,10.8,C,11.0,MG/L
06/10/1993,,,16.5,C,6.5,MG/L
07/08/1993,,,21.0,C,7.0,MG/L
08/12/1993,,,26.5,C,5.9,MG/L
11/01/1993,,,4.0,C,10.5,MG/L
03/01/1994,,,0.7,C,0.5,MG/L
06/22/1994,,,24,C,5.5,MG/L
07/25/1994,,,23.7,C,8.43,MG/L
09/01/1994,,,20.3,C,8.04,MG/L
10/24/1994,,,11.0,C,11.2,MG/L
03/15/1995,,,0,C,11.4,MG/L
04/25/1995,,,7.87,C,9.90,MG/L
06/08/1995,,,15.0,C,5.87,MG/L
07/18/1995,,,18.8,C,0.2,MG/L
08/28/1995,,,21.9,C,3.83,MG/L
10/12/1995,,,13.4,C,10.6,MG/L
02/29/1996,,,2.7,C,1.9,MG/L
05/13/1996,,,12.3,C,9.97,MG/L
06/11/1996,,,16.4,C,6.4,MG/L
07/25/1996,,,16.8,C,1.2,MG/L
09/16/1996,,,18.0,C,7.9,MG/L
11/05/1996,,,3.9,C,12.1,MG/L
02/20/1997,,,1.49,C,1.25,MG/L
04/29/1997,,,12.46,C,11.20,MG/L
06/03/1997,,,14.52,C,5.61,MG/L
07/02/1997,,,24.12,C,7.52,MG/L
08/14/1997,,,22.45,C,5.59,MG/L
10/30/1997,,,6.0,C,11.8,MG/L
02/23/1998,,,4.30,C,4.00,MG/L
04/13/1998,,,10.80,C,10.79,MG/L
06/02/1998,,,19.68,C,4.42,MG/L
07/07/1998,,,20.43,C,0.88,MG/L
09/10/1998,,,20.96,C,7.34,MG/L
10/22/1998,,,10.11,C,10.77,MG/L
02/18/1999,,,0.78,C,12.24,MG/L
04/14/1999,,,10.84,C,10.69,MG/L
06/24/1999,,,23.2,C,8.3,MG/L
07/20/1999,,,25.03,C,7.67,MG/L
08/25/1999,,,23.06,C,9.05,MG/L
10/28/1999,,,7.54,C,12.12,MG/L
04/04/2000,,,7.23,C,11.67,MG/L
05/17/2000,64,FEET,64,DEGREES F,,
06/12/2000,,,19.83,C,0.68,MG/L
07/26/2000,,,23.23,C,7.13,MG/L
08/31/2000,,,23.40,C,8.46,MG/L
03/01/2001,,,2.29,C,15.0,MG/L
04/23/2001,,,7.80,C,14.28,MG/L
06/20/2001,,,18.97,C,2.44,MG/L
07/18/2001,,,21.91,C,0.70,MG/L
07/30/2001,,,24.7,C,8.4,MG/L
08/13/2001,,,22.30,C,1.51,MG/L
09/12/2001,,,20.32,C,4.42,MG/L
10/16/2001,,,10.51,C,9.61,MG/L
04/23/2002,,,8.52,C,12.86,MG/L
06/11/2002,0,FEET,,,8.63,MG/L
06/11/2002,13.12,FEET,,,6.29,MG/L
06/11/2002,16.4,FEET,,,.88,MG/L
06/11/2002,,,17.32,C,0.88,MG/L
06/26/2002,0,FEET,,,8.55,MG/L
06/26/2002,13.12,FEET,,,3.85,MG/L
06/26/2002,,,21.21,C,3.85,MG/L
07/17/2002,0,FEET,,,10,MG/L
07/17/2002,13.12,FEET,,,1.21,MG/L
07/17/2002,16.4,FEET,,,.75,MG/L
07/17/2002,,,20.33,C,0.75,MG/L
08/14/2002,0,FEET,,,7.68,MG/L
08/14/2002,,,23.84,C,7.68,MG/L
09/05/2002,0,FEET,,,7.6,MG/L
09/05/2002,,,23.0,C,7.6,MG/L
11/06/2002,0,FEET,,,13,MG/L
11/06/2002,,,3.8,C,13.0,MG/L
07/23/2003,0,METERS,23.9,DEGREES C,9.05,MG/L
07/23/2003,1,METERS,22.86,DEGREES C,8.78,MG/L
07/23/2003,2,METERS,22.66,DEGREES C,9.01,MG/L
07/23/2003,3,METERS,22.38,DEGREES C,8.46,MG/L
07/23/2003,4,METERS,22.03,DEGREES C,6.84,MG/L
07/23/2003,5,METERS,19.27,DEGREES C,1.13,MG/L
07/23/2003,7,FEET,,,9.1,MG/L
07/23/2003,,,23.9,C,9.1,MG/L
08/20/2003,7,FEET,,,7.3,MG/L
08/20/2003,,,26.3,C,7.3,MG/L
08/21/2003,0,METERS,26.3,DEGREES C,7.25,MG/L
08/21/2003,1,METERS,26.3,DEGREES C,7.24,MG/L
08/21/2003,2,METERS,26.3,DEGREES C,7.15,MG/L
08/21/2003,3,METERS,26.3,DEGREES C,7.08,MG/L
08/21/2003,4,METERS,26.2,DEGREES C,6.93,MG/L
09/04/2003,0,FEET,,,8.1,MG/L
09/04/2003,0,METERS,21.65,DEGREES C,8.09,MG/L
09/04/2003,2,METERS,21.46,DEGREES C,8.08,MG/L
09/04/2003,3,METERS,21.74,DEGREES C,7.81,MG/L
09/04/2003,4,METERS,21.21,DEGREES C,7.72,MG/L
09/04/2003,,,21.7,C,8.1,MG/L
07/15/2004,0,METERS,25.59,DEGREES C,13.68,MG/L
07/15/2004,1,METERS,25.77,DEGREES C,13.56,MG/L
07/15/2004,2,METERS,25.56,DEGREES C,13.31,MG/L
07/15/2004,3,METERS,22.76,DEGREES C,12.59,MG/L
07/15/2004,4,METERS,20.07,DEGREES C,3.35,MG/L
07/15/2004,4.5,METERS,19.74,DEGREES C,.8,MG/L
07/15/2004,6.56,FEET,,,13.7,MG/L
07/15/2004,,,25.9,C,13.7,MG/L
08/11/2004,0,METERS,20.12,DEGREES C,7.84,MG/L
08/11/2004,1,METERS,20.2,DEGREES C,7.84,MG/L
08/11/2004,2,METERS,20.19,DEGREES C,7.83,MG/L
08/11/2004,3,METERS,20.19,DEGREES C,7.81,MG/L
08/11/2004,4,METERS,20.18,DEGREES C,7.78,MG/L
08/11/2004,5,METERS,20.11,DEGREES C,7.69,MG/L
08/11/2004,6.56,FEET,,,7.8,MG/L
08/11/2004,,,20.1,C,7.8,MG/L
09/15/2004,0,METERS,20.39,DEGREES C,8.21,MG/L
09/15/2004,1,METERS,20.91,DEGREES C,8.19,MG/L
09/15/2004,2,METERS,20.89,DEGREES C,8.16,MG/L
09/15/2004,3,METERS,20.57,DEGREES C,5.17,MG/L
09/15/2004,4,METERS,20.72,DEGREES C,1.17,MG/L
09/15/2004,6.56,FEET,,,8.2,MG/L
09/15/2004,,,20.3,C,8.2,MG/L
07/27/2005,0,METERS,24.52,DEGREES C,8.06,MG/L
07/27/2005,1,METERS,24.35,DEGREES C,8.02,MG/L
07/27/2005,2,METERS,24.17,DEGREES C,7.96,MG/L
07/27/2005,3,METERS,24.1,DEGREES C,7.79,MG/L
07/27/2005,4,METERS,23.9,DEGREES C,7.47,MG/L
08/15/2005,0,METERS,24.5,DEGREES C,8.1,MG/L
08/15/2005,2,METERS,23.86,DEGREES C,7.69,MG/L
08/15/2005,3,METERS,23.81,DEGREES C,7.73,MG/L
08/15/2005,4,METERS,23.65,DEGREES C,6.28,MG/L
08/15/2005,4.5,METERS,23.49,DEGREES C,4.52,MG/L
08/15/2005,,,24.5,C,8.1,MG/L
09/07/2005,0,METERS,22.24,DEGREES C,8.85,MG/L
09/07/2005,1,METERS,22.26,DEGREES C,8.84,MG/L
09/07/2005,2,METERS,22.27,DEGREES C,8.81,MG/L
09/07/2005,3,METERS,22.15,DEGREES C,7.93,MG/L
09/07/2005,4,METERS,22.04,DEGREES C,7.38,MG/L
09/07/2005,,,22.2,C,8.9,MG/L
04/24/2006,0,METERS,13.54,DEGREES C,10.75,MG/L
04/24/2006,1,METERS,13.53,DEGREES C,10.77,MG/L
04/24/2006,2,METERS,13.49,DEGREES C,10.77,MG/L
04/24/2006,3,METERS,13.47,DEGREES C,10.75,MG/L
04/24/2006,4,METERS,13.46,DEGREES C,10.73,MG/L
04/24/2006,,,13.5,C,10.8,MG/L
07/20/2006,0,METERS,26.19,DEGREES C,8.15,MG/L
07/20/2006,1,METERS,25.86,DEGREES C,7.98,MG/L
07/20/2006,2,METERS,25.71,DEGREES C,7.62,MG/L
07/20/2006,3,METERS,25.68,DEGREES C,7.54,MG/L
07/20/2006,4,METERS,25.38,DEGREES C,5.33,MG/L
07/20/2006,5,METERS,22.14,DEGREES C,.57,MG/L
08/15/2006,0,METERS,24.43,DEGREES C,7.55,MG/L
08/15/2006,1,METERS,24.34,DEGREES C,7.47,MG/L
08/15/2006,2,METERS,24.31,DEGREES C,7.43,MG/L
08/15/2006,3,METERS,24.28,DEGREES C,7.41,MG/L
08/15/2006,4,METERS,24.23,DEGREES C,7.35,MG/L
09/06/2006,0,METERS,22.91,DEGREES C,8.72,MG/L
09/06/2006,1,METERS,22.62,DEGREES C,8.76,MG/L
09/06/2006,2,METERS,22.42,DEGREES C,8,MG/L
09/06/2006,3,METERS,22.3,DEGREES C,7.08,MG/L
09/06/2006,4,METERS,22.18,DEGREES C,6.09,MG/L
09/06/2006,5,METERS,21.47,DEGREES C,.95,MG/L
04/25/2007,0,METERS,13.63,DEGREES C,10.01,MG/L
04/25/2007,1,METERS,13.56,DEGREES C,10.06,MG/L
04/25/2007,2,METERS,13.51,DEGREES C,10.08,MG/L
04/25/2007,3,METERS,13.4,DEGREES C,9.76,MG/L
04/25/2007,4,METERS,13.19,DEGREES C,9.53,MG/L
04/25/2007,,,13.6,C,10.0,MG/L
07/09/2007,0,METERS,27.1,DEGREES C,7.91,MG/L
07/09/2007,1,METERS,27.05,DEGREES C,7.94,MG/L
07/09/2007,2,METERS,26.28,DEGREES C,7.86,MG/L
07/09/2007,3,METERS,24.9,DEGREES C,5.39,MG/L
07/09/2007,4,METERS,23.81,DEGREES C,2.53,MG/L
07/09/2007,,,27.1,C,7.9,MG/L
08/06/2007,0,METERS,24.99,DEGREES C,7.85,MG/L
08/06/2007,1,METERS,24.67,DEGREES C,7.83,MG/L
08/06/2007,2,METERS,24.6,DEGREES C,7.71,MG/L
08/06/2007,3,METERS,24.56,DEGREES C,7.34,MG/L
08/06/2007,4,METERS,24.36,DEGREES C,7.21,MG/L
08/06/2007,,,24.99,C,7.85,MG/L
09/10/2007,0,METERS,21.69,DEGREES C,8.27,MG/L
09/10/2007,1,METERS,21.69,DEGREES C,8.26,MG/L
09/10/2007,2,METERS,21.64,DEGREES C,8.17,MG/L
09/10/2007,3,METERS,21.6,DEGREES C,8,MG/L
09/10/2007,4,METERS,21.58,DEGREES C,7.95,MG/L
09/10/2007,,,21.7,C,8.3,MG/L
05/01/2008,0,METERS,8.79,DEGREES C,10.67,MG/L
05/01/2008,1,METERS,8.7,DEGREES C,10.65,MG/L
05/01/2008,2,METERS,8.55,DEGREES C,10.62,MG/L
05/01/2008,3,METERS,7.8,DEGREES C,10.53,MG/L
05/01/2008,4,METERS,7.27,DEGREES C,10.16,MG/L
05/01/2008,5,METERS,6.71,DEGREES C,10.1,MG/L
05/01/2008,,,9.0,C,10.7,MG/L
07/22/2008,0,METERS,24.61,DEGREES C,8.48,MG/L
07/22/2008,1,METERS,23.94,DEGREES C,8.4,MG/L
07/22/2008,2,METERS,23.83,DEGREES C,8.03,MG/L
07/22/2008,3,METERS,23.38,DEGREES C,5.99,MG/L
07/22/2008,4,METERS,22.44,DEGREES C,1.88,MG/L
07/22/2008,,,23.9,C,8.4,MG/L
08/13/2008,0,METERS,24.08,DEGREES C,7.7,MG/L
08/13/2008,1,METERS,23.48,DEGREES C,7.82,MG/L
08/13/2008,2,METERS,23.29,DEGREES C,7.57,MG/L
08/13/2008,3,METERS,23.23,DEGREES C,7.29,MG/L
08/13/2008,4,METERS,23.16,DEGREES C,7.09,MG/L
08/13/2008,,,24.1,C,7.7,MG/L
09/11/2008,0,METERS,18.5,DEGREES C,8.44,MG/L
09/11/2008,1,METERS,18.51,DEGREES C,8.42,MG/L
09/11/2008,2,METERS,18.5,DEGREES C,8.41,MG/L
09/11/2008,3,METERS,18.5,DEGREES C,8.41,MG/L
09/11/2008,4,METERS,18.5,DEGREES C,8.34,MG/L
09/11/2008,5,METERS,18.38,DEGREES C,8.14,MG/L
09/11/2008,,,18.5,C,8.4,MG/L
07/09/2009,0,METERS,23.01,DEGREES C,8.87,MG/L
07/09/2009,1,METERS,23.01,DEGREES C,8.87,MG/L
07/09/2009,2,METERS,22.91,DEGREES C,8.83,MG/L
07/09/2009,3,METERS,22.02,DEGREES C,8.17,MG/L
07/09/2009,4,METERS,19.3,DEGREES C,2.28,MG/L
07/09/2009,,,23.0,C,8.9,MG/L
08/03/2009,0,METERS,22.62,DEGREES C,8.57,MG/L
08/03/2009,1,METERS,22.62,DEGREES C,8.56,MG/L
08/03/2009,2,METERS,22.49,DEGREES C,8.56,MG/L
08/03/2009,3,METERS,22.16,DEGREES C,8.48,MG/L
08/03/2009,4,METERS,21.43,DEGREES C,7.64,MG/L
08/03/2009,,,22.6,C,8.6,MG/L
09/02/2009,0,METERS,20.84,DEGREES C,8.86,MG/L
09/02/2009,1,METERS,20.2,DEGREES C,8.16,MG/L
09/02/2009,2,METERS,20.24,DEGREES C,8.32,MG/L
09/02/2009,3,METERS,20.2,DEGREES C,8.22,MG/L
09/02/2009,4,METERS,20.06,DEGREES C,7.87,MG/L
09/02/2009,,,20.8,C,8.9,MG/L
04/20/2010,0,METERS,14.59,DEGREES C,16.3,MG/L
04/20/2010,1,METERS,14.43,DEGREES C,16.25,MG/L
04/20/2010,2,METERS,13.81,DEGREES C,16.06,MG/L
04/20/2010,3,METERS,13.16,DEGREES C,16.29,MG/L
04/20/2010,4,METERS,12.92,DEGREES C,16.24,MG/L
04/20/2010,,,14.6,C,16.3,MG/L
07/26/2010,0,METERS,26.28,DEGREES C,8.73,MG/L
07/26/2010,1,METERS,26.08,DEGREES C,8.79,MG/L
07/26/2010,2,METERS,25.7,DEGREES C,8.79,MG/L
07/26/2010,3,METERS,25.25,DEGREES C,8.32,MG/L
07/26/2010,4,METERS,24.79,DEGREES C,5.31,MG/L
07/26/2010,5,METERS,23.2,DEGREES C,.08,MG/L
07/26/2010,,,26.1,C,8.8,MG/L
08/23/2010,0,METERS,24.81,DEGREES C,8.93,MG/L
08/23/2010,1,METERS,24.72,DEGREES C,8.91,MG/L
08/23/2010,2,METERS,24.65,DEGREES C,8.83,MG/L
08/23/2010,3,METERS,24.43,DEGREES C,8.6,MG/L
08/23/2010,4,METERS,24.23,DEGREES C,5.93,MG/L
08/23/2010,5,METERS,22.84,DEGREES C,2.35,MG/L
08/23/2010,,,24.7,C,8.9,MG/L
09/13/2010,0,FEET,19.07,DEGREES C,9.3,MG/L
09/13/2010,1,FEET,19.06,DEGREES C,9.3,MG/L
09/13/2010,2,FEET,19.04,DEGREES C,9.29,MG/L
09/13/2010,3,FEET,19.01,DEGREES C,9.27,MG/L
09/13/2010,4,FEET,18.96,DEGREES C,9.23,MG/L
09/13/2010,5,FEET,18.37,DEGREES C,8.65,MG/L
09/13/2010,,,19.1,C,9.3,MG/L
04/25/2011,0,METERS,8.42,DEGREES C,,
04/25/2011,1,METERS,7.76,DEGREES C,,
04/25/2011,2,METERS,6.92,DEGREES C,,
04/25/2011,3,METERS,6.67,DEGREES C,,
04/25/2011,4,METERS,6.35,DEGREES C,,
04/25/2011,5,METERS,6.05,DEGREES C,,
04/25/2011,,,7.8,C,,
03/23/2012,0,METERS,8.37,DEGREES C,6.09,MG/L
03/23/2012,1,METERS,8.62,DEGREES C,6.19,MG/L
03/23/2012,2,METERS,7.61,DEGREES C,5.7,MG/L
03/23/2012,3,METERS,7.22,DEGREES C,5.39,MG/L
03/23/2012,4,METERS,6.97,DEGREES C,5.1,MG/L
03/23/2012,5,METERS,6.63,DEGREES C,4.5,MG/L
07/17/2012,0,METERS,27.85,DEGREES C,,
07/17/2012,1,METERS,27.91,DEGREES C,,
07/17/2012,2,METERS,27.76,DEGREES C,,
07/17/2012,3,METERS,27.63,DEGREES C,,
07/17/2012,4,METERS,26.16,DEGREES C,,
07/17/2012,5,METERS,20.67,DEGREES C,,
08/14/2012,0,METERS,22.89,DEGREES C,8.57,MG/L
08/14/2012,1,METERS,22.8,DEGREES C,8.53,MG/L
08/14/2012,2,METERS,22.79,DEGREES C,8.41,MG/L
08/14/2012,3,METERS,22.6,DEGREES C,7.94,MG/L
08/14/2012,4,METERS,22.48,DEGREES C,6.68,MG/L
08/14/2012,5,METERS,22.3,DEGREES C,4.04,MG/L
09/11/2012,0,METERS,20.41,DEGREES C,8.3,MG/L
09/11/2012,1,METERS,20.4,DEGREES C,8.2,MG/L
09/11/2012,2,METERS,20.38,DEGREES C,8.23,MG/L
09/11/2012,3,METERS,20.34,DEGREES C,8.18,MG/L
09/11/2012,4,METERS,20.29,DEGREES C,8.08,MG/L
09/11/2012,5,METERS,20.25,DEGREES C,7.95,MG/L
05/15/2013,0,METERS,12.34,DEGREES C,10.96,MG/L
05/15/2013,1,METERS,12.18,DEGREES C,11.06,MG/L
05/15/2013,2,METERS,12.18,DEGREES C,11.08,MG/L
05/15/2013,3,METERS,11.47,DEGREES C,11.08,MG/L
05/15/2013,4,METERS,10.85,DEGREES C,11.05,MG/L
05/15/2013,5,METERS,10.31,DEGREES C,10.74,MG/L
07/08/2013,0,METERS,25.19,DEGREES C,7.68,MG/L
07/08/2013,1,METERS,25.21,DEGREES C,7.84,MG/L
07/08/2013,2,METERS,25.13,DEGREES C,7.76,MG/L
07/08/2013,3,METERS,25.03,DEGREES C,7.7,MG/L
07/08/2013,4,METERS,22,DEGREES C,6.58,MG/L
07/08/2013,5,METERS,16.52,DEGREES C,1.49,MG/L
07/08/2013,,,25.2,C,7.7,MG/L
08/07/2013,,,22.7,C,8.1,MG/L
09/03/2013,0,METERS,23.75,DEGREES C,8.04,MG/L
09/03/2013,1,METERS,23.77,DEGREES C,7.4,MG/L
09/03/2013,2,METERS,23.77,DEGREES C,7.32,MG/L
09/03/2013,3,METERS,23.76,DEGREES C,7.28,MG/L
09/03/2013,4,METERS,23.73,DEGREES C,7.2,MG/L
09/03/2013,5,METERS,23.69,DEGREES C,7.06,MG/L
05/06/2014,0,METERS,9.21,DEGREES C,10.84,MG/L
05/06/2014,1,METERS,9.03,DEGREES C,10.93,MG/L
05/06/2014,2,METERS,8.95,DEGREES C,10.93,MG/L
05/06/2014,3,METERS,7.56,DEGREES C,10.94,MG/L
05/06/2014,4,METERS,7.03,DEGREES C,10.93,MG/L
05/06/2014,5,METERS,6.82,DEGREES C,10.8,MG/L
07/14/2014,0,METERS,22.7,DEGREES C,7.98,MG/L
07/14/2014,1,METERS,22.7,DEGREES C,8.02,MG/L
07/14/2014,2,METERS,22.66,DEGREES C,7.87,MG/L
07/14/2014,3,METERS,22.6,DEGREES C,7.55,MG/L
07/14/2014,4,METERS,22.13,DEGREES C,5.32,MG/L
07/14/2014,5,METERS,21.33,DEGREES C,.45,MG/L
07/14/2014,,,22.7,C,7.9,MG/L
08/19/2014,0,METERS,22.71,DEGREES C,6.15,MG/L
08/19/2014,1,METERS,22.73,DEGREES C,6.15,MG/L
08/19/2014,2,METERS,22.73,DEGREES C,6.1,MG/L
08/19/2014,3,METERS,22.72,DEGREES C,6.06,MG/L
08/19/2014,4,METERS,22.72,DEGREES C,6.08,MG/L
08/19/2014,5,METERS,22.1,DEGREES C,.58,MG/L
08/19/2014,,,22.7,C,6.1,MG/L
09/11/2014,0,METERS,18.14,DEGREES C,8.38,MG/L
09/11/2014,1,METERS,18.13,DEGREES C,8.33,MG/L
09/11/2014,2,METERS,18.15,DEGREES C,8.28,MG/L
09/11/2014,3,METERS,18.13,DEGREES C,8.22,MG/L
09/11/2014,4,METERS,18.11,DEGREES C,8.18,MG/L
09/11/2014,5,METERS,18.07,DEGREES C,8.09,MG/L
09/11/2014,,,18.7,C,8.1,MG/L
07/18/2016,0,METERS,24.84,DEGREES C,7.86,MG/L
07/18/2016,1,METERS,24.48,DEGREES C,7.84,MG/L
07/18/2016,2,METERS,23.76,DEGREES C,7.25,MG/L
07/18/2016,3,METERS,23.65,DEGREES C,7.2,MG/L
07/18/2016,4,METERS,23.43,DEGREES C,6.45,MG/L
07/18/2016,5,METERS,22.96,DEGREES C,5.16,MG/L
08/15/2016,0,METERS,25.39,DEGREES C,7.63,MG/L
09/13/2016,0,METERS,20.93,DEGREES C,8.43,MG/L
09/13/2016,1,METERS,20.96,DEGREES C,8.2,MG/L
09/13/2016,2,METERS,20.97,DEGREES C,8.2,MG/L
09/13/2016,3,METERS,20.97,DEGREES C,8.19,MG/L
09/13/2016,4,METERS,20.96,DEGREES C,8.16,MG/L
09/13/2016,5,METERS,20.96,DEGREES C,8.12,MG/L
07/12/2017,0,METERS,25.92,DEGREES C,8.68,MG/L
07/12/2017,1,METERS,25.66,DEGREES C,8.74,MG/L
07/12/2017,2,METERS,24.6,DEGREES C,8.59,MG/L
07/12/2017,3,METERS,23.35,DEGREES C,5.71,MG/L
07/12/2017,4,METERS,20.53,DEGREES C,.99,MG/L
08/16/2017,0,METERS,22.57,DEGREES C,8.77,MG/L
08/16/2017,1,METERS,22.51,DEGREES C,8.69,MG/L
08/16/2017,2,METERS,21.77,DEGREES C,8.66,MG/L
08/16/2017,3,METERS,21.64,DEGREES C,8.04,MG/L
08/16/2017,4,METERS,21.51,DEGREES C,6.06,MG/L
09/20/2017,0,METERS,19.83,DEGREES C,8.76,MG/L
09/20/2017,1,METERS,19.8,DEGREES C,8.67,MG/L
09/20/2017,2,METERS,19.77,DEGREES C,8.64,MG/L
09/20/2017,3,METERS,19.69,DEGREES C,8.58,MG/L
09/20/2017,4,METERS,19.02,DEGREES C,5.64,MG/L
09/20/2017,5,METERS,18.45,DEGREES C,1.36,MG/L



Start Date,Fieldwork Comment
07/31/1991,SUMMER SAMPLING    
09/09/1991,SUMMER SAMPLING    
08/26/1992,SUMMER SAMPLING    
10/28/1992,FALL TURNOVER    
03/01/1993,LATE WINTER SAMPLE - LAKES    
04/29/1993,SPRING TURNOVER - NO BOTTOM SAMPLES    
06/10/1993,SUMMER SAMPLING    
07/08/1993,SUMMER SAMPLING    
08/12/1993,SUMMER SAMPLING    
11/01/1993,FALL TURNOVER    
03/01/1994,LATE WINTER SAMPLE - LAKES    
06/22/1994,SUMMER SAMPLING    
07/25/1994,SUMMER SAMPLING    
09/01/1994,SUMMER SAMPLING    
05/18/1995,Water high-staff gauge not yet installed    
06/08/1995,SUMMER SAMPLING    
07/18/1995,SUMMER SAMPLING    
08/26/1995,ISCO SAMPLER    
08/28/1995,SUMMER SAMPLING    
10/12/1995,FALL TURNOVER    
05/13/1996,SPRING TURNOVER    
05/30/1996,Secchi reading about the same as '94 + '95.    
06/05/1996,Weather cool - very little boat traffic.    
06/11/1996,SUMMER SAMPLING    
06/12/1996,Water temp. 73 degrees @ 3'.    
06/19/1996,Steady fishing activity.    
06/27/1996,90 degrees- moderate activity at beach.    
07/03/1996,Weather excellent- fishing good- boat traffic moderate.    
07/10/1996,Water temp. 80 degrees @ 3'-light activity-5 loons on lake.    
07/17/1996,Lowest water level this year-water temp. 80 degrees @ 3'.    
07/25/1996,Weather nice but 8-10 degrees below normal. water temp. 80 degrees @ 3'-little boating activity.    
08/01/1996,Weather excellent-2.5"+ rain earlier in week. moderate boating activity.    
08/08/1996,78 degrees- wind NW @ 18-20 mph. 8 persons at beach.    
08/15/1996,75 degrees- wind NW @ 12 mph-very little activity on lake-clearest water in 3 weeks. partly cloudy.    
08/21/1996,85 degrees- wind S @ 5 mph- sunny beautiful day- water temp. 76 degrees @ 3'-heavy boat traffic Sunday.    
08/29/1996,Wind dead calm- cloudless sky- 60 degrees- not even one fishing boat-beautiful day.    
09/11/1996,85 degrees- sunny- calm-some "glob" type algae-water temp. 76 degrees @ 3'. floating around-heavy traffic on weekend-lowest water level of year.    
09/16/1996,SUMMER SAMPLE    
04/29/1997,SPRING TURNOVER    
05/21/1997,3 fishing boats and 1 water skier on the lake.    
05/28/1997,Wind northeast- cloudy- temp. 62 degrees.- light boat activity- water temp. @3' = 63 degrees.    
06/03/1997,SUMMER SAMPLE    
06/04/1997,Nice day- wind light se- temp. 78 degrees.- water temp. @3' = 70 degrees.    
06/11/1997,Weather nice- cloudy- light wind- mod. boating activity- air temp. 78 degrees.    
06/18/1997,Wind N @ 5 mph- overcast- air temp. 68 degrees. no boating activity.    
06/26/1997,79 degrees. Light wind (variable)- 80 degrees. water temp. @ 3 feet- sunny- moderate boating activity.    
07/03/1997,Storm 7/1/97- high winds- heavy rain- branches down- etc. debris in water.    
07/09/1997,Air temp. 74 degrees. water temp. 72 degrees. @ 3 feet- sunny few cumulus- 3 boats- wind light and variable- people at the beach.    
07/16/1997,92 degrees. very windy- partly cloudy- heavy use of beach area- moderate boat traffic.    
07/23/1997,78 degrees. Light SE wind- partly cloudy- best secchi in 2 years.    
07/30/1997,Light variable wind- 79 degrees- sunny- mod. activity on the lake and beach.    
08/06/1997,Light SW wind- sunny- light activity- 7 loons on lake @7 A.M.    
08/14/1997,Wind E @ 5- overcast- light activity.    
08/20/1997,Overcast- 66 degrees. no boats- wind NW @ 5 mph. water temp. 70 degrees.    
08/27/1997,Light activity- sunny 80 degrees- wind NW at 15 mph.    
02/23/1998,WINTER SAMPLE    
04/13/1998,SPRING TURNOVER    
05/20/1998,NW wind 10 mph. 73 degrees F. no boats.    
05/27/1998,S wind 10-15 mph. partly cloudy and 82 degrees. five fishing boats.    
06/02/1998,SUMMER SAMPLE    
06/04/1998,Overcast and choppy. NW wind 10 mph and 60 degrees.    
06/11/1998,Overcast and light breeze from the east. 68 degrees.    
06/17/1998,Overcast and light NE wind. 80 degrees.    
06/24/1998,Partly cloudy and 84 degrees. water temp 80 degrees at 3 feet.    
07/01/1998,Sunny- 84 degrees. water temp is 80 degrees at 3 feet.    
07/08/1998,Mostly cloudy with light N wind. no activity . 78 degrees.    
07/15/1998,Cloudy and light N wind. 80 degrees.    
07/22/1998,Sunny- WNW wind at 10 mph. 76 degrees.    
07/29/1998,Sunny- NW wind at 8-10 mph. 80 degrees.    
08/05/1998,Hazy- almost calm. 80 degrees. water temp is 80 degrees at 3 feet.    
08/13/1998,Sunny and 80 degrees. SW breeze.  Water temp is 80 degrees.    
08/19/1998,Sunny- SE wind. no activity.    
08/26/1998,Sunny- light breeze from the south. two boats.    
09/03/1998,Sunny and calm. 72 degrees- no activity.    
09/09/1998,Sunny- S wind 10-12 mph. 2 boats.    
09/10/1998,SUMMER    
10/22/1998,FALL TURNOVER    
02/18/1999,WINTER SAMPLING    
04/14/1999,SPRING TURNOVER    
05/19/1999,Partly cloudy. wind S @ 8-10. 2 boats on lake. saw 4 immature loons in morning.    
05/26/1999,Sunny. light SW wind. 2 boats on lake. put the no wake buoys in this am. air temp 73 F.    
06/02/1999,Sunny. wind N @ 5 mph. 3 boats. air temp 60 F. water temp 68 F.    
06/09/1999,Overcast. light SE wind. no boats. air temp 78 F.high winds 06/05. water temp 76 F.    
06/17/1999,Mostly sunny. wind NW @ 5-10. no activity on lake. air temp 65 F. pleasant day. water temp 72 F.    
06/24/1999,SUMMER SAMPLE    
06/24/1999,Sunny. wind W @ 5 mph. no boats. about 12 persons at beach. air temp 80 F. water temp 76 F.    
07/01/1999,Mostly sunny. WNW wind @ 5 mph. no boats. air 70 F. pleasant day. a little cool for swimming. 6 loons @ 7: 00 am. water temp 76 F.    
07/08/1999,Overcast. wind SE @ 5-10. 2 boats. air temp 65 F. .25" rain this am. water temp 80 F.    
07/15/1999,Sunny. wind SW @ 5. 2 boats. people at beach. air temp 88 F. fine day. water temp 82 F.    
07/20/1999,SUMMER SAMPLE    
07/22/1999,Sunny. wind variable. 2 boats. 2 loons. people @ beach. air temp 86 F. pleasant day. water temp 80 F.    
07/29/1999,Sunny- very humid. 84 F. wind NW @ 5. 12 people @ beach. no fishermen. water temp 82 F.    
08/05/1999,Overcast. 78 F. wind SW @ 8-10. water skiers. people on beach. 3 loons. no fishermen. water temp 80 F.    
08/11/1999,Wind sse @ 5. temp 82 F. moderate beach use. 2 boats. water temp 80 F.    
08/20/1999,Partly cloudy. very light SW breeze. temp 74 F. light activity on water and @ beach. water temp 76 F.    
08/25/1999,Mostly sunny. light variable breeze. temp 82 F. light activity on water + beach. water temp 78 F.    
08/25/1999,SUMMER SAMPLE    
09/01/1999,Cloudless. light SE breeze. temp 78 F. no activity on lake. beautiful day. water temp 76 F.    
09/09/1999,Cloudy- SW wind @ 15 mph- temp 58 F- no boating activity. water temp 70 F.    
09/15/1999,Mostly sunny- light NW wind- temp 65 F- 2 fishing boats- buoys are removed. water temp 65 F.    
10/28/1999,FALL TURNOVER    
04/04/2000,SPRING TURNOVER    
05/17/2000,Overcast- light northeast wind- no boats- no activity on beach- the air temperature is 66 degrees and the lake temperature is 64 degrees at three feet of water.    
05/26/2000,Overcast- wind variable- one boat- no activity at beach- the air temperature is 71 degrees and the water temperature is 66 degrees in three feet of water.    
06/02/2000,Cloudy- northwest wind at 10 mph- three boats- no beach activity- 2" of rain in the last two days- the air temperature is 62 degrees and the water is 66 degrees at three feet of water.    
06/07/2000,Overcast- light south wind- no boats- no activity at beach- the air temperature is 65 degrees- and the water temperature is 68 degrees at three and five feet of water.    
06/12/2000,SUMMER SAMPLE    
06/15/2000,Overcast- light southwest wind- no boats- no beach activity- the air temperature is 63 degrees and the water temperature is 70 degrees at three feet.    
06/24/2000,Overcast- very light breeze- two boats- no beach activity- the air temperature is 79 degrees and the water temperature is 76 degrees at three feet.    
06/30/2000,Mostly sunny- southwest wind at 9 mph- two boats- moderate beach activity- the air temperature is 82 degrees and the water temperature is 79 degrees at three feet.    
07/05/2000,Light overcast- light southeast breeze- three boats- moderate beach activity (it was heavy over the weekend) - the air temperature is 78 degrees and the water temperature is 79 degrees.    
07/11/2000,Partly cloudy- light southeast wind- no boats- a few at beach- air temperature is 78 degrees and water temperature is 79 degrees.  There were high winds on the 8th and 3+" of rain.    
07/19/2000,Sunny- light northwest wind- one boat- some at beach- the air temperature is 70 degrees and the water temperature is 79 degrees at three feet.    
07/26/2000,SUMMER SAMPLE    
07/27/2000,Partly cloudy- northwest wind at 8 mph- light activity on lake and beach- the air temperature is 76 degrees and the water temperature is 76 degrees at three feet.    
08/03/2000,Mostly sunny- light southwest breeze- two boats on lake- no beach activity- air temperature is 72 degrees- and water temperature is 79 degrees at three feet- beautiful day.    
08/13/2000,Sunny- light northwest wind- two boats- two loons- no beach activity- air temperature is 80 degrees and water temperature is 80 degrees at three feet- perfect day.  There were thunder storms on the 12th.    
08/19/2000,Sunny- light southeast wind- two boats- no park activity- air is 65 degrees- water is 75 degrees at three feet- and 2" of rain since last secchi reading.    
08/24/2000,Sunny- light east wind- one boat- no beach activity- the air temperature is 77 degrees and the water is 77 degrees at three feet.    
08/29/2000,Sunny- northwest wind at 5-10 mph- two pontoons planting muskies- the air is 70 degrees and the water is 74 degrees at three feet- it is a nice day.    
08/31/2000,SUMMER SAMPLE    
09/07/2000,Sunny- southwest wind at 5-10 mph- no boats- no activity on beach- the air is 70 degrees and the water is 70 degrees at three feet-nice!    
09/13/2000,Partly cloudy- southwest wind at 5 mph- one boat- no beach activity- the air is 68 degrees and the water is 70 degrees at three feet.    
03/01/2001,LATE WINTER - SURFACE- 0M    
04/23/2001,SPRING TURNOVER- SURFACE-OM    
05/18/2001,Sunny- Light- variable breeze. 5 fidhing boats. Air temp = 75 deg F. Water temp = 70 deg F at 3'.    
05/25/2001,Cloudy- light NW wind. 1 boat. 56 deg F. Water temp = 61 deg F at 3'. 7-9" rain in the last 7 days.    
06/02/2001,Cloudy- N wind at 10 mph. 3 fishing boats- no beach activity. Air = 63 deg F- Water = 63 deg F at 3'.    
06/08/2001,Sunny- very light SE breeze. 1 boat (9 fishing boats earlier). Air temp 72 deg F. Water temp =66 deg F at 3'. Saw 5 loons at 7 am.    
06/16/2001,Mostly sunny- SW wind at 10-12 mph. High winds and heavy rain on Monday- trees down at most places on East shore. Jet skis- water skiiers- etc. activity on beaches. 72 deg F- water temp at 3'=72 deg F.    
06/20/2001,SUMMER SAMPLE- SURFACE 0M    
06/22/2001,Mostly sunny- NW wind at 5 mph. More rain and thunderstorms since last reading. 3 boats- 1 jet ski- beach activity. Air temp 68 deg F. Water temp at 3' is 72 deg F.    
06/28/2001,Sunny- SW wind at 3-5 mph. No other boats or beach activity. Air = 84 deg F- water= 80 deg F at 3'. Water level dropping slowly.    
07/06/2001,Overcast- S wind at 5 mph. 1 ski boat. Some beach activity. Air =70 deg F. water temp = 75 deg F at 3'. Water level dropped .2' since 6/28.    
07/13/2001,Sunny- W wind at 5 mph. No boats. No beach activity. Water temp 80 deg F at 3'. Air temp 76 deg F.    
07/18/2001,SUMMER SAMPLE-BOTTOM    
07/21/2001,Overcast- SW wind at 5 mph. 6 boats. Heavy beach activity. Air temp 86 deg F. Water temp at 3'=86 deg F.    
07/29/2001,Overcast- light breeze NNW. 7 boats- moderate beach activity. 83 deg F. Water temp at 3' = 76 deg F.    
07/30/2001,SUMMER SAMPLE- BOTTOM 4M    
08/03/2001,Sunny- very light Northerly breeze. 2 boats- some activity on beach. Air = 79 deg F. water temp at 3' = 80 deg F.    
08/10/2001,Mostly sunny- moderate NW breeze. 3 boats. Light beach activity. 70 deg F. Water temp at 3' = 80 deg F.    
08/13/2001,SUMMER SAMPLE- BOTTOM 5M    
08/19/2001,Sunny- light NNW breeze. 1 boat- no beach activity. 72 deg F. Water temp at 3'=73 deg F.    
08/27/2001,Sunny- NW wind at 5-10 mph. 1 boat. Light beach activity. 76 deg F air. Water temp at 3'=75 deg F.    
08/31/2001,Mostly sunny. NW wind at 5-10 mph. No other activity on lake. 67 deg F. Water temp at 3'=75 deg F.    
09/12/2001,SUMMER SAMPLE- SURFACE-0M    
09/16/2001,Mostly cloudy- 5 mph S wind. 2 fishing boats. 57 deg F. No beach activity.    
10/02/2001,Sunny- slightly breezy. No boats. Air 64 deg F. Some geese flying.    
10/16/2001,FALL TURNOVER- SURFACE-0M    
10/17/2001,Clear- sunny. SW wind at 5 mph. One boat. Air temp 47 deg F. 2 loons on lake.    
04/23/2002,SPRING TURNOVER - SURFACE 0M    
06/11/2002,SUMMER SAMPLE - BOTTOM- 5M    
06/26/2002,SUMMER SAMPLE-BOTTOM 4M    
07/17/2002,SUMMER SAMPLE - BOTTOM 5M    
08/14/2002,SUMMER SAMPLE - SURFACE- 0M    
09/05/2002,SUMMER SAMPLE - BOTTOM- 5M    
11/06/2002,FALL TURNOVER - SURFACE- 0M    
04/23/2003,SPRING TURNOVER - SURFACE 0M    
07/23/2003,SURFACE 0-2M    
08/20/2003,SUMMER SAMPLE - BOTTOM    
09/04/2003,SUMMER SAMPLE - SURFACE 0M    
04/26/2004,SPRING TURNOVER - SURFACE 0M    
07/15/2004,SUMMER SAMPLE - SURFACE 0M     
08/11/2004,SUMMER SAMPLE - SURFACE 0M     
09/15/2004,SUMMER SAMPLE - SURFACE- 0M     
04/25/2005,SPRING TURNOVER - SURFACE GRAB    
07/27/2005,SUMMER SAMPLE - SURFACE 0M     
08/15/2005,SUMMER SAMPLE - SURFACE 0M     
09/07/2005,SUMMER SAMPLE - SURFACE- 0M    
04/24/2006,LATE WINTER - SURFACE- 0M     
07/20/2006,SUMMER SAMPLE - SURFACE- 0M     
08/15/2006,SUMMER SAMPLE- SURFACE 0M     
09/06/2006,SUMMER SAMPLE - SURFACE- 0M     




Start Date,Group Name,Project Name
07/24/1986,Scott Schellhaass,Citizen Lake Monitoring - Water Quality - Round Lake - Middle - Deep Hole
07/28/1986,Julius Derge,Citizen Lake Monitoring - Water Quality - Round Lake - Middle - Deep Hole
08/19/1986,Julius Derge,Citizen Lake Monitoring - Water Quality - Round Lake - Middle - Deep Hole
08/29/1986,Julius Derge,Citizen Lake Monitoring - Water Quality - Round Lake - Middle - Deep Hole
09/12/1986,Julius Derge,Citizen Lake Monitoring - Water Quality - Round Lake - Middle - Deep Hole
09/24/1986,Julius Derge,Citizen Lake Monitoring - Water Quality - Round Lake - Middle - Deep Hole
10/01/1986,Julius Derge,Citizen Lake Monitoring - Water Quality - Round Lake - Middle - Deep Hole
06/12/1987,Julius Derge,Citizen Lake Monitoring - Water Quality - Round Lake - Middle - Deep Hole
06/20/1987,Julius Derge,Citizen Lake Monitoring - Water Quality - Round Lake - Middle - Deep Hole
06/29/1987,Julius Derge,Citizen Lake Monitoring - Water Quality - Round Lake - Middle - Deep Hole
06/30/1987,Julius Derge,Citizen Lake Monitoring - Water Quality - Round Lake - Middle - Deep Hole
07/01/1987,Julius Derge,Citizen Lake Monitoring - Water Quality - Round Lake - Middle - Deep Hole
07/02/1987,Julius Derge,Citizen Lake Monitoring - Water Quality - Round Lake - Middle - Deep Hole
07/03/1987,Julius Derge,Citizen Lake Monitoring - Water Quality - Round Lake - Middle - Deep Hole
07/10/1987,Julius Derge,Citizen Lake Monitoring - Water Quality - Round Lake - Middle - Deep Hole
07/12/1987,Julius Derge,Citizen Lake Monitoring - Water Quality - Round Lake - Middle - Deep Hole
07/18/1987,Julius Derge,Citizen Lake Monitoring - Water Quality - Round Lake - Middle - Deep Hole
07/19/1987,Julius Derge,Citizen Lake Monitoring - Water Quality - Round Lake - Middle - Deep Hole
07/26/1987,Julius Derge,Citizen Lake Monitoring - Water Quality - Round Lake - Middle - Deep Hole
08/07/1987,Julius Derge,Citizen Lake Monitoring - Water Quality - Round Lake - Middle - Deep Hole
08/15/1987,Julius Derge,Citizen Lake Monitoring - Water Quality - Round Lake - Middle - Deep Hole
08/21/1987,Julius Derge,Citizen Lake Monitoring - Water Quality - Round Lake - Middle - Deep Hole
08/28/1987,Julius Derge,Citizen Lake Monitoring - Water Quality - Round Lake - Middle - Deep Hole
09/04/1987,Julius Derge,Citizen Lake Monitoring - Water Quality - Round Lake - Middle - Deep Hole
09/22/1987,Julius Derge,Citizen Lake Monitoring - Water Quality - Round Lake - Middle - Deep Hole
09/28/1987,Julius Derge,Citizen Lake Monitoring - Water Quality - Round Lake - Middle - Deep Hole
10/07/1987,Julius Derge,Citizen Lake Monitoring - Water Quality - Round Lake - Middle - Deep Hole
05/30/1988,Julius Derge,Citizen Lake Monitoring - Water Quality - Round Lake - Middle - Deep Hole
06/12/1988,Julius Derge,Citizen Lake Monitoring - Water Quality - Round Lake - Middle - Deep Hole
06/13/1988,Julius Derge,Citizen Lake Monitoring - Water Quality - Round Lake - Middle - Deep Hole
06/19/1988,Julius Derge,Citizen Lake Monitoring - Water Quality - Round Lake - Middle - Deep Hole
06/20/1988,Julius Derge,Citizen Lake Monitoring - Water Quality - Round Lake - Middle - Deep Hole
06/27/1988,Julius Derge,Citizen Lake Monitoring - Water Quality - Round Lake - Middle - Deep Hole
07/01/1988,Julius Derge,Citizen Lake Monitoring - Water Quality - Round Lake - Middle - Deep Hole
07/17/1988,Julius Derge,Citizen Lake Monitoring - Water Quality - Round Lake - Middle - Deep Hole
07/21/1988,Data Collectors,Lake Baseline Monitoring- DNR (1970s-2006)
07/22/1988,Julius Derge,Citizen Lake Monitoring - Water Quality - Round Lake - Middle - Deep Hole
07/28/1988,Julius Derge,Citizen Lake Monitoring - Water Quality - Round Lake - Middle - Deep Hole
08/03/1988,Julius Derge,Citizen Lake Monitoring - Water Quality - Round Lake - Middle - Deep Hole
08/12/1988,Julius Derge,Citizen Lake Monitoring - Water Quality - Round Lake - Middle - Deep Hole
08/17/1988,Julius Derge,Citizen Lake Monitoring - Water Quality - Round Lake - Middle - Deep Hole
08/23/1988,Julius Derge,Citizen Lake Monitoring - Water Quality - Round Lake - Middle - Deep Hole
08/31/1988,Data Collectors,Lake Baseline Monitoring- DNR (1970s-2006)
08/31/1988,Julius Derge,Citizen Lake Monitoring - Water Quality - Round Lake - Middle - Deep Hole
09/11/1988,Julius Derge,Citizen Lake Monitoring - Water Quality - Round Lake - Middle - Deep Hole
09/15/1988,Julius Derge,Citizen Lake Monitoring - Water Quality - Round Lake - Middle - Deep Hole
09/22/1988,Julius Derge,Citizen Lake Monitoring - Water Quality - Round Lake - Middle - Deep Hole
10/14/1988,Julius Derge,Citizen Lake Monitoring - Water Quality - Round Lake - Middle - Deep Hole
03/21/1989,Data Collectors,Lake Baseline Monitoring- DNR (1970s-2006)
05/04/1989,Data Collectors,Lake Baseline Monitoring- DNR (1970s-2006)
06/01/1989,Julius Derge,Citizen Lake Monitoring - Water Quality - Round Lake - Middle - Deep Hole
06/08/1989,Julius Derge,Citizen Lake Monitoring - Water Quality - Round Lake - Middle - Deep Hole
06/13/1989,Data Collectors,Lake Baseline Monitoring- DNR (1970s-2006)
06/15/1989,Julius Derge,Citizen Lake Monitoring - Water Quality - Round Lake - Middle - Deep Hole
06/22/1989,Julius Derge,Citizen Lake Monitoring - Water Quality - Round Lake - Middle - Deep Hole
07/01/1989,Julius Derge,Citizen Lake Monitoring - Water Quality - Round Lake - Middle - Deep Hole
07/07/1989,Julius Derge,Citizen Lake Monitoring - Water Quality - Round Lake - Middle - Deep Hole
07/11/1989,Julius Derge,Citizen Lake Monitoring - Water Quality - Round Lake - Middle - Deep Hole
07/17/1989,Julius Derge,Citizen Lake Monitoring - Water Quality - Round Lake - Middle - Deep Hole
07/24/1989,Julius Derge,Citizen Lake Monitoring - Water Quality - Round Lake - Middle - Deep Hole
07/31/1989,Julius Derge,Citizen Lake Monitoring - Water Quality - Round Lake - Middle - Deep Hole
08/14/1989,Julius Derge,Citizen Lake Monitoring - Water Quality - Round Lake - Middle - Deep Hole
08/17/1989,Data Collectors,Lake Baseline Monitoring- DNR (1970s-2006)
08/19/1989,Julius Derge,Citizen Lake Monitoring - Water Quality - Round Lake - Middle - Deep Hole
08/25/1989,Julius Derge,Citizen Lake Monitoring - Water Quality - Round Lake - Middle - Deep Hole
08/30/1989,Julius Derge,Citizen Lake Monitoring - Water Quality - Round Lake - Middle - Deep Hole
09/02/1989,Julius Derge,Citizen Lake Monitoring - Water Quality - Round Lake - Middle - Deep Hole
09/08/1989,Julius Derge,Citizen Lake Monitoring - Water Quality - Round Lake - Middle - Deep Hole
09/17/1989,Julius Derge,Citizen Lake Monitoring - Water Quality - Round Lake - Middle - Deep Hole
09/22/1989,Julius Derge,Citizen Lake Monitoring - Water Quality - Round Lake - Middle - Deep Hole
09/27/1989,Julius Derge,Citizen Lake Monitoring - Water Quality - Round Lake - Middle - Deep Hole
10/13/1989,Julius Derge,Citizen Lake Monitoring - Water Quality - Round Lake - Middle - Deep Hole
02/20/1990,Data Collectors,Lake Baseline Monitoring- DNR (1970s-2006)
05/15/1990,Data Collectors,Lake Baseline Monitoring- DNR (1970s-2006)
06/01/1990,Julius Derge,Citizen Lake Monitoring - Water Quality - Round Lake - Middle - Deep Hole
06/07/1990,Julius Derge,Citizen Lake Monitoring - Water Quality - Round Lake - Middle - Deep Hole
06/14/1990,Julius Derge,Citizen Lake Monitoring - Water Quality - Round Lake - Middle - Deep Hole
06/20/1990,Data Collectors,Lake Baseline Monitoring- DNR (1970s-2006)
06/25/1990,Julius Derge,Citizen Lake Monitoring - Water Quality - Round Lake - Middle - Deep Hole
06/29/1990,Julius Derge,Citizen Lake Monitoring - Water Quality - Round Lake - Middle - Deep Hole
07/09/1990,Julius Derge,Citizen Lake Monitoring - Water Quality - Round Lake - Middle - Deep Hole
07/13/1990,Julius Derge,Citizen Lake Monitoring - Water Quality - Round Lake - Middle - Deep Hole
07/18/1990,Data Collectors,Lake Baseline Monitoring- DNR (1970s-2006)
07/20/1990,Julius Derge,Citizen Lake Monitoring - Water Quality - Round Lake - Middle - Deep Hole
07/28/1990,Julius Derge,Citizen Lake Monitoring - Water Quality - Round Lake - Middle - Deep Hole
08/15/1990,Data Collectors,Lake Baseline Monitoring- DNR (1970s-2006)
08/20/1990,Julius Derge,Citizen Lake Monitoring - Water Quality - Round Lake - Middle - Deep Hole
08/24/1990,Julius Derge,Citizen Lake Monitoring - Water Quality - Round Lake - Middle - Deep Hole
08/28/1990,Julius Derge,Citizen Lake Monitoring - Water Quality - Round Lake - Middle - Deep Hole
09/01/1990,Julius Derge,Citizen Lake Monitoring - Water Quality - Round Lake - Middle - Deep Hole
09/06/1990,Julius Derge,Citizen Lake Monitoring - Water Quality - Round Lake - Middle - Deep Hole
09/09/1990,Julius Derge,Citizen Lake Monitoring - Water Quality - Round Lake - Middle - Deep Hole
09/14/1990,Julius Derge,Citizen Lake Monitoring - Water Quality - Round Lake - Middle - Deep Hole
09/20/1990,Julius Derge,Citizen Lake Monitoring - Water Quality - Round Lake - Middle - Deep Hole
09/25/1990,Julius Derge,Citizen Lake Monitoring - Water Quality - Round Lake - Middle - Deep Hole
09/30/1990,Julius Derge,Citizen Lake Monitoring - Water Quality - Round Lake - Middle - Deep Hole
10/13/1990,Julius Derge,Citizen Lake Monitoring - Water Quality - Round Lake - Middle - Deep Hole
10/15/1990,PATRICK SORGE,Lakes Long Term Trend Monitoring (1986-present)
03/20/1991,Data Collectors,Lake Baseline Monitoring- DNR (1970s-2006)
04/22/1991,Data Collectors,Lake Baseline Monitoring- DNR (1970s-2006)
06/03/1991,Julius Derge,Citizen Lake Monitoring - Water Quality - Round Lake - Middle - Deep Hole
06/11/1991,Julius Derge,Citizen Lake Monitoring - Water Quality - Round Lake - Middle - Deep Hole
06/20/1991,Julius Derge,Citizen Lake Monitoring - Water Quality - Round Lake - Middle - Deep Hole
06/26/1991,Data Collectors,Lake Baseline Monitoring- DNR (1970s-2006)
06/28/1991,Julius Derge,Citizen Lake Monitoring - Water Quality - Round Lake - Middle - Deep Hole
07/03/1991,Julius Derge,Citizen Lake Monitoring - Water Quality - Round Lake - Middle - Deep Hole
07/08/1991,Julius Derge,Citizen Lake Monitoring - Water Quality - Round Lake - Middle - Deep Hole
07/22/1991,Julius Derge,Citizen Lake Monitoring - Water Quality - Round Lake - Middle - Deep Hole
07/28/1991,Julius Derge,Citizen Lake Monitoring - Water Quality - Round Lake - Middle - Deep Hole
07/31/1991,Data Collectors,Lake Baseline Monitoring- DNR (1970s-2006)
08/06/1991,Julius Derge,Citizen Lake Monitoring - Water Quality - Round Lake - Middle - Deep Hole
08/14/1991,Julius Derge,Citizen Lake Monitoring - Water Quality - Round Lake - Middle - Deep Hole
08/21/1991,Julius Derge,Citizen Lake Monitoring - Water Quality - Round Lake - Middle - Deep Hole
08/26/1991,Julius Derge,Citizen Lake Monitoring - Water Quality - Round Lake - Middle - Deep Hole
08/30/1991,Julius Derge,Citizen Lake Monitoring - Water Quality - Round Lake - Middle - Deep Hole
09/09/1991,Data Collectors,Lake Baseline Monitoring- DNR (1970s-2006)
09/26/1991,Julius Derge,Citizen Lake Monitoring - Water Quality - Round Lake - Middle - Deep Hole
09/30/1991,Julius Derge,Citizen Lake Monitoring - Water Quality - Round Lake - Middle - Deep Hole
07/02/1992,Data Collectors,Lake Baseline Monitoring- DNR (1970s-2006)
07/28/1992,Data Collectors,Lake Baseline Monitoring- DNR (1970s-2006)
07/30/1992,Data Collectors,Lake Baseline Monitoring- DNR (1970s-2006)
08/06/1992,Data Collectors,Lake Baseline Monitoring- DNR (1970s-2006)
08/26/1992,Data Collectors,Lake Baseline Monitoring- DNR (1970s-2006)
10/28/1992,Data Collectors,Lake Baseline Monitoring- DNR (1970s-2006)
03/01/1993,Data Collectors,Lake Baseline Monitoring- DNR (1970s-2006)
04/29/1993,Data Collectors,Lake Baseline Monitoring- DNR (1970s-2006)
06/10/1993,Data Collectors,Lake Baseline Monitoring- DNR (1970s-2006)
07/08/1993,Data Collectors,Lake Baseline Monitoring- DNR (1970s-2006)
08/12/1993,Data Collectors,Lake Baseline Monitoring- DNR (1970s-2006)
11/01/1993,Data Collectors,Lake Baseline Monitoring- DNR (1970s-2006)
03/01/1994,Data Collectors,Lake Baseline Monitoring- DNR (1970s-2006)
05/24/1994,Bob Biechler,Citizen Lake Monitoring - Water Quality - Round Lake - Middle - Deep Hole
06/01/1994,Bob Biechler,Citizen Lake Monitoring - Water Quality - Round Lake - Middle - Deep Hole
06/08/1994,Bob Biechler,Citizen Lake Monitoring - Water Quality - Round Lake - Middle - Deep Hole
06/15/1994,Bob Biechler,Citizen Lake Monitoring - Water Quality - Round Lake - Middle - Deep Hole
06/22/1994,Bob Biechler,Citizen Lake Monitoring - Water Quality - Round Lake - Middle - Deep Hole
06/22/1994,Data Collectors,Lake Baseline Monitoring- DNR (1970s-2006)
07/06/1994,Bob Biechler,Citizen Lake Monitoring - Water Quality - Round Lake - Middle - Deep Hole
07/13/1994,Bob Biechler,Citizen Lake Monitoring - Water Quality - Round Lake - Middle - Deep Hole
07/20/1994,Bob Biechler,Citizen Lake Monitoring - Water Quality - Round Lake - Middle - Deep Hole
07/25/1994,Data Collectors,Lake Baseline Monitoring- DNR (1970s-2006)
07/27/1994,Bob Biechler,Citizen Lake Monitoring - Water Quality - Round Lake - Middle - Deep Hole
08/03/1994,Bob Biechler,Citizen Lake Monitoring - Water Quality - Round Lake - Middle - Deep Hole
08/10/1994,Bob Biechler,Citizen Lake Monitoring - Water Quality - Round Lake - Middle - Deep Hole
08/17/1994,Bob Biechler,Citizen Lake Monitoring - Water Quality - Round Lake - Middle - Deep Hole
08/24/1994,Bob Biechler,Citizen Lake Monitoring - Water Quality - Round Lake - Middle - Deep Hole
08/31/1994,Bob Biechler,Citizen Lake Monitoring - Water Quality - Round Lake - Middle - Deep Hole
09/01/1994,Data Collectors,Lake Baseline Monitoring- DNR (1970s-2006)
09/07/1994,Bob Biechler,Citizen Lake Monitoring - Water Quality - Round Lake - Middle - Deep Hole
10/24/1994,Data Collectors,Lake Baseline Monitoring- DNR (1970s-2006)
03/15/1995,Data Collectors,Lake Baseline Monitoring- DNR (1970s-2006)
04/25/1995,Data Collectors,Lake Baseline Monitoring- DNR (1970s-2006)
05/18/1995,Bob Biechler,Citizen Lake Monitoring - Water Quality - Round Lake - Middle - Deep Hole
05/24/1995,Bob Biechler,Citizen Lake Monitoring - Water Quality - Round Lake - Middle - Deep Hole
05/31/1995,Bob Biechler,Citizen Lake Monitoring - Water Quality - Round Lake - Middle - Deep Hole
06/08/1995,Bob Biechler,Citizen Lake Monitoring - Water Quality - Round Lake - Middle - Deep Hole
06/08/1995,Data Collectors,Lake Baseline Monitoring- DNR (1970s-2006)
06/14/1995,Bob Biechler,Citizen Lake Monitoring - Water Quality - Round Lake - Middle - Deep Hole
06/21/1995,Bob Biechler,Citizen Lake Monitoring - Water Quality - Round Lake - Middle - Deep Hole
06/28/1995,Bob Biechler,Citizen Lake Monitoring - Water Quality - Round Lake - Middle - Deep Hole
07/05/1995,Bob Biechler,Citizen Lake Monitoring - Water Quality - Round Lake - Middle - Deep Hole
07/12/1995,Bob Biechler,Citizen Lake Monitoring - Water Quality - Round Lake - Middle - Deep Hole
07/18/1995,Data Collectors,Lake Baseline Monitoring- DNR (1970s-2006)
07/19/1995,Bob Biechler,Citizen Lake Monitoring - Water Quality - Round Lake - Middle - Deep Hole
07/26/1995,Bob Biechler,Citizen Lake Monitoring - Water Quality - Round Lake - Middle - Deep Hole
08/02/1995,Bob Biechler,Citizen Lake Monitoring - Water Quality - Round Lake - Middle - Deep Hole
08/09/1995,Bob Biechler,Citizen Lake Monitoring - Water Quality - Round Lake - Middle - Deep Hole
08/17/1995,Bob Biechler,Citizen Lake Monitoring - Water Quality - Round Lake - Middle - Deep Hole
08/18/1995,Data Collectors,DIATOM REFERENCE PROJECT
08/19/1995,Data Collectors,DIATOM REFERENCE PROJECT
08/20/1995,Data Collectors,DIATOM REFERENCE PROJECT
08/23/1995,Bob Biechler,Citizen Lake Monitoring - Water Quality - Round Lake - Middle - Deep Hole
08/26/1995,Data Collectors,DIATOM REFERENCE PROJECT
08/28/1995,Data Collectors,Lake Baseline Monitoring- DNR (1970s-2006)
08/30/1995,Bob Biechler,Citizen Lake Monitoring - Water Quality - Round Lake - Middle - Deep Hole
09/02/1995,Data Collectors,DIATOM REFERENCE PROJECT
09/03/1995,Data Collectors,DIATOM REFERENCE PROJECT
09/04/1995,Data Collectors,DIATOM REFERENCE PROJECT
09/06/1995,Bob Biechler,Citizen Lake Monitoring - Water Quality - Round Lake - Middle - Deep Hole
09/13/1995,Data Collectors,DIATOM REFERENCE PROJECT
09/14/1995,Data Collectors,DIATOM REFERENCE PROJECT
09/28/1995,Data Collectors,DIATOM REFERENCE PROJECT
09/29/1995,Data Collectors,DIATOM REFERENCE PROJECT
09/30/1995,Data Collectors,DIATOM REFERENCE PROJECT
10/01/1995,Data Collectors,DIATOM REFERENCE PROJECT
10/12/1995,Data Collectors,Lake Baseline Monitoring- DNR (1970s-2006)
02/29/1996,Data Collectors,Lake Baseline Monitoring- DNR (1970s-2006)
05/13/1996,Data Collectors,Lake Baseline Monitoring- DNR (1970s-2006)
05/30/1996,Bob Biechler,Citizen Lake Monitoring - Water Quality - Round Lake - Middle - Deep Hole
05/31/1996,Data Collectors,Motorboat Lake Sediment Study 1995-1996
06/01/1996,Data Collectors,Motorboat Lake Sediment Study 1995-1996
06/02/1996,Data Collectors,Motorboat Lake Sediment Study 1995-1996
06/05/1996,Bob Biechler,Citizen Lake Monitoring - Water Quality - Round Lake - Middle - Deep Hole
06/11/1996,Data Collectors,Lake Baseline Monitoring- DNR (1970s-2006)
06/12/1996,Bob Biechler,Citizen Lake Monitoring - Water Quality - Round Lake - Middle - Deep Hole
06/19/1996,Bob Biechler,Citizen Lake Monitoring - Water Quality - Round Lake - Middle - Deep Hole
06/27/1996,Bob Biechler,Citizen Lake Monitoring - Water Quality - Round Lake - Middle - Deep Hole
07/03/1996,Bob Biechler,Citizen Lake Monitoring - Water Quality - Round Lake - Middle - Deep Hole
07/10/1996,Bob Biechler,Citizen Lake Monitoring - Water Quality - Round Lake - Middle - Deep Hole
07/17/1996,Bob Biechler,Citizen Lake Monitoring - Water Quality - Round Lake - Middle - Deep Hole
07/25/1996,Bob Biechler,Citizen Lake Monitoring - Water Quality - Round Lake - Middle - Deep Hole
07/25/1996,Data Collectors,Lake Baseline Monitoring- DNR (1970s-2006)
08/01/1996,Bob Biechler,Citizen Lake Monitoring - Water Quality - Round Lake - Middle - Deep Hole
08/08/1996,Bob Biechler,Citizen Lake Monitoring - Water Quality - Round Lake - Middle - Deep Hole
08/15/1996,Bob Biechler,Citizen Lake Monitoring - Water Quality - Round Lake - Middle - Deep Hole
08/21/1996,Bob Biechler,Citizen Lake Monitoring - Water Quality - Round Lake - Middle - Deep Hole
08/29/1996,Bob Biechler,Citizen Lake Monitoring - Water Quality - Round Lake - Middle - Deep Hole
09/11/1996,Bob Biechler,Citizen Lake Monitoring - Water Quality - Round Lake - Middle - Deep Hole
09/16/1996,Data Collectors,Lake Baseline Monitoring- DNR (1970s-2006)
11/05/1996,Data Collectors,Lake Baseline Monitoring- DNR (1970s-2006)
02/20/1997,Data Collectors,Lake Baseline Monitoring- DNR (1970s-2006)
04/29/1997,Data Collectors,Lake Baseline Monitoring- DNR (1970s-2006)
05/21/1997,Bob Biechler,Citizen Lake Monitoring - Water Quality - Round Lake - Middle - Deep Hole
05/28/1997,Bob Biechler,Citizen Lake Monitoring - Water Quality - Round Lake - Middle - Deep Hole
06/03/1997,Data Collectors,Lake Baseline Monitoring- DNR (1970s-2006)
06/04/1997,Bob Biechler,Citizen Lake Monitoring - Water Quality - Round Lake - Middle - Deep Hole
06/11/1997,Bob Biechler,Citizen Lake Monitoring - Water Quality - Round Lake - Middle - Deep Hole
06/18/1997,Bob Biechler,Citizen Lake Monitoring - Water Quality - Round Lake - Middle - Deep Hole
06/26/1997,Bob Biechler,Citizen Lake Monitoring - Water Quality - Round Lake - Middle - Deep Hole
07/02/1997,Data Collectors,Lake Baseline Monitoring- DNR (1970s-2006)
07/03/1997,Bob Biechler,Citizen Lake Monitoring - Water Quality - Round Lake - Middle - Deep Hole
07/09/1997,Bob Biechler,Citizen Lake Monitoring - Water Quality - Round Lake - Middle - Deep Hole
07/16/1997,Bob Biechler,Citizen Lake Monitoring - Water Quality - Round Lake - Middle - Deep Hole
07/23/1997,Bob Biechler,Citizen Lake Monitoring - Water Quality - Round Lake - Middle - Deep Hole
07/30/1997,Bob Biechler,Citizen Lake Monitoring - Water Quality - Round Lake - Middle - Deep Hole
08/06/1997,Bob Biechler,Citizen Lake Monitoring - Water Quality - Round Lake - Middle - Deep Hole
08/14/1997,Bob Biechler,Citizen Lake Monitoring - Water Quality - Round Lake - Middle - Deep Hole
08/14/1997,Data Collectors,Lake Baseline Monitoring- DNR (1970s-2006)
08/20/1997,Bob Biechler,Citizen Lake Monitoring - Water Quality - Round Lake - Middle - Deep Hole
08/27/1997,Bob Biechler,Citizen Lake Monitoring - Water Quality - Round Lake - Middle - Deep Hole
09/03/1997,Bob Biechler,Citizen Lake Monitoring - Water Quality - Round Lake - Middle - Deep Hole
10/30/1997,Data Collectors,Lake Baseline Monitoring- DNR (1970s-2006)
02/23/1998,Data Collectors,Lake Baseline Monitoring- DNR (1970s-2006)
04/13/1998,Data Collectors,Lake Baseline Monitoring- DNR (1970s-2006)
05/20/1998,Bob Biechler,Citizen Lake Monitoring - Water Quality - Round Lake - Middle - Deep Hole
05/27/1998,Bob Biechler,Citizen Lake Monitoring - Water Quality - Round Lake - Middle - Deep Hole
06/02/1998,Data Collectors,Lake Baseline Monitoring- DNR (1970s-2006)
06/04/1998,Bob Biechler,Citizen Lake Monitoring - Water Quality - Round Lake - Middle - Deep Hole
06/11/1998,Bob Biechler,Citizen Lake Monitoring - Water Quality - Round Lake - Middle - Deep Hole
06/17/1998,Bob Biechler,Citizen Lake Monitoring - Water Quality - Round Lake - Middle - Deep Hole
06/24/1998,Bob Biechler,Citizen Lake Monitoring - Water Quality - Round Lake - Middle - Deep Hole
07/01/1998,Bob Biechler,Citizen Lake Monitoring - Water Quality - Round Lake - Middle - Deep Hole
07/07/1998,Data Collectors,Lake Baseline Monitoring- DNR (1970s-2006)
07/08/1998,Bob Biechler,Citizen Lake Monitoring - Water Quality - Round Lake - Middle - Deep Hole
07/15/1998,Bob Biechler,Citizen Lake Monitoring - Water Quality - Round Lake - Middle - Deep Hole
07/22/1998,Bob Biechler,Citizen Lake Monitoring - Water Quality - Round Lake - Middle - Deep Hole
07/29/1998,Bob Biechler,Citizen Lake Monitoring - Water Quality - Round Lake - Middle - Deep Hole
08/05/1998,Bob Biechler,Citizen Lake Monitoring - Water Quality - Round Lake - Middle - Deep Hole
08/13/1998,Bob Biechler,Citizen Lake Monitoring - Water Quality - Round Lake - Middle - Deep Hole
08/19/1998,Bob Biechler,Citizen Lake Monitoring - Water Quality - Round Lake - Middle - Deep Hole
08/26/1998,Bob Biechler,Citizen Lake Monitoring - Water Quality - Round Lake - Middle - Deep Hole
09/03/1998,Bob Biechler,Citizen Lake Monitoring - Water Quality - Round Lake - Middle - Deep Hole
09/09/1998,Bob Biechler,Citizen Lake Monitoring - Water Quality - Round Lake - Middle - Deep Hole
09/10/1998,Data Collectors,Lake Baseline Monitoring- DNR (1970s-2006)
10/22/1998,Data Collectors,Lake Baseline Monitoring- DNR (1970s-2006)
02/18/1999,Data Collectors,Lake Baseline Monitoring- DNR (1970s-2006)
04/14/1999,Data Collectors,Lake Baseline Monitoring- DNR (1970s-2006)
05/19/1999,Bob Biechler,Citizen Lake Monitoring - Water Quality - Round Lake - Middle - Deep Hole
05/26/1999,Bob Biechler,Citizen Lake Monitoring - Water Quality - Round Lake - Middle - Deep Hole
06/02/1999,Bob Biechler,Citizen Lake Monitoring - Water Quality - Round Lake - Middle - Deep Hole
06/09/1999,Bob Biechler,Citizen Lake Monitoring - Water Quality - Round Lake - Middle - Deep Hole
06/17/1999,Bob Biechler,Citizen Lake Monitoring - Water Quality - Round Lake - Middle - Deep Hole
06/24/1999,Bob Biechler,Citizen Lake Monitoring - Water Quality - Round Lake - Middle - Deep Hole
06/24/1999,Data Collectors,Lake Baseline Monitoring- DNR (1970s-2006)
07/01/1999,Bob Biechler,Citizen Lake Monitoring - Water Quality - Round Lake - Middle - Deep Hole
07/08/1999,Bob Biechler,Citizen Lake Monitoring - Water Quality - Round Lake - Middle - Deep Hole
07/15/1999,Bob Biechler,Citizen Lake Monitoring - Water Quality - Round Lake - Middle - Deep Hole
07/20/1999,Data Collectors,Lake Baseline Monitoring- DNR (1970s-2006)
07/22/1999,Bob Biechler,Citizen Lake Monitoring - Water Quality - Round Lake - Middle - Deep Hole
07/29/1999,Bob Biechler,Citizen Lake Monitoring - Water Quality - Round Lake - Middle - Deep Hole
08/05/1999,Bob Biechler,Citizen Lake Monitoring - Water Quality - Round Lake - Middle - Deep Hole
08/11/1999,Bob Biechler,Citizen Lake Monitoring - Water Quality - Round Lake - Middle - Deep Hole
08/20/1999,Bob Biechler,Citizen Lake Monitoring - Water Quality - Round Lake - Middle - Deep Hole
08/25/1999,ANGELA PARKHURST,Lake Baseline Monitoring- DNR (1970s-2006)
08/25/1999,Bob Biechler,Citizen Lake Monitoring - Water Quality - Round Lake - Middle - Deep Hole
09/01/1999,Bob Biechler,Citizen Lake Monitoring - Water Quality - Round Lake - Middle - Deep Hole
09/09/1999,Bob Biechler,Citizen Lake Monitoring - Water Quality - Round Lake - Middle - Deep Hole
09/15/1999,Bob Biechler,Citizen Lake Monitoring - Water Quality - Round Lake - Middle - Deep Hole
10/28/1999,Data Collectors,Lake Baseline Monitoring- DNR (1970s-2006)
04/04/2000,Data Collectors,Lake Baseline Monitoring- DNR (1970s-2006)
05/17/2000,Bob Biechler,Citizen Lake Monitoring - Water Quality - Round Lake - Middle - Deep Hole
05/26/2000,Bob Biechler,Citizen Lake Monitoring - Water Quality - Round Lake - Middle - Deep Hole
06/02/2000,Bob Biechler,Citizen Lake Monitoring - Water Quality - Round Lake - Middle - Deep Hole
06/07/2000,Bob Biechler,Citizen Lake Monitoring - Water Quality - Round Lake - Middle - Deep Hole
06/12/2000,Data Collectors,Lake Baseline Monitoring- DNR (1970s-2006)
06/15/2000,Bob Biechler,Citizen Lake Monitoring - Water Quality - Round Lake - Middle - Deep Hole
06/24/2000,Bob Biechler,Citizen Lake Monitoring - Water Quality - Round Lake - Middle - Deep Hole
06/30/2000,Bob Biechler,Citizen Lake Monitoring - Water Quality - Round Lake - Middle - Deep Hole
07/05/2000,Bob Biechler,Citizen Lake Monitoring - Water Quality - Round Lake - Middle - Deep Hole
07/11/2000,Bob Biechler,Citizen Lake Monitoring - Water Quality - Round Lake - Middle - Deep Hole
07/19/2000,Bob Biechler,Citizen Lake Monitoring - Water Quality - Round Lake - Middle - Deep Hole
07/26/2000,Data Collectors,Lake Baseline Monitoring- DNR (1970s-2006)
07/27/2000,Bob Biechler,Citizen Lake Monitoring - Water Quality - Round Lake - Middle - Deep Hole
08/03/2000,Bob Biechler,Citizen Lake Monitoring - Water Quality - Round Lake - Middle - Deep Hole
08/13/2000,Bob Biechler,Citizen Lake Monitoring - Water Quality - Round Lake - Middle - Deep Hole
08/19/2000,Bob Biechler,Citizen Lake Monitoring - Water Quality - Round Lake - Middle - Deep Hole
08/24/2000,Bob Biechler,Citizen Lake Monitoring - Water Quality - Round Lake - Middle - Deep Hole
08/29/2000,Bob Biechler,Citizen Lake Monitoring - Water Quality - Round Lake - Middle - Deep Hole
08/31/2000,Data Collectors,Lake Baseline Monitoring- DNR (1970s-2006)
09/07/2000,Bob Biechler,Citizen Lake Monitoring - Water Quality - Round Lake - Middle - Deep Hole
09/13/2000,Bob Biechler,Citizen Lake Monitoring - Water Quality - Round Lake - Middle - Deep Hole
09/29/2000,Bob Biechler,Citizen Lake Monitoring - Water Quality - Round Lake - Middle - Deep Hole
10/15/2000,Bob Biechler,Citizen Lake Monitoring - Water Quality - Round Lake - Middle - Deep Hole
10/31/2000,Bob Biechler,Citizen Lake Monitoring - Water Quality - Round Lake - Middle - Deep Hole
03/01/2001,Data Collectors,Lake Baseline Monitoring- DNR (1970s-2006)
04/23/2001,ANGELA PARKHURST,Lake Baseline Monitoring- DNR (1970s-2006)
05/18/2001,Bob Biechler,Citizen Lake Monitoring - Water Quality - Round Lake - Middle - Deep Hole
05/25/2001,Bob Biechler,Citizen Lake Monitoring - Water Quality - Round Lake - Middle - Deep Hole
06/02/2001,Bob Biechler,Citizen Lake Monitoring - Water Quality - Round Lake - Middle - Deep Hole
06/08/2001,Bob Biechler,Citizen Lake Monitoring - Water Quality - Round Lake - Middle - Deep Hole
06/16/2001,Bob Biechler,Citizen Lake Monitoring - Water Quality - Round Lake - Middle - Deep Hole
06/20/2001,ANGELA PARKHURST,Lake Baseline Monitoring- DNR (1970s-2006)
06/22/2001,Bob Biechler,Citizen Lake Monitoring - Water Quality - Round Lake - Middle - Deep Hole
06/28/2001,Bob Biechler,Citizen Lake Monitoring - Water Quality - Round Lake - Middle - Deep Hole
07/06/2001,Bob Biechler,Citizen Lake Monitoring - Water Quality - Round Lake - Middle - Deep Hole
07/13/2001,Bob Biechler,Citizen Lake Monitoring - Water Quality - Round Lake - Middle - Deep Hole
07/18/2001,ANGELA PARKHURST,Lake Baseline Monitoring- DNR (1970s-2006)
07/21/2001,Bob Biechler,Citizen Lake Monitoring - Water Quality - Round Lake - Middle - Deep Hole
07/29/2001,Bob Biechler,Citizen Lake Monitoring - Water Quality - Round Lake - Middle - Deep Hole
07/30/2001,ANGELA PARKHURST,Lake Baseline Monitoring- DNR (1970s-2006)
08/03/2001,Bob Biechler,Citizen Lake Monitoring - Water Quality - Round Lake - Middle - Deep Hole
08/10/2001,Bob Biechler,Citizen Lake Monitoring - Water Quality - Round Lake - Middle - Deep Hole
08/13/2001,ANGELA PARKHURST,Lake Baseline Monitoring- DNR (1970s-2006)
08/19/2001,Bob Biechler,Citizen Lake Monitoring - Water Quality - Round Lake - Middle - Deep Hole
08/27/2001,Bob Biechler,Citizen Lake Monitoring - Water Quality - Round Lake - Middle - Deep Hole
08/31/2001,Bob Biechler,Citizen Lake Monitoring - Water Quality - Round Lake - Middle - Deep Hole
09/12/2001,ANGELA PARKHURST,Lake Baseline Monitoring- DNR (1970s-2006)
09/16/2001,Bob Biechler,Citizen Lake Monitoring - Water Quality - Round Lake - Middle - Deep Hole
10/02/2001,Bob Biechler,Citizen Lake Monitoring - Water Quality - Round Lake - Middle - Deep Hole
10/16/2001,ANGELA PARKHURST,Lake Baseline Monitoring- DNR (1970s-2006)
10/17/2001,Bob Biechler,Citizen Lake Monitoring - Water Quality - Round Lake - Middle - Deep Hole
04/23/2002,ANGELA PARKHURST,Lake Baseline Monitoring- DNR (1970s-2006)
06/11/2002,_ Parkhurst,Lake Baseline Monitoring- DNR (1970s-2006)
06/26/2002,_ Parkhurst,Lake Baseline Monitoring- DNR (1970s-2006)
07/17/2002,Buzz Sorge,Lake Baseline Monitoring- DNR (1970s-2006)
08/14/2002,_ Hason,Lake Baseline Monitoring- DNR (1970s-2006)
09/05/2002,Buzz Sorge,Lake Baseline Monitoring- DNR (1970s-2006)
11/06/2002,Buzz Sorge,Lake Baseline Monitoring- DNR (1970s-2006)
04/23/2003,Buzz Sorge,Lake Baseline Monitoring- DNR (1970s-2006)
07/23/2003,Buzz Sorge,Lake Baseline Monitoring- DNR (1970s-2006)
07/23/2003,PATRICK SORGE,Lakes Long Term Trend Monitoring (1986-present)
08/20/2003,Buzz Sorge,Lake Baseline Monitoring- DNR (1970s-2006)
08/21/2003,PATRICK SORGE,Lakes Long Term Trend Monitoring (1986-present)
09/04/2003,Buzz Sorge,Lake Baseline Monitoring- DNR (1970s-2006)
09/04/2003,PATRICK SORGE,Lakes Long Term Trend Monitoring (1986-present)
04/26/2004,Amy Lesik,Lake Baseline Monitoring- DNR (1970s-2006)
07/15/2004,Amy Lesik,Lake Baseline Monitoring- DNR (1970s-2006)
07/15/2004,Amy Lesik,Lakes Long Term Trend Monitoring (1986-present)
08/11/2004,Amy Lesik,Lake Baseline Monitoring- DNR (1970s-2006)
08/11/2004,Amy Lesik,Lakes Long Term Trend Monitoring (1986-present)
09/15/2004,Amy Lesik,Lake Baseline Monitoring- DNR (1970s-2006)
09/15/2004,Amy Lesik,Lakes Long Term Trend Monitoring (1986-present)
04/25/2005,Amy Lesik,Lake Baseline Monitoring- DNR (1970s-2006)
07/27/2005,Amy Lesik,Lakes Long Term Trend Monitoring (1986-present)
08/15/2005,Amy Lesik,Lakes Long Term Trend Monitoring (1986-present)
09/07/2005,Amy Lesik,Lakes Baseline and Trends Monitoring
09/07/2005,Amy Lesik,Lakes Long Term Trend Monitoring (1986-present)
04/24/2006,Amy Lesik,Lakes Long Term Trend Monitoring (1986-present)
07/20/2006,Amy Lesik,Lakes Long Term Trend Monitoring (1986-present)
08/15/2006,Amy Lesik,Lakes Long Term Trend Monitoring (1986-present)
09/06/2006,Amy Lesik,Lakes Long Term Trend Monitoring (1986-present)
04/25/2007,Amy Lesik,Lakes Long Term Trend Monitoring (1986-present)
07/09/2007,Amy Lesik,Lakes Long Term Trend Monitoring (1986-present)
08/06/2007,Amy Lesik,Lakes Long Term Trend Monitoring (1986-present)
09/10/2007,Amy Lesik,Lakes Long Term Trend Monitoring (1986-present)
05/01/2008,Amy Lesik,Lakes Long Term Trend Monitoring (1986-present)
05/01/2008,PATRICK SORGE,Lakes Long Term Trend Monitoring (1986-present)
07/22/2008,Amy Lesik,Lakes Long Term Trend Monitoring (1986-present)
07/22/2008,PATRICK SORGE,Lakes Long Term Trend Monitoring (1986-present)
08/13/2008,Amy Lesik,Lakes Long Term Trend Monitoring (1986-present)
08/13/2008,PATRICK SORGE,Lakes Long Term Trend Monitoring (1986-present)
09/11/2008,Amy Lesik,Lakes Long Term Trend Monitoring (1986-present)
09/11/2008,PATRICK SORGE,Lakes Long Term Trend Monitoring (1986-present)
04/27/2009,Buzz Sorge and Neil Trombly,Lakes Long Term Trend Monitoring (1986-present)
07/09/2009,PATRICK SORGE,Lakes Long Term Trend Monitoring (1986-present)
08/03/2009,PATRICK SORGE,Lakes Long Term Trend Monitoring (1986-present)
09/02/2009,Data Collectors,Lakes Long Term Trend Monitoring (1986-present)
09/02/2009,PATRICK SORGE,Lakes Long Term Trend Monitoring (1986-present)
04/20/2010,Buzz Sorge and Neil Trombly,Lakes Long Term Trend Monitoring (1986-present)
04/20/2010,NEIL TROMBLY,Lakes Long Term Trend Monitoring (1986-present)
07/26/2010,Buzz Sorge and Neil Trombly,Lakes Long Term Trend Monitoring (1986-present)
07/26/2010,NEIL TROMBLY,Lakes Long Term Trend Monitoring (1986-present)
08/23/2010,Buzz Sorge and Neil Trombly,Lakes Long Term Trend Monitoring (1986-present)
08/23/2010,NEIL TROMBLY,Lakes Long Term Trend Monitoring (1986-present)
09/13/2010,Buzz Sorge and Neil Trombly,Lakes Long Term Trend Monitoring (1986-present)
09/13/2010,NEIL TROMBLY,Lakes Long Term Trend Monitoring (1986-present)
04/25/2011,Jodi Lepsch,Lakes Long Term Trend Monitoring (1986-present)
07/25/2011,Jodi Lepsch,Lakes Long Term Trend Monitoring (1986-present)
08/22/2011,Jodi Lepsch,Lakes Long Term Trend Monitoring (1986-present)
09/12/2011,Jodi Lepsch,Lakes Long Term Trend Monitoring (1986-present)
03/23/2012,Jodi Lepsch,Lakes Long Term Trend Monitoring (1986-present)
07/17/2012,Jodi Lepsch,Lakes Long Term Trend Monitoring (1986-present)
08/14/2012,Jodi Lepsch,Lakes Long Term Trend Monitoring (1986-present)
09/11/2012,Jodi Lepsch,Lakes Long Term Trend Monitoring (1986-present)
05/15/2013,Jodi Lepsch,Lakes Long Term Trend Monitoring (1986-present)
07/08/2013,Jodi Lepsch,Lakes Long Term Trend Monitoring (1986-present)
08/07/2013,Jodi Lepsch,Lakes Long Term Trend Monitoring (1986-present)
09/03/2013,Jodi Lepsch,Lakes Long Term Trend Monitoring (1986-present)
05/06/2014,JODI A LEPSCH- JACOB D RING,Lakes Long Term Trend Monitoring (1986-present)
05/06/2014,Jodi Lepsch,Lakes Long Term Trend Monitoring (1986-present)
07/14/2014,JODI A LEPSCH- JACOB D RING,Lakes Long Term Trend Monitoring (1986-present)
07/14/2014,Jodi Lepsch,Lakes Long Term Trend Monitoring (1986-present)
08/19/2014,JODI A LEPSCH- JACOB D RING,Lakes Long Term Trend Monitoring (1986-present)
08/19/2014,Jodi Lepsch,Lakes Long Term Trend Monitoring (1986-present)
09/11/2014,JODI A LEPSCH- JACOB D RING,Lakes Long Term Trend Monitoring (1986-present)
09/11/2014,Jodi Lepsch,Lakes Long Term Trend Monitoring (1986-present)
04/15/2015,Jodi Lepsch,Lakes Long Term Trend Monitoring (1986-present)
07/13/2015,Jodi Lepsch,Lakes Long Term Trend Monitoring (1986-present)
08/19/2015,Jodi Lepsch,Lakes Long Term Trend Monitoring (1986-present)
09/15/2015,Jodi Lepsch,Lakes Long Term Trend Monitoring (1986-present)
04/04/2016,Jodi Lepsch,Lakes Long Term Trend Monitoring (1986-present)
07/18/2016,Jodi Lepsch,Lakes Long Term Trend Monitoring (1986-present)
08/15/2016,Jodi Lepsch,Lakes Long Term Trend Monitoring (1986-present)
09/12/2016,Jodi Lepsch,Lakes Long Term Trend Monitoring (1986-present)
09/13/2016,Jodi Lepsch,Lakes Long Term Trend Monitoring (1986-present)
04/05/2017,Jodi Lepsch,Lakes Long Term Trend Monitoring (1986-present)
07/12/2017,Jodi Lepsch,Lakes Long Term Trend Monitoring (1986-present)
08/16/2017,Jodi Lepsch,Lakes Long Term Trend Monitoring (1986-present)
09/20/2017,Jodi Lepsch,Lakes Long Term Trend Monitoring (1986-present)
