Lake Water Quality Report - 1950 to 2017


Lake Name,County Name,Waterbody ID(WBIC),Region Code,County Code,Station Name,Station ID,Geo Region,Lake Type
Little Wood Lake,Burnett,2650900,NO,7,,073049,NW,DRAINAGE



Group Seq No, Start Date, Secchi (Feet),Secchi Hit Bottom?,Secchi (Meters),Chlorophyll(ug/l),Total Phosphorus(ug/l),Secchi TSI,Total Phosphorus TSI,Chlorophyll TSI,Lake Level,Staff Gauge,Appearance,Color,Perception
8190844,06/24/1986,4.5,NO,1.4,,,55,,,,,,BROWN,
8190844,06/29/1986,4.25,NO,1.3,,,56,,,,,,GREEN,
8190844,07/04/1986,4.25,NO,1.3,,,56,,,,,,GREEN,
8190844,07/18/1986,5,NO,1.5,,,54,,,,,,GREEN,
8190844,07/28/1986,5.25,NO,1.6,,,53,,,,,,GREEN,
8190844,08/17/1986,5.25,NO,1.6,,,53,,,NORMAL,,,GREEN,
8190844,08/24/1986,5,NO,1.5,,,54,,,,,,BROWN,
8190844,09/01/1986,4.75,NO,1.4,,,55,,,,,,BROWN,
8190844,09/19/1986,5.5,NO,1.7,,,53,,,HIGH,,,BROWN,
8190844,10/08/1986,5.25,NO,1.6,,,53,,,HIGH,,,BROWN,
8190844,04/25/1987,8.5,NO,2.6,,,46,,,ABOUT 1" TO 1.5" BELOW NORMAL,,,,
8190844,05/09/1987,7.75,NO,2.4,,,48,,,1.5 BELOW NORMAL,,,BROWN,
8190844,05/24/1987,6,NO,1.8,,,51,,,1.5 LOW,,,BROWN,
8190844,06/05/1987,5.25,NO,1.6,,,53,,,1.5 LOW,,,GREEN,
8190844,06/24/1987,6.5,NO,2,,,50,,,ABOUT 1.5' LOW,,,BROWN,
8190844,07/05/1987,5.25,NO,1.6,,,53,,,`UP SOME,,,GREEN/BROWN,
8190844,07/21/1987,4.75,NO,1.4,,,55,,,NORMAL,,,BROWN,
8190844,08/10/1987,5,NO,1.5,,,54,,,NORMAL,,,BROWN,
8190844,09/02/1987,,,,,,,,,HIGH,,,GREEN,
8190844,06/09/1988,5.5,NO,1.7,,,53,,,1.5 FT. LOW,,,GREEN/BROWN,2-Very minor aesthetic problems
8190844,06/22/1988,5.75,NO,1.7,,,52,,,1' LOW,,,GREEN/BROWN,2-Very minor aesthetic problems
8190844,07/13/1988,5,NO,1.5,,,54,,,1' LOW,,,BROWN,3-Enjoyment somewhat impaired (algae)
8190844,07/20/1988,5,NO,1.5,,,54,,,1' LOW,,,,3-Enjoyment somewhat impaired (algae)
8190844,07/30/1988,4.75,NO,1.4,,,55,,,1' LOW,,,BROWN,3-Enjoyment somewhat impaired (algae)
8190844,08/12/1988,5,NO,1.5,,,54,,,NORMAL,,,BROWN,2-Very minor aesthetic problems
8190844,08/28/1988,2,NO,0.6,,,67,,,NORMAL,,,GREEN,4-Would not swim but boating OK (algae)
8190844,09/03/1988,4,NO,1.2,,,57,,,NORMAL,,,GREEN,2-Very minor aesthetic problems
8190844,05/10/1989,5,NO,1.5,,,54,,,6 IN. LOW,,,BROWN,1-Beautiful, could not be nicer
8190844,05/20/1989,5.25,NO,1.6,,,53,,,NORMAL,,,BROWN,1-Beautiful, could not be nicer
8190844,06/04/1989,5.25,NO,1.6,,,53,,,NORMAL,,,BROWN,1-Beautiful, could not be nicer
8190844,06/22/1989,6.25,NO,1.9,,,51,,,NORMAL,,CLEAR,BLUE,1-Beautiful, could not be nicer
8190844,07/11/1989,6.5,NO,2,,,50,,,NORMAL,,CLEAR,BLUE,1-Beautiful, could not be nicer
8190844,08/02/1989,6.25,NO,1.9,,,51,,,NORMAL,,CLEAR,BLUE,1-Beautiful, could not be nicer
8190844,08/15/1989,5.5,NO,1.7,,,53,,,NORMAL,,CLEAR,BLUE,1-Beautiful, could not be nicer
8190844,09/01/1989,5.5,NO,1.7,,,53,,,NORMAL,,CLEAR,BLUE,2-Very minor aesthetic problems
8190844,04/08/1990,4,NO,1.2,,,57,,,1.5' LOW,,,BROWN,
8190844,05/10/1990,4.5,NO,1.4,,,55,,,NORMAL,,,GREEN,2-Very minor aesthetic problems
8190844,05/27/1990,4.25,NO,1.3,,,56,,,3" ABOVE NORM.,,,GREEN,2-Very minor aesthetic problems
8190844,06/15/1990,5,NO,1.5,,,54,,,HIGH,,,GREEN,3-Enjoyment somewhat impaired (algae)
8190844,07/01/1990,4.5,NO,1.4,,,55,,,HIGH,,,,3-Enjoyment somewhat impaired (algae)
8190844,07/16/1990,4.5,NO,1.4,,,55,,,NORMAL,,,GREEN,3-Enjoyment somewhat impaired (algae)
8190446,07/28/1990,4.75,NO,1.4,,,55,,,NORMAL,,,GREEN,4-Would not swim but boating OK (algae)
8190446,08/10/1990,4.75,NO,1.4,,,55,,,NORMAL,,,GREEN,4-Would not swim but boating OK (algae)
8190446,08/17/1990,4.75,NO,1.4,,,55,,,NORMAL,,,GREEN,4-Would not swim but boating OK (algae)
8190446,08/29/1990,5,NO,1.5,,,54,,,NORMAL,,,GREEN,4-Would not swim but boating OK (algae)
8190446,09/15/1990,5,NO,1.5,,,54,,,NORMAL,,,GREEN,4-Would not swim but boating OK (algae)
8190446,09/26/1990,4.75,NO,1.4,,,55,,,NORMAL,,,GREEN,4-Would not swim but boating OK (algae)
8190446,04/12/1991,4.5,NO,1.4,,,55,,,NORMAL,,,GREEN,1-Beautiful, could not be nicer
8190446,04/21/1991,4.75,NO,1.4,,,55,,,,,,,
8190446,04/28/1991,4.75,NO,1.4,,,55,,,NORMAL,,,GREEN,
8190446,05/27/1991,5,NO,1.5,,,54,,,HIGH,,,,
8190446,06/05/1991,4.75,NO,1.4,,,55,,,,,,,
8190446,06/17/1991,4.5,NO,1.4,,,55,,,HIGH,,,GREEN,3-Enjoyment somewhat impaired (algae)
8190446,07/07/1991,4,NO,1.2,,,57,,,LOW,,,GREEN,3-Enjoyment somewhat impaired (algae)
8190446,07/20/1991,4,NO,1.2,,,57,,,DOWN 18",,,GREEN,3-Enjoyment somewhat impaired (algae)
8190446,08/19/1991,4.5,NO,1.4,,,55,,,NORMAL,,,GREEN,3-Enjoyment somewhat impaired (algae)
8190446,08/25/1991,4.75,NO,1.4,,,55,,,NORMAL,,,GREEN,3-Enjoyment somewhat impaired (algae)
8190446,09/01/1991,4.75,NO,1.4,,,55,,,NORMAL,,,GREEN,3-Enjoyment somewhat impaired (algae)
8190446,09/14/1991,4,NO,1.2,,,57,,,HIGH,,,GREEN,4-Would not swim but boating OK (algae)
8190446,09/20/1991,4,NO,1.2,,,57,,,HIGH,,,,4-Would not swim but boating OK (algae)
8190446,05/20/1992,5,NO,1.5,,,54,,,NORMAL,,,GREEN,
8190446,06/01/1992,6,NO,1.8,,,51,,,NORMAL,,,GREEN,
8190446,06/08/1992,5.75,NO,1.7,,,52,,,NORMAL,,,GREEN,
8190446,06/19/1992,5.75,NO,1.7,,,52,,,HIGH,,,GREEN,4-Would not swim but boating OK (algae)
8190446,06/28/1992,5.5,NO,1.7,,,53,,,,,,GREEN,
8190446,07/17/1992,5,NO,1.5,,,54,,,HIGH,,,GREEN,
8190446,07/27/1992,5,NO,1.5,,,54,,,HIGH,,,GREEN,
8190446,08/02/1992,4.75,NO,1.4,,,55,,,HIGH,,,GREEN,
8190446,08/14/1992,5,NO,1.5,,,54,,,NORMAL,,,GREEN,
8190446,09/02/1992,5,NO,1.5,,,54,,,NORMAL,,,GREEN,
8190446,09/08/1992,4.5,NO,1.4,,,55,,,NORMAL,,,GREEN,
8190446,04/26/1993,4.5,NO,1.4,,,55,,,HIGH,,,GREEN,
8190446,05/13/1993,5,NO,1.5,,,54,,,HIGH,,,GREEN,
8190446,05/27/1993,4.5,NO,1.4,,,55,,,HIGH,,,GREEN,
8190446,06/14/1993,4,NO,1.2,,,57,,,HIGH,,,GREEN,
8190446,07/05/1993,3.75,NO,1.1,,,58,,,HIGH,,,GREEN,
8190446,07/26/1993,3.5,NO,1.1,,,59,,,DOWN 1',,,GREEN,3-Enjoyment somewhat impaired (algae)
8190446,08/14/1993,4,NO,1.2,,,57,,,NORMAL,,,GREEN,4-Would not swim but boating OK (algae)
8190446,09/01/1993,4,NO,1.2,,,57,,,NORMAL,,,GREEN,3-Enjoyment somewhat impaired (algae)
8190446,09/15/1993,4,NO,1.2,,,57,,,,,,GREEN,3-Enjoyment somewhat impaired (algae)
8190446,10/04/1993,4,NO,1.2,,,57,,,,,,GREEN,
8190446,10/23/1993,4.5,NO,1.4,,,55,,,,,,GREEN,3-Enjoyment somewhat impaired (algae)
8190446,04/27/1994,4.25,NO,1.3,,,56,,,HIGH,,,GREEN,4-Would not swim but boating OK (algae)
8190446,05/10/1994,4.75,NO,1.4,,,55,,,HIGH,,,GREEN,3-Enjoyment somewhat impaired (algae)
8190446,06/10/1994,4.25,NO,1.3,,,56,,,HIGH,,,GREEN,3-Enjoyment somewhat impaired (algae)
8190446,06/20/1994,4,NO,1.2,,,57,,,HIGH,,,GREEN,3-Enjoyment somewhat impaired (algae)
8190446,06/25/1994,4.25,NO,1.3,,,56,,,HIGH,,,GREEN,3-Enjoyment somewhat impaired (algae)
8190446,07/04/1994,4,NO,1.2,,,57,,,NORMAL,,,GREEN,3-Enjoyment somewhat impaired (algae)
8190446,07/15/1994,4.4,NO,1.3,,,56,,,NORMAL,,,GREEN,2-Very minor aesthetic problems
8190446,07/23/1994,4,NO,1.2,,,57,,,NORMAL,,,GREEN,3-Enjoyment somewhat impaired (algae)
8191091,08/15/1994,3.5,NO,1.1,31.1,40,42,57,61,,,,GREEN,3-Enjoyment somewhat impaired (algae)
8191091,10/04/1994,4.5,NO,1.4,19.1,,38,,57,,,,GREEN,3-Enjoyment somewhat impaired (algae)
8191091,10/12/1994,4,NO,1.2,25.5,,40,,59,,,,GREEN,3-Enjoyment somewhat impaired (algae)
8190446,05/15/1995,6,NO,1.8,,,51,,,HIGH,,,GREEN,
8191091,05/23/1995,6,NO,1.8,10.5,34,51,55,53,,,,GREEN,3-Enjoyment somewhat impaired (algae)
8190446,05/27/1995,7,NO,2.1,,,49,,,NORMAL,,,,2-Very minor aesthetic problems
8190446,06/03/1995,6.5,NO,2,,,50,,,NORMAL,,,GREEN,1-Beautiful, could not be nicer
8190446,06/10/1995,6,NO,1.8,,,51,,,NORMAL,,,,3-Enjoyment somewhat impaired (algae)
8191091,06/13/1995,5.5,NO,1.7,10.4,27,53,54,53,,,,GREEN,3-Enjoyment somewhat impaired (algae)
8190446,06/17/1995,5.75,NO,1.7,,,52,,,NORMAL,,,GREEN,3-Enjoyment somewhat impaired (algae)
8190446,06/20/1995,4.25,NO,1.3,,,56,,,HIGH,,,GREEN,3-Enjoyment somewhat impaired (algae)
8190446,07/08/1995,5.25,NO,1.6,,,53,,,NORMAL,,,,3-Enjoyment somewhat impaired (algae)
8190446,07/15/1995,6,NO,1.8,,,51,,,NORMAL,,,GREEN,2-Very minor aesthetic problems
1,07/19/1995,17.2,,5.25,1.29,25,36,53,37,,,,,
8191091,07/19/1995,5.25,NO,1.6,,,36,,,,,,GREEN,3-Enjoyment somewhat impaired (algae)
8190446,07/23/1995,5.25,NO,1.6,,,53,,,NORMAL,,,,2-Very minor aesthetic problems
8190446,08/02/1995,4.5,NO,1.4,,,55,,,HIGH,,,,
8190446,08/15/1995,5.25,NO,1.6,,,53,,,5.44' HIGH,,,GREEN,
8190446,08/20/1995,5.25,NO,1.6,,,53,,,HIGH,,,,4-Would not swim but boating OK (algae)
8191091,08/21/1995,5,NO,1.5,12.6,53,54,59,54,,,,GREEN,3-Enjoyment somewhat impaired (algae)
8190446,08/27/1995,6,NO,1.8,,,51,,,HIGH,,,,
8190446,09/03/1995,5.75,NO,1.7,,,52,,,HIGH,,,GREEN,3-Enjoyment somewhat impaired (algae)
8190446,09/14/1995,5.25,NO,1.6,,,53,,,NORMAL,,,GREEN,3-Enjoyment somewhat impaired (algae)
8191091,09/26/1995,7,NO,2.1,12.7,62,49,60,54,,,,GREEN,3-Enjoyment somewhat impaired (algae)
8190446,05/03/1996,4.75,NO,1.4,,,55,,,HIGH,,,GREEN,
8190446,05/10/1996,6,NO,1.8,,,51,,,HIGH-GOOD READINGS,,,,
8190446,05/17/1996,5.5,NO,1.7,,,53,,,,,,GREEN,3-Enjoyment somewhat impaired (algae)
8191091,06/25/1996,6,NO,1.8,25.3,30,51,54,59,,,MURKY,GREEN,3-Enjoyment somewhat impaired (algae)
8190446,06/26/1996,4.5,NO,1.4,,,55,,,HIGH,,,GREEN,3-Enjoyment somewhat impaired (algae)
8190446,06/30/1996,5.5,NO,1.7,,,53,,,HIGH,,,GREEN,3-Enjoyment somewhat impaired (algae)
8190446,07/01/1996,4.5,NO,1.4,,,55,,,HIGH,,,,3-Enjoyment somewhat impaired (algae)
8190446,07/04/1996,5,NO,1.5,,,54,,,HIGH,,,GREEN,3-Enjoyment somewhat impaired (algae)
8191091,07/15/1996,5.25,NO,1.6,18.5,42,53,57,57,,,MURKY,GREEN,3-Enjoyment somewhat impaired (algae)
8190446,07/30/1996,5.5,NO,1.7,,,53,,,LOW,,,,4-Would not swim but boating OK (algae)
8190446,08/06/1996,6,NO,1.8,,,51,,,NORMAL,,,GREEN,4-Would not swim but boating OK (algae)
8190446,08/15/1996,6.25,NO,1.9,,,51,,,NORMAL,,,GREEN,3-Enjoyment somewhat impaired (algae)
1,08/26/1996,,,,8.97,30,,54,51,,,,,
8191091,08/26/1996,7,NO,2.1,,,49,,,,,MURKY,GREEN,3-Enjoyment somewhat impaired (algae)
8190446,08/27/1996,7,NO,2.1,,,49,,,LOW,,,GREEN,3-Enjoyment somewhat impaired (algae)
8190446,09/06/1996,7.25,NO,2.2,,,49,,,LOW,,,GREEN,3-Enjoyment somewhat impaired (algae)
8190446,09/14/1996,6,NO,1.8,,,51,,,LOW,,,GREEN,4-Would not swim but boating OK (algae)
8191091,09/16/1996,6,NO,1.8,15.7,28,51,54,56,NORMAL,,MURKY,GREEN,3-Enjoyment somewhat impaired (algae)
8190446,09/21/1996,5,NO,1.5,,,54,,,LOW,,,,4-Would not swim but boating OK (algae)
8190446,05/07/1997,6.5,NO,2,,,50,,,LOW,,,GREEN,2-Very minor aesthetic problems
8191091,07/15/1997,7,NO,2.1,4.76,44,49,57,47,NORMAL,,MURKY,GREEN,3-Enjoyment somewhat impaired (algae)
8190446,07/27/1997,7.5,NO,2.3,,,48,,,NORMAL,,,GREEN,2-Very minor aesthetic problems
8191091,08/20/1997,5,NO,1.5,32,57,54,59,61,NORMAL,,MURKY,GREEN,3-Enjoyment somewhat impaired (algae)
8191091,06/15/1998,6.5,NO,2,8.18,18,50,51,51,NORMAL,,MURKY,GREEN,3-Enjoyment somewhat impaired (algae)
8191091,07/07/1998,6.5,NO,2,11.8,33,50,55,53,NORMAL,,MURKY,GREEN,3-Enjoyment somewhat impaired (algae)
8191091,09/01/1998,6,NO,1.8,7,35,51,56,50,NO CHANGE,,MURKY,GREEN,3-Enjoyment somewhat impaired (algae)
8191091,09/16/1998,6.5,NO,2,11.1,30,50,54,53,NO CHANGE,,MURKY,GREEN,3-Enjoyment somewhat impaired (algae)
8191091,07/22/1999,8.5,NO,2.6,5.18,17,46,50,47,NORMAL,,CLEAR,GREEN,3-Enjoyment somewhat impaired (algae)
8190756,09/01/1999,5,NO,1.5,13,31,54,55,54,NORMAL,,MURKY,GREEN,3-Enjoyment somewhat impaired (algae)
8190756,09/15/1999,4.5,NO,1.4,11,46,55,58,53,NORMAL,,MURKY,GREEN,3-Enjoyment somewhat impaired (algae)
8190756,06/25/2000,7,NO,2.1,,,49,,,LOW,,CLEAR,BLUE,3-Enjoyment somewhat impaired (algae)
8190756,06/26/2000,,,,4,30,,54,45,,,,,
8191091,08/01/2000,6,NO,1.8,15,36,51,56,55,LOW,,MURKY,GREEN,3-Enjoyment somewhat impaired (algae)
1,08/23/2000,,,,18,41,,57,57,,,,,
8190756,09/25/2000,,,,29,52,,59,60,,,,,
8191091,06/11/2001,8,NO,2.4,7,26,47,53,50,NORMAL,,MURKY,GREEN,3-Enjoyment somewhat impaired (algae)
8190756,07/10/2001,4,NO,1.2,15,33,57,55,55,NORMAL,,MURKY,GREEN,3-Enjoyment somewhat impaired (algae)
8190756,08/21/2001,4.5,NO,1.4,14,43,55,57,55,NORMAL,,MURKY,GREEN,3-Enjoyment somewhat impaired (algae)
8191091,05/08/2002,5,NO,1.5,,67,54,61,,HIGH,,CLEAR,GREEN,3-Enjoyment somewhat impaired (algae)
8191091,06/26/2002,9,NO,2.7,1.43,18,45,51,38,HIGH,,CLEAR,GREEN,3-Enjoyment somewhat impaired (algae)
8191091,07/16/2002,9,NO,2.7,0.8,23,45,52,33,HIGH,,CLEAR,GREEN,3-Enjoyment somewhat impaired (algae)
8191091,08/20/2002,3,NO,0.9,24.9,51,61,59,59,NORMAL,,MURKY,GREEN,3-Enjoyment somewhat impaired (algae)
1,10/22/2002,,,,26.9,43,,57,60,,,,,
8191091,10/24/2002,5,NO,1.5,,,54,,,HIGH,,MURKY,GREEN,3-Enjoyment somewhat impaired (algae)
8191091,05/06/2003,6.5,NO,2,,39,50,57,,HIGH,,CLEAR,GREEN,3-Enjoyment somewhat impaired (algae)
8191091,07/14/2003,3.8,NO,1.2,32.6,58,58,60,61,HIGH,,MURKY,GREEN,3-Enjoyment somewhat impaired (algae)
8191091,07/28/2003,6,NO,1.8,15.8,25,51,53,56,HIGH,,MURKY,GREEN,3-Enjoyment somewhat impaired (algae)
8191091,08/12/2003,7,NO,2.1,8.37,21,49,52,51,NORMAL,,MURKY,GREEN,3-Enjoyment somewhat impaired (algae)
8191091,09/15/2003,6,NO,1.8,18,37,51,56,57,NORMAL,,MURKY,GREEN,3-Enjoyment somewhat impaired (algae)
8191091,07/12/2004,5,NO,1.5,10.5,27,54,54,53,,,MURKY,GREEN,3-Enjoyment somewhat impaired (algae)
8191091,07/27/2004,5,NO,1.5,7.01,31,54,55,50,,,MURKY,BROWN,3-Enjoyment somewhat impaired (algae)
8191091,08/25/2004,5,NO,1.5,14.4,45,54,58,55,,,MURKY,BROWN,3-Enjoyment somewhat impaired (algae)
8191091,09/28/2004,4.5,NO,1.4,21.5,31,55,55,58,,,MURKY,BROWN,3-Enjoyment somewhat impaired (algae)
8191091,06/28/2005,,,,31.7,32,,55,61,,,,,
8191091,07/13/2005,,,,10.3,30,,54,52,,,,,
8191091,05/30/2006,6,NO,1.8,,31,51,55,,NORMAL,,MURKY,BROWN,3-Enjoyment somewhat impaired (algae)
8190756,06/26/2006,4.5,NO,1.4,16.1,37,55,56,56,NORMAL,,MURKY,BROWN,3-Enjoyment somewhat impaired (algae)
8190756,07/11/2006,5,NO,1.5,9.3,27,54,54,52,NORMAL,,MURKY,GREEN,3-Enjoyment somewhat impaired (algae)
8191091,08/08/2006,5,NO,1.5,10.7,34,54,55,53,NORMAL,,MURKY,GREEN,3-Enjoyment somewhat impaired (algae)
8191091,10/04/2006,4,NO,1.2,32.4,54,57,59,61,LOW,,MURKY,GREEN,3-Enjoyment somewhat impaired (algae)
8191091,06/28/2007,6.5,NO,2,10.7,19,50,51,53,LOW,,CLEAR,GREEN,3-Enjoyment somewhat impaired (algae)
8191091,07/25/2007,5.5,NO,1.7,14.1,26,53,53,55,NORMAL,,CLEAR,GREEN,3-Enjoyment somewhat impaired (algae)
8191091,08/28/2007,4,NO,1.2,27.2,39,57,57,60,NORMAL,,CLEAR,GREEN,3-Enjoyment somewhat impaired (algae)
8190756,06/23/2008,,,,8.87,42,,57,51,,,,,
8190756,07/29/2008,7,NO,2.1,,,49,,,NORMAL,,MURKY,GREEN,3-Enjoyment somewhat impaired (algae)
8191091,07/29/2008,,,,15.5,41,,57,56,,,,,
8190756,08/25/2008,5,NO,1.5,13.9,31,54,55,55,LOW,,MURKY,GREEN,3-Enjoyment somewhat impaired (algae)
8190756,07/29/2009,,,,24.3,36,,56,59,,,,,
8191091,07/29/2009,5,NO,1.5,,,54,,,LOW,,MURKY,GREEN,3-Enjoyment somewhat impaired (algae)
8190756,08/31/2009,5,NO,1.5,23.8,39,54,57,59,LOW,,MURKY,GREEN,3-Enjoyment somewhat impaired (algae)
8190756,09/16/2009,5,NO,1.5,21.9,108,54,64,58,LOW,,MURKY,GREEN,3-Enjoyment somewhat impaired (algae)
37177199,06/26/2010,,,,14.9,49,,58,55,,,,,
35256129,10/10/2010,,,,23.6,105,,64,59,,,,,
35232069,09/05/2011,,,,,665,,78,,,,,,
36798327,08/19/2012,6.5,NO,2,,,50,,,LOW,,CLEAR,GREEN,2-Very minor aesthetic problems
36798327,08/29/2012,6.9,NO,2.1,,,49,,,LOW,,CLEAR,GREEN,2-Very minor aesthetic problems
36798327,06/30/2013,5.25,NO,1.6,12.2,30.2,53,55,54,NORMAL,,CLEAR,BLUE,1-Beautiful, could not be nicer
36798327,07/21/2013,6,NO,1.8,7.08,19.7,51,51,50,LOW,,CLEAR,BLUE,2-Very minor aesthetic problems
36798327,07/31/2013,5.25,NO,1.6,,,53,,,NORMAL,,CLEAR,BLUE,2-Very minor aesthetic problems
36798327,08/03/2014,,,,7.27,24.1,,53,50,,,,,
10585221,07/18/2017,7,NO,2.1,12.4,40.1,49,57,54,,,MURKY,GREEN,3-Enjoyment somewhat impaired (algae)
25475395,07/18/2017,,,,5.48,30,,54,48,,,,,
82607229,07/27/2017,7,NO,2.1,,,49,,,,,MURKY,GREEN,3-Enjoyment somewhat impaired (algae)
25475395,08/31/2017,,,,1.12,38.4,,56,36,,,,,



Start Date,Depth,Depth Units,Temperature,Temperature Units,Dissolved Oxygen,Dissolved Oxygen Units
08/15/1994,3,FEET,68,DEGREES F,,
08/15/1994,6,FEET,68,DEGREES F,,
08/15/1994,9,FEET,67,DEGREES F,,
08/15/1994,12,FEET,67,DEGREES F,,
08/15/1994,15,FEET,67,DEGREES F,,
08/15/1994,16,FEET,65,DEGREES F,,
08/15/1994,17,FEET,65,DEGREES F,,
08/15/1994,18,FEET,63,DEGREES F,,
08/15/1994,20,FEET,62,DEGREES F,,
08/15/1994,,,68 F,C,,
10/04/1994,3,FEET,58,DEGREES F,,
10/04/1994,6,FEET,57,DEGREES F,,
10/04/1994,9,FEET,57,DEGREES F,,
10/04/1994,12,FEET,56,DEGREES F,,
10/04/1994,15,FEET,56,DEGREES F,,
10/04/1994,18,FEET,56,DEGREES F,,
10/04/1994,,,56 F,C,,
10/12/1994,3,FEET,54,DEGREES F,,
10/12/1994,6,FEET,53,DEGREES F,,
10/12/1994,9,FEET,53,DEGREES F,,
10/12/1994,12,FEET,53,DEGREES F,,
10/12/1994,15,FEET,53,DEGREES F,,
10/12/1994,18,FEET,53,DEGREES F,,
10/12/1994,21,FEET,53,DEGREES F,,
10/12/1994,,,53 F,C,,
05/23/1995,1,FEET,60,DEGREES F,,
05/23/1995,5,FEET,60,DEGREES F,,
05/23/1995,10,FEET,59,DEGREES F,,
05/23/1995,15,FEET,58,DEGREES F,,
05/23/1995,20,FEET,54,DEGREES F,,
05/23/1995,,,54 F,C,,
06/13/1995,1,FEET,70,DEGREES F,,
06/13/1995,5,FEET,67,DEGREES F,,
06/13/1995,10,FEET,62,DEGREES F,,
06/13/1995,15,FEET,58,DEGREES F,,
06/13/1995,20,FEET,55,DEGREES F,,
06/13/1995,,,57 F,C,,
07/19/1995,1,FEET,76,DEGREES F,,
07/19/1995,5,FEET,75,DEGREES F,,
07/19/1995,10,FEET,71,DEGREES F,,
07/19/1995,15,FEET,57,DEGREES F,,
07/19/1995,20,FEET,57,DEGREES F,,
07/19/1995,,,57 F,C,,
08/21/1995,1,FEET,77,DEGREES F,,
08/21/1995,5,FEET,76,DEGREES F,,
08/21/1995,10,FEET,75,DEGREES F,,
08/21/1995,15,FEET,69,DEGREES F,,
08/21/1995,20,FEET,59,DEGREES F,,
08/21/1995,23,FEET,58,DEGREES F,,
08/21/1995,,,63 F,C,,
09/26/1995,1,FEET,60,DEGREES F,,
09/26/1995,5,FEET,58,DEGREES F,,
09/26/1995,10,FEET,56,DEGREES F,,
09/26/1995,15,FEET,56,DEGREES F,,
09/26/1995,20,FEET,55,DEGREES F,,
09/26/1995,23,FEET,55,DEGREES F,,
09/26/1995,,,55 F,C,,
06/25/1996,1,FEET,69,DEGREES F,,
06/25/1996,3,FEET,69,DEGREES F,,
06/25/1996,5,FEET,68,DEGREES F,,
06/25/1996,10,FEET,63,DEGREES F,,
06/25/1996,15,FEET,56,DEGREES F,,
06/25/1996,20,FEET,53,DEGREES F,,
06/25/1996,21,FEET,53,DEGREES F,,
07/15/1996,1,FEET,74,DEGREES F,,
07/15/1996,3,FEET,73,DEGREES F,,
07/15/1996,5,FEET,72,DEGREES F,,
07/15/1996,10,FEET,72,DEGREES F,,
07/15/1996,15,FEET,63,DEGREES F,,
07/15/1996,20,FEET,57,DEGREES F,,
07/15/1996,21,FEET,57,DEGREES F,,
08/26/1996,1,FEET,75,DEGREES F,,
08/26/1996,3,FEET,74,DEGREES F,,
08/26/1996,5,FEET,74,DEGREES F,,
08/26/1996,10,FEET,73,DEGREES F,,
08/26/1996,15,FEET,57,DEGREES F,,
08/26/1996,20,FEET,56,DEGREES F,,
08/26/1996,21,FEET,56,DEGREES F,,
09/16/1996,1,FEET,65,DEGREES F,,
09/16/1996,5,FEET,65,DEGREES F,,
09/16/1996,10,FEET,65,DEGREES F,,
09/16/1996,15,FEET,60,DEGREES F,,
09/16/1996,20,FEET,55,DEGREES F,,
09/16/1996,22,FEET,58,DEGREES F,,
07/15/1997,1,FEET,80,DEGREES F,,
07/15/1997,3,FEET,78,DEGREES F,,
07/15/1997,5,FEET,78,DEGREES F,,
07/15/1997,10,FEET,75,DEGREES F,,
07/15/1997,15,FEET,70,DEGREES F,,
07/15/1997,20,FEET,65,DEGREES F,,
07/15/1997,21,FEET,62,DEGREES F,,
07/15/1997,22,FEET,62,DEGREES F,,
07/15/1997,23,FEET,62,DEGREES F,,
08/20/1997,1,FEET,66,DEGREES F,,
08/20/1997,3,FEET,66,DEGREES F,,
08/20/1997,5,FEET,66,DEGREES F,,
08/20/1997,10,FEET,66,DEGREES F,,
08/20/1997,15,FEET,66,DEGREES F,,
08/20/1997,20,FEET,65,DEGREES F,,
08/20/1997,21,FEET,60,DEGREES F,,
08/20/1997,22,FEET,60,DEGREES F,,
08/20/1997,23,FEET,60,DEGREES F,,
06/15/1998,1,FEET,70,DEGREES F,,
06/15/1998,3,FEET,70,DEGREES F,,
06/15/1998,5,FEET,70,DEGREES F,,
06/15/1998,10,FEET,66,DEGREES F,,
06/15/1998,15,FEET,61,DEGREES F,,
06/15/1998,20,FEET,58,DEGREES F,,
06/15/1998,22,FEET,58,DEGREES F,,
06/15/1998,23,FEET,58,DEGREES F,,
07/07/1998,1,FEET,75,DEGREES F,,
07/07/1998,3,FEET,74,DEGREES F,,
07/07/1998,5,FEET,74,DEGREES F,,
07/07/1998,10,FEET,74,DEGREES F,,
07/07/1998,15,FEET,71,DEGREES F,,
07/07/1998,20,FEET,64,DEGREES F,,
07/07/1998,22,FEET,64,DEGREES F,,
07/07/1998,23,FEET,64,DEGREES F,,
09/01/1998,1,FEET,74,DEGREES F,,
09/01/1998,3,FEET,74,DEGREES F,,
09/01/1998,5,FEET,73,DEGREES F,,
09/01/1998,10,FEET,68,DEGREES F,,
09/01/1998,15,FEET,68,DEGREES F,,
09/01/1998,20,FEET,63,DEGREES F,,
09/01/1998,22,FEET,60,DEGREES F,,
09/01/1998,23,FEET,60,DEGREES F,,
09/16/1998,1,FEET,71,DEGREES F,,
09/16/1998,3,FEET,71,DEGREES F,,
09/16/1998,5,FEET,71,DEGREES F,,
09/16/1998,10,FEET,71,DEGREES F,,
09/16/1998,15,FEET,71,DEGREES F,,
09/16/1998,20,FEET,68,DEGREES F,,
09/16/1998,22,FEET,68,DEGREES F,,
09/16/1998,23,FEET,68,DEGREES F,,
07/22/1999,1,FEET,82,DEGREES F,,
07/22/1999,3,FEET,78,DEGREES F,,
07/22/1999,5,FEET,77,DEGREES F,,
07/22/1999,10,FEET,74,DEGREES F,,
07/22/1999,15,FEET,60,DEGREES F,,
07/22/1999,20,FEET,58,DEGREES F,,
07/22/1999,21,FEET,58,DEGREES F,,
07/22/1999,22,FEET,58,DEGREES F,,
07/22/1999,23,FEET,58,DEGREES F,,
09/01/1999,1,FEET,73,DEGREES F,,
09/01/1999,3,FEET,71,DEGREES F,,
09/01/1999,5,FEET,71,DEGREES F,,
09/01/1999,10,FEET,70,DEGREES F,,
09/01/1999,15,FEET,70,DEGREES F,,
09/01/1999,20,FEET,65,DEGREES F,,
09/01/1999,21,FEET,63,DEGREES F,,
09/01/1999,22,FEET,60,DEGREES F,,
09/01/1999,23,FEET,60,DEGREES F,,
09/15/1999,1,FEET,63,DEGREES F,,
09/15/1999,3,FEET,63,DEGREES F,,
09/15/1999,5,FEET,63,DEGREES F,,
09/15/1999,10,FEET,63,DEGREES F,,
09/15/1999,15,FEET,63,DEGREES F,,
09/15/1999,20,FEET,63,DEGREES F,,
09/15/1999,21,FEET,63,DEGREES F,,
09/15/1999,22,FEET,61,DEGREES F,,
09/15/1999,23,FEET,61,DEGREES F,,
06/25/2000,1,FEET,72,DEGREES F,,
06/25/2000,3,FEET,72,DEGREES F,,
06/25/2000,5,FEET,72,DEGREES F,,
06/25/2000,10,FEET,70,DEGREES F,,
06/25/2000,15,FEET,68,DEGREES F,,
06/25/2000,20,FEET,65,DEGREES F,,
06/25/2000,21,FEET,65,DEGREES F,,
06/25/2000,22,FEET,65,DEGREES F,,
06/25/2000,23,FEET,65,DEGREES F,,
08/01/2000,1,FEET,80,DEGREES F,,
08/01/2000,3,FEET,79,DEGREES F,,
08/01/2000,5,FEET,79,DEGREES F,,
08/01/2000,10,FEET,79,DEGREES F,,
08/01/2000,15,FEET,75,DEGREES F,,
08/01/2000,20,FEET,71,DEGREES F,,
08/01/2000,21,FEET,71,DEGREES F,,
08/01/2000,22,FEET,71,DEGREES F,,
08/01/2000,23,FEET,71,DEGREES F,,
06/11/2001,1,FEET,73,DEGREES F,6,MG/L
06/11/2001,3,FEET,73,DEGREES F,6,MG/L
06/11/2001,5,FEET,72,DEGREES F,4,MG/L
06/11/2001,10,FEET,63,DEGREES F,4,MG/L
06/11/2001,15,FEET,63,DEGREES F,3,MG/L
06/11/2001,20,FEET,55,DEGREES F,1,MG/L
06/11/2001,22,FEET,55,DEGREES F,0,MG/L
06/11/2001,23,FEET,55,DEGREES F,0,MG/L
07/10/2001,1,FEET,78,DEGREES F,4,MG/L
07/10/2001,3,FEET,78,DEGREES F,4,MG/L
07/10/2001,5,FEET,78,DEGREES F,4,MG/L
07/10/2001,10,FEET,71,DEGREES F,3,MG/L
07/10/2001,15,FEET,67,DEGREES F,2,MG/L
07/10/2001,20,FEET,61,DEGREES F,1,MG/L
07/10/2001,22,FEET,60,DEGREES F,0,MG/L
08/21/2001,1,FEET,72,DEGREES F,4,MG/L
08/21/2001,3,FEET,72,DEGREES F,4,MG/L
08/21/2001,5,FEET,72,DEGREES F,4,MG/L
08/21/2001,10,FEET,70,DEGREES F,4,MG/L
08/21/2001,15,FEET,70,DEGREES F,3,MG/L
08/21/2001,20,FEET,62,DEGREES F,2,MG/L
08/21/2001,22,FEET,60,DEGREES F,0,MG/L
08/21/2001,23,FEET,60,DEGREES F,,
05/08/2002,1,FEET,49,DEGREES F,9,MG/L
05/08/2002,3,FEET,48,DEGREES F,9,MG/L
05/08/2002,5,FEET,48,DEGREES F,9,MG/L
05/08/2002,10,FEET,48,DEGREES F,9,MG/L
05/08/2002,15,FEET,48,DEGREES F,7,MG/L
05/08/2002,20,FEET,48,DEGREES F,8,MG/L
05/08/2002,22,FEET,47,DEGREES F,8,MG/L
05/08/2002,23,FEET,47,DEGREES F,0,MG/L
06/26/2002,1,FEET,76,DEGREES F,5,MG/L
06/26/2002,3,FEET,76,DEGREES F,4,MG/L
06/26/2002,5,FEET,76,DEGREES F,3,MG/L
06/26/2002,10,FEET,73,DEGREES F,2,MG/L
06/26/2002,15,FEET,66,DEGREES F,1,MG/L
06/26/2002,20,FEET,56,DEGREES F,0,MG/L
06/26/2002,22,FEET,54,DEGREES F,0,MG/L
07/16/2002,1,FEET,83,DEGREES F,3,MG/L
07/16/2002,3,FEET,81,DEGREES F,3,MG/L
07/16/2002,5,FEET,79,DEGREES F,3,MG/L
07/16/2002,10,FEET,76,DEGREES F,4,MG/L
07/16/2002,15,FEET,76,DEGREES F,3,MG/L
07/16/2002,20,FEET,60,DEGREES F,1,MG/L
07/16/2002,22,FEET,55,DEGREES F,0,MG/L
08/20/2002,1,FEET,71,DEGREES F,3,MG/L
08/20/2002,3,FEET,70,DEGREES F,5,MG/L
08/20/2002,5,FEET,70,DEGREES F,4,MG/L
08/20/2002,15,FEET,70,DEGREES F,4,MG/L
08/20/2002,20,FEET,65,DEGREES F,0,MG/L
08/20/2002,22,FEET,62,DEGREES F,0,MG/L
10/24/2002,1,FEET,44,DEGREES F,6,MG/L
10/24/2002,3,FEET,42,DEGREES F,8,MG/L
10/24/2002,5,FEET,42,DEGREES F,9,MG/L
10/24/2002,15,FEET,42,DEGREES F,6,MG/L
10/24/2002,20,FEET,42,DEGREES F,6,MG/L
10/24/2002,22,FEET,42,DEGREES F,8,MG/L
05/06/2003,1,FEET,53,DEGREES F,3,MG/L
05/06/2003,3,FEET,53,DEGREES F,4,MG/L
05/06/2003,5,FEET,53,DEGREES F,3.8,MG/L
05/06/2003,10,FEET,53,DEGREES F,3.2,MG/L
05/06/2003,15,FEET,53,DEGREES F,3.2,MG/L
05/06/2003,20,FEET,53,DEGREES F,2.2,MG/L
05/06/2003,22,FEET,52,DEGREES F,0,MG/L
07/14/2003,1,FEET,73,DEGREES F,9.5,MG/L
07/14/2003,3,FEET,73,DEGREES F,7.8,MG/L
07/14/2003,5,FEET,70,DEGREES F,7.5,MG/L
07/14/2003,10,FEET,70,DEGREES F,5.5,MG/L
07/14/2003,15,FEET,65,DEGREES F,2.5,MG/L
07/14/2003,20,FEET,58,DEGREES F,1.5,MG/L
07/14/2003,22,FEET,54,DEGREES F,0,MG/L
07/28/2003,1,FEET,77,DEGREES F,1.5,MG/L
07/28/2003,3,FEET,77,DEGREES F,1.5,MG/L
07/28/2003,5,FEET,77,DEGREES F,7.5,MG/L
07/28/2003,10,FEET,73,DEGREES F,2,MG/L
07/28/2003,15,FEET,63,DEGREES F,1,MG/L
07/28/2003,20,FEET,60,DEGREES F,.5,MG/L
07/28/2003,22,FEET,60,DEGREES F,.5,MG/L
08/12/2003,1,FEET,78,DEGREES F,2,MG/L
08/12/2003,3,FEET,76,DEGREES F,5,MG/L
08/12/2003,5,FEET,76,DEGREES F,5,MG/L
08/12/2003,10,FEET,73,DEGREES F,3.5,MG/L
08/12/2003,15,FEET,67,DEGREES F,2.5,MG/L
08/12/2003,20,FEET,60,DEGREES F,1,MG/L
08/12/2003,22,FEET,56,DEGREES F,0,MG/L
09/15/2003,1,FEET,68,DEGREES F,4.5,MG/L
09/15/2003,3,FEET,68,DEGREES F,5,MG/L
09/15/2003,5,FEET,66,DEGREES F,4.8,MG/L
09/15/2003,10,FEET,66,DEGREES F,4.8,MG/L
09/15/2003,15,FEET,66,DEGREES F,4.2,MG/L
09/15/2003,20,FEET,58,DEGREES F,.6,MG/L
09/15/2003,22,FEET,56,DEGREES F,.8,MG/L
07/12/2004,0,FEET,76,DEGREES F,,
07/12/2004,3,FEET,76,DEGREES F,2,MG/L
07/12/2004,5,FEET,75,DEGREES F,,
07/12/2004,10,FEET,70,DEGREES F,1,MG/L
07/12/2004,15,FEET,65,DEGREES F,.5,MG/L
07/12/2004,20,FEET,59,DEGREES F,,
07/12/2004,22,FEET,59,DEGREES F,0,MG/L
07/27/2004,0,FEET,76,DEGREES F,,
07/27/2004,3,FEET,76,DEGREES F,4,MG/L
07/27/2004,5,FEET,76,DEGREES F,,
07/27/2004,10,FEET,75,DEGREES F,3.2,MG/L
07/27/2004,15,FEET,65,DEGREES F,2,MG/L
07/27/2004,20,FEET,59,DEGREES F,,
07/27/2004,22,FEET,59,DEGREES F,0,MG/L
08/25/2004,0,FEET,68,DEGREES F,,
08/25/2004,3,FEET,68,DEGREES F,3,MG/L
08/25/2004,5,FEET,68,DEGREES F,,
08/25/2004,10,FEET,67,DEGREES F,5.5,MG/L
08/25/2004,15,FEET,66,DEGREES F,3.5,MG/L
08/25/2004,20,FEET,62,DEGREES F,,
08/25/2004,22,FEET,60,DEGREES F,0,MG/L
09/28/2004,0,FEET,62,DEGREES F,,
09/28/2004,3,FEET,64,DEGREES F,3.5,MG/L
09/28/2004,5,FEET,64,DEGREES F,,
09/28/2004,10,FEET,64,DEGREES F,5,MG/L
09/28/2004,15,FEET,64,DEGREES F,5,MG/L
09/28/2004,20,FEET,64,DEGREES F,,
09/28/2004,22,FEET,64,DEGREES F,3.5,MG/L
05/30/2006,0,FEET,76,DEGREES F,,
05/30/2006,3,FEET,76,DEGREES F,2.2,MG/L
05/30/2006,6,FEET,76,DEGREES F,,
05/30/2006,12,FEET,72,DEGREES F,2.4,MG/L
05/30/2006,15,FEET,72,DEGREES F,2.4,MG/L
05/30/2006,18,FEET,66,DEGREES F,1.8,MG/L
05/30/2006,21,FEET,59,DEGREES F,,
05/30/2006,23,FEET,59,DEGREES F,1,MG/L
06/26/2006,1,FEET,74.6,DEGREES F,,
06/26/2006,3,FEET,74,DEGREES F,6.4,MG/L
06/26/2006,6,FEET,74,DEGREES F,,
06/26/2006,9,FEET,73,DEGREES F,6.4,MG/L
06/26/2006,12,FEET,68,DEGREES F,3.2,MG/L
06/26/2006,15,FEET,68,DEGREES F,2.2,MG/L
06/26/2006,18,FEET,65,DEGREES F,2.4,MG/L
06/26/2006,21,FEET,60,DEGREES F,,
06/26/2006,23,FEET,58,DEGREES F,,
07/11/2006,1,FEET,76,DEGREES F,,
07/11/2006,3,FEET,75,DEGREES F,5.2,MG/L
07/11/2006,6,FEET,75,DEGREES F,,
07/11/2006,9,FEET,75,DEGREES F,3,MG/L
07/11/2006,12,FEET,72,DEGREES F,2.2,MG/L
07/11/2006,15,FEET,70,DEGREES F,1.4,MG/L
07/11/2006,18,FEET,68,DEGREES F,1.4,MG/L
07/11/2006,21,FEET,59,DEGREES F,,
07/11/2006,23,FEET,59,DEGREES F,.2,MG/L
08/08/2006,1,FEET,78,DEGREES F,,
08/08/2006,3,FEET,78,DEGREES F,4.4,MG/L
08/08/2006,6,FEET,78,DEGREES F,,
08/08/2006,9,FEET,78,DEGREES F,5.6,MG/L
08/08/2006,12,FEET,77,DEGREES F,3.6,MG/L
08/08/2006,15,FEET,74,DEGREES F,3.2,MG/L
08/08/2006,18,FEET,69,DEGREES F,2.2,MG/L
08/08/2006,21,FEET,64,DEGREES F,,
08/08/2006,23,FEET,64,DEGREES F,.6,MG/L
10/04/2006,1,FEET,60,DEGREES F,,
10/04/2006,3,FEET,59,DEGREES F,8.2,MG/L
10/04/2006,6,FEET,58,DEGREES F,,
10/04/2006,9,FEET,58,DEGREES F,6,MG/L
10/04/2006,12,FEET,58,DEGREES F,3.8,MG/L
10/04/2006,15,FEET,58,DEGREES F,4.4,MG/L
10/04/2006,18,FEET,58,DEGREES F,5,MG/L
10/04/2006,21,FEET,58,DEGREES F,,
10/04/2006,23,FEET,58,DEGREES F,4.4,MG/L
06/28/2007,1,FEET,75.5,DEGREES F,0.0,MG/L
06/28/2007,3,FEET,75.5,DEGREES F,5.0,MG/L
06/28/2007,6,FEET,75.5,DEGREES F,0.0,MG/L
06/28/2007,9,FEET,74.6,DEGREES F,6.0,MG/L
06/28/2007,12,FEET,71.7,DEGREES F,5.0,MG/L
06/28/2007,15,FEET,68.0,DEGREES F,3.0,MG/L
06/28/2007,18,FEET,62.9,DEGREES F,1.5,MG/L
06/28/2007,21,FEET,57.2,DEGREES F,0.0,MG/L
06/28/2007,23,FEET,56.4,DEGREES F,0.5,MG/L
07/25/2007,1,FEET,79.1,DEGREES F,0.0,MG/L
07/25/2007,3,FEET,78.8,DEGREES F,2.0,MG/L
07/25/2007,6,FEET,76.2,DEGREES F,0.0,MG/L
07/25/2007,9,FEET,74.1,DEGREES F,2.0,MG/L
07/25/2007,12,FEET,71.6,DEGREES F,1.6,MG/L
07/25/2007,15,FEET,70.1,DEGREES F,1.6,MG/L
07/25/2007,18,FEET,66.0,DEGREES F,2.4,MG/L
07/25/2007,21,FEET,59.0,DEGREES F,0.0,MG/L
07/25/2007,23,FEET,58.8,DEGREES F,0.4,MG/L
08/28/2007,1,FEET,70.5,DEGREES F,0.0,MG/L
08/28/2007,3,FEET,70.3,DEGREES F,6.4,MG/L
08/28/2007,6,FEET,70.1,DEGREES F,0.0,MG/L
08/28/2007,9,FEET,70.1,DEGREES F,4.4,MG/L
08/28/2007,12,FEET,69.0,DEGREES F,3.0,MG/L
08/28/2007,15,FEET,68.0,DEGREES F,2.8,MG/L
08/28/2007,18,FEET,66.0,DEGREES F,2.2,MG/L
08/28/2007,21,FEET,62.6,DEGREES F,0.0,MG/L
08/28/2007,23,FEET,60.8,DEGREES F,0.6,MG/L
07/29/2008,0,FEET,77.7,DEGREES F,0.0,MG/L
07/29/2008,3,FEET,77.3,DEGREES F,3.6,MG/L
07/29/2008,6,FEET,76.4,DEGREES F,0.0,MG/L
07/29/2008,9,FEET,72.3,DEGREES F,3.0,MG/L
07/29/2008,12,FEET,69.8,DEGREES F,3.0,MG/L
07/29/2008,15,FEET,67.4,DEGREES F,1.4,MG/L
07/29/2008,18,FEET,59.0,DEGREES F,1.6,MG/L
07/29/2008,21,FEET,56.4,DEGREES F,0.0,MG/L
07/29/2008,23,FEET,56.1,DEGREES F,0.6,MG/L
08/25/2008,0,FEET,71.4,DEGREES F,0.0,MG/L
08/25/2008,3,FEET,72.1,DEGREES F,3.0,MG/L
08/25/2008,6,FEET,71.9,DEGREES F,0.0,MG/L
08/25/2008,9,FEET,71.7,DEGREES F,4.0,MG/L
08/25/2008,12,FEET,71.6,DEGREES F,3.0,MG/L
08/25/2008,15,FEET,68.7,DEGREES F,5.0,MG/L
08/25/2008,18,FEET,61.5,DEGREES F,3.0,MG/L
08/25/2008,21,FEET,61.7,DEGREES F,0.0,MG/L
08/25/2008,23,FEET,61.5,DEGREES F,0.8,MG/L
07/29/2009,1,FEET,68.0,Deg. F,0.0,MG/L
07/29/2009,3,FEET,68.0,Deg. F,2.0,MG/L
07/29/2009,6,FEET,65.2,Deg. F,0.0,MG/L
07/29/2009,9,FEET,63.7,Deg. F,2.0,MG/L
07/29/2009,12,FEET,61.6,Deg. F,2.0,MG/L
07/29/2009,15,FEET,60.1,Deg. F,2.2,MG/L
07/29/2009,18,FEET,58.6,Deg. F,2.4,MG/L
07/29/2009,21,FEET,55.8,Deg. F,0.0,MG/L
07/29/2009,23,FEET,54.0,Deg. F,0.8,MG/L
08/31/2009,0,FEET,75.0,Deg. F,0.0,MG/L
08/31/2009,3,FEET,74.8,Deg. F,3.0,MG/L
08/31/2009,6,FEET,73.0,Deg. F,0.0,MG/L
08/31/2009,9,FEET,72.0,Deg. F,1.6,MG/L
08/31/2009,12,FEET,71.0,Deg. F,2.0,MG/L
08/31/2009,15,FEET,68.0,Deg. F,2.0,MG/L
08/31/2009,18,FEET,65.0,Deg. F,2.0,MG/L
08/31/2009,21,FEET,64.8,Deg. F,0.0,MG/L
08/31/2009,23,FEET,62.0,Deg. F,0.5,MG/L
09/16/2009,0,FEET,73.0,Deg. F,0.0,MG/L
09/16/2009,3,FEET,73.2,Deg. F,2.2,MG/L
09/16/2009,6,FEET,73.1,Deg. F,0.0,MG/L
09/16/2009,9,FEET,73.2,Deg. F,2.0,MG/L
09/16/2009,12,FEET,66.4,Deg. F,2.8,MG/L
09/16/2009,15,FEET,62.5,Deg. F,2.5,MG/L
09/16/2009,18,FEET,61.4,Deg. F,2.0,MG/L
09/16/2009,21,FEET,58.8,Deg. F,0.0,MG/L
09/16/2009,23,FEET,58.4,Deg. F,1.0,MG/L
08/19/2012,3,FEET,70.5,DEGREES F,7,MG/L
08/19/2012,6,FEET,69.6,DEGREES F,6,MG/L
08/19/2012,9,FEET,69.2,DEGREES F,4,MG/L
08/19/2012,12,FEET,68.3,DEGREES F,3,MG/L
08/19/2012,15,FEET,66.5,DEGREES F,2.2,MG/L
08/19/2012,18,FEET,59.3,DEGREES F,1.8,MG/L
08/19/2012,21,FEET,55.5,DEGREES F,1,MG/L
06/30/2013,0,FEET,75,DEGREES F,,
06/30/2013,3,FEET,73.7,DEGREES F,6,MG/L
06/30/2013,6,FEET,73.4,DEGREES F,7,MG/L
06/30/2013,9,FEET,72.1,DEGREES F,4,MG/L
06/30/2013,12,FEET,64.4,DEGREES F,3,MG/L
06/30/2013,15,FEET,57.5,DEGREES F,2,MG/L
06/30/2013,18,FEET,53.9,DEGREES F,1,MG/L
06/30/2013,21,FEET,52.1,DEGREES F,0,MG/L
06/30/2013,23,FEET,50.7,DEGREES F,0,MG/L
07/21/2013,0,FEET,76.8,DEGREES F,,
07/21/2013,3,FEET,76.8,DEGREES F,6,MG/L
07/21/2013,6,FEET,76.8,DEGREES F,4,MG/L
07/21/2013,9,FEET,76.4,DEGREES F,3,MG/L
07/21/2013,12,FEET,69.2,DEGREES F,2,MG/L
07/21/2013,15,FEET,60.2,DEGREES F,1.5,MG/L
07/21/2013,18,FEET,54.3,DEGREES F,1,MG/L
07/21/2013,21,FEET,51,DEGREES F,.5,MG/L
07/21/2013,23,FEET,50.5,DEGREES F,,
07/31/2013,0,FEET,70.8,DEGREES F,,
07/31/2013,3,FEET,70.5,DEGREES F,,
07/31/2013,6,FEET,70.3,DEGREES F,,
07/31/2013,9,FEET,70.3,DEGREES F,,
07/31/2013,12,FEET,66.5,DEGREES F,,
07/31/2013,15,FEET,61.5,DEGREES F,,
07/31/2013,18,FEET,56.1,DEGREES F,,
07/31/2013,21,FEET,51.8,DEGREES F,,
07/31/2013,23,FEET,51.2,DEGREES F,,
07/27/2017,0,METERS,78.6,DEGREES F,8.73,MG/L
07/27/2017,1,METERS,76.1,DEGREES F,9.02,MG/L
07/27/2017,2,METERS,73.5,DEGREES F,8.13,MG/L
07/27/2017,3,METERS,70.1,DEGREES F,3.11,MG/L
07/27/2017,4,METERS,64.2,DEGREES F,2.93,MG/L
07/27/2017,5,METERS,59.8,DEGREES F,.21,MG/L
07/27/2017,6,METERS,58.3,DEGREES F,.28,MG/L



Start Date,Fieldwork Comment
06/24/1986,Bright- clear- level approximately 4" below normal.    
06/29/1986,Bright- clear- level below normal- slight ripples.    
07/04/1986,Level below normal.    
07/18/1986,Level up 7" in 5 days- heavy rain for 3 days before reading.    
07/28/1986,Rain on and off- level down 3" in last week but 4" above normal.    
08/17/1986,Color changing toward brown.    
09/19/1986,5+" of rain in last two weeks.  Lake level: very high    
04/25/1987,Ice out 3/24/87 (very early). Dry- warm winter 17' of ice in test spot on 2/2/87. Dry spring.    
05/09/1987,Lake calm- still no rain.    
05/24/1987,Slight ripple- floating green stuff- about 1.5 ft. rain last week- lots of weeds starting to grow.    
06/05/1987,Medium ripple on water- more weeds- and the green slime is increasing.    
06/24/1987,Green slime is lessening- water color changing to brown- and about 1" of rain in last 2 weeks.    
07/05/1987,Rained 0.8" on 7/4/1987.  The green slime is almost gone.    
07/21/1987,Color changing to brown.  It rained about 3.5 inches in last 2 weeks.    
09/02/1987,Lake like pea soup- fishing has been off all year- last test of the year.  Water level: up est. 6"    
06/09/1988,Ice out 4/8- little rain this year- water warmer than usual.    
06/22/1988,Lake rising- weeds showing above water.    
07/13/1988,Weeds fully up- black slime in shadows- very little rain.    
07/20/1988,1" rain since last reading.    
07/30/1988,Very hot- windy last 6 days.    
08/12/1988,4.5" rain over last 10 days- lake about normal.    
08/28/1988,Lake totally green- pea soup.    
09/03/1988,Lake has clear up over past few days- not normal but good.    
05/10/1989,Ice out 4/18- water temp. near shore at 2 ft. under is 42 F.    
05/20/1989,Bright sun- lake calm.    
06/04/1989,Bright sun- light chop- weeds starting to show.    
06/22/1989,Bright. Sun- light chop- 1.75 in. rain past week- deepest reading since 6/24/87.    
07/11/1989,Clear- calm.    
08/02/1989,Clear- calm- little rain.    
08/15/1989,Light chop- 2.5 in. rain last 2 days- level was dropping last week- now is normal.    
09/01/1989,Water calm.    
04/08/1990,Calm- ice off 3/4- 1st pair loons 4/6- lots of migrating ducks.    
05/10/1990,Steady rain.    
06/15/1990, Water level: up 6"    
07/01/1990,Big boats stirring up lake every weekend- weeds starting- level going down.  Water level: up 3"    
07/16/1990,Weeds getting worse.    
07/28/1990,Weeds thick- hard to find a swimming spot.    
08/10/1990,Weeds bad- fishing picking up a little.    
08/17/1990,Weeds not through surface as in past weeks- little rain for 2 weeks.    
09/26/1990,Warm week- not much rain.    
04/12/1991,Ice off: 4/4.    
04/21/1991,Raining.    
04/28/1991,Algae bloom.    
05/27/1991,8 to 10" of rain in May (cold).    
07/20/1991,Weedy.    
08/25/1991,Heavy winds on 8/24- heavy rain- fishing average- temps in 90's.    
09/01/1991,Cold at night (58 F)- nice day- weeds going down- fishing slow.    
09/14/1991,A lot of rain last week- fishing slow- weeds down.    
09/20/1991,Cold- windy.    
05/20/1992,Ice off 4-7- water temp: 42 degrees.    
06/19/1992,Cold- water up 6 inches from last week.    
06/28/1992,Cold at night- water temp. is 60 degrees.    
07/17/1992,Rain for the last two days- lake is up.    
07/27/1992,Cold.    
08/02/1992,Water is cold for swimming- Northerns are hitting.    
08/14/1992,Cold.    
09/02/1992,Cold as usual.  Fish biting- 7lb northern- pan fish fair.    
09/08/1992,Rain for good old labor day- 42 degrees- water temp is 46 degrees.    
04/26/1993,Ice-off 4-17-94.    
05/13/1993,High water- cold rain.    
05/27/1993,No swimming- cold rain- fishing is slow.    
06/14/1993,Not a good spring for lake people- fishing is slow.    
07/05/1993,Cold rain - weeds are up.    
07/26/1993,Twenty-one weekends of rain in a row.  Lake is back to normal- weeds are high.    
05/10/1994,Cold.    
07/04/1994,Last 2 weeks in June- bass-northern were good-sunfish also.    
07/15/1994,Northerns were biting good.    
07/23/1994,Good rain in the last two weeks- the lake is up a little- weeds are normal.    
05/15/1995,Lake and water high- cold spring.    
05/23/1995,No secchi depth on the field sheet- took the number given on the lab sheet.    
05/27/1995,The best reading in 3 years.  Hope this keeps up.    
06/03/1995,Boats back in full swing.  Will be coming down on readings now- but hoping to stay at 6' or so.    
06/10/1995,We had 5-6" rain.  Lake up about 1'.    
06/13/1995,Water level up from last week due to rainfall.    
06/17/1995,85 degrees in the shade.  Hot- slow fishing.    
06/20/1995,90 degree weather- lots of boats- water skiing- algae up- lost 2' on reading in one week.    
08/02/1995,Water high.    
08/21/1995,High water level from latest rain fall.    
08/27/1995,High water- a lot of rain.    
09/03/1995,Bass and northern hitting ( ).  High water.    
09/14/1995,Lowered our dock.  Water went down 2' in one week- bass biting.    
05/03/1996,Cold-rain.    
05/10/1996,Cold. Not many boats yet.    
05/17/1996,Weeds growing fast. Water down 2'.    
06/30/1996,Water is up 18".    
07/04/1996,Rain on the 4th. Not a good sample.    
08/06/1996,Coming back on readings.  Looking a lot better.    
08/27/1996,Fish biting good.    
09/06/1996,Good reading- best ever.    
09/21/1996,No rain for almost a month-Northerns hitting.    
05/07/1997,Cold water temp. Ice off 4-12-97.    
07/15/1997,LAKE SAMPLE    
08/20/1997,LAKE SAMPLE    
06/15/1998,LAKE SAMPLE    
07/07/1998,LAKE SAMPLE    
09/01/1998,LAKE SAMPLE    
09/16/1998,LAKE SAMPLE    
06/25/2000,INTEGRATED WATER SAMPLE    
06/26/2000,INTEGRATED WATER SAMPLE    
06/26/2000,VAN DORN    
08/23/2000,VAN DORN SAMPLE    
06/11/2001,DEEP HOLE    
07/10/2001,DEEP HOLE    
08/21/2001,DEEP HOLE    
05/08/2002,DEEP HOLE - 3FT VAN DORN SAMPLE    
06/26/2002,DEEP HOLE - 3FT VAN DORN SAMPLE    
07/16/2002,DEEP HOLE - 3FT VAN DORN SAMPLE    
08/20/2002,DEEP HOLE - 3FT VAN DORN SAMPLE    
10/22/2002,DEEP HOLE - 3FT VAN DORN SAMPLE    
05/06/2003,DEEP HOLE - SURFACE    
07/14/2003,DEEP HOLE - SURFACE    
07/28/2003,DEEP HOLE - SURFACE    
08/12/2003,DEEP HOLE - SURFACE    
09/15/2003,DEEP HOLE - SURFACE    
07/12/2004,Bottom temp. 59 F- bottom D.O. 0 mg/l.    
07/27/2004,Bottom temp. 59 F- bottom D.O. 0 mg/l.    
08/25/2004,Bottom temp. 56 F- bottom D.O. 0 mg/l.    
09/28/2004,Bottom temp. 64 F- bottom D.O. 1.5 mg/l.    
06/28/2005,DEEP HOLE - INTEGRATED SAMPLE    
07/13/2005,DEEP HOLE - INTEGRATED SAMPLE    
08/19/2012,Clear sunny morning.Beautiful day Temps in the 70's. Light wind slight ripple on the lake. I was assisted my fellow property owner Mike Salwasser
08/29/2012,Satellite Day Path 26 clear day no clouds  86 degrees F Assisted by fellow property owner Mike Salwasser. Wind from the south west at 10 mph
06/30/2013,Sunny with high hazy whispering clouds.
07/31/2013,Satellite Day - took water clarity reading




Start Date,Group Name,Project Name
06/24/1986,Glenn Gibbons,Citizen Lake Monitoring - Water Quality - Little Wood Lake; Near Deepest Pt
06/29/1986,Glenn Gibbons,Citizen Lake Monitoring - Water Quality - Little Wood Lake; Near Deepest Pt
07/04/1986,Glenn Gibbons,Citizen Lake Monitoring - Water Quality - Little Wood Lake; Near Deepest Pt
07/18/1986,Glenn Gibbons,Citizen Lake Monitoring - Water Quality - Little Wood Lake; Near Deepest Pt
07/28/1986,Glenn Gibbons,Citizen Lake Monitoring - Water Quality - Little Wood Lake; Near Deepest Pt
08/17/1986,Glenn Gibbons,Citizen Lake Monitoring - Water Quality - Little Wood Lake; Near Deepest Pt
08/24/1986,Glenn Gibbons,Citizen Lake Monitoring - Water Quality - Little Wood Lake; Near Deepest Pt
09/01/1986,Glenn Gibbons,Citizen Lake Monitoring - Water Quality - Little Wood Lake; Near Deepest Pt
09/19/1986,Glenn Gibbons,Citizen Lake Monitoring - Water Quality - Little Wood Lake; Near Deepest Pt
10/08/1986,Glenn Gibbons,Citizen Lake Monitoring - Water Quality - Little Wood Lake; Near Deepest Pt
04/25/1987,Glenn Gibbons,Citizen Lake Monitoring - Water Quality - Little Wood Lake; Near Deepest Pt
05/09/1987,Glenn Gibbons,Citizen Lake Monitoring - Water Quality - Little Wood Lake; Near Deepest Pt
05/24/1987,Glenn Gibbons,Citizen Lake Monitoring - Water Quality - Little Wood Lake; Near Deepest Pt
06/05/1987,Glenn Gibbons,Citizen Lake Monitoring - Water Quality - Little Wood Lake; Near Deepest Pt
06/24/1987,Glenn Gibbons,Citizen Lake Monitoring - Water Quality - Little Wood Lake; Near Deepest Pt
07/05/1987,Glenn Gibbons,Citizen Lake Monitoring - Water Quality - Little Wood Lake; Near Deepest Pt
07/21/1987,Glenn Gibbons,Citizen Lake Monitoring - Water Quality - Little Wood Lake; Near Deepest Pt
08/10/1987,Glenn Gibbons,Citizen Lake Monitoring - Water Quality - Little Wood Lake; Near Deepest Pt
09/02/1987,Glenn Gibbons,Citizen Lake Monitoring - Water Quality - Little Wood Lake; Near Deepest Pt
06/09/1988,Glenn Gibbons,Citizen Lake Monitoring - Water Quality - Little Wood Lake; Near Deepest Pt
06/22/1988,Glenn Gibbons,Citizen Lake Monitoring - Water Quality - Little Wood Lake; Near Deepest Pt
07/13/1988,Glenn Gibbons,Citizen Lake Monitoring - Water Quality - Little Wood Lake; Near Deepest Pt
07/20/1988,Glenn Gibbons,Citizen Lake Monitoring - Water Quality - Little Wood Lake; Near Deepest Pt
07/30/1988,Glenn Gibbons,Citizen Lake Monitoring - Water Quality - Little Wood Lake; Near Deepest Pt
08/12/1988,Glenn Gibbons,Citizen Lake Monitoring - Water Quality - Little Wood Lake; Near Deepest Pt
08/28/1988,Glenn Gibbons,Citizen Lake Monitoring - Water Quality - Little Wood Lake; Near Deepest Pt
09/03/1988,Glenn Gibbons,Citizen Lake Monitoring - Water Quality - Little Wood Lake; Near Deepest Pt
05/10/1989,Glenn Gibbons,Citizen Lake Monitoring - Water Quality - Little Wood Lake; Near Deepest Pt
05/20/1989,Glenn Gibbons,Citizen Lake Monitoring - Water Quality - Little Wood Lake; Near Deepest Pt
06/04/1989,Glenn Gibbons,Citizen Lake Monitoring - Water Quality - Little Wood Lake; Near Deepest Pt
06/22/1989,Glenn Gibbons,Citizen Lake Monitoring - Water Quality - Little Wood Lake; Near Deepest Pt
07/11/1989,Glenn Gibbons,Citizen Lake Monitoring - Water Quality - Little Wood Lake; Near Deepest Pt
08/02/1989,Glenn Gibbons,Citizen Lake Monitoring - Water Quality - Little Wood Lake; Near Deepest Pt
08/15/1989,Glenn Gibbons,Citizen Lake Monitoring - Water Quality - Little Wood Lake; Near Deepest Pt
09/01/1989,Glenn Gibbons,Citizen Lake Monitoring - Water Quality - Little Wood Lake; Near Deepest Pt
04/08/1990,Glenn Gibbons,Citizen Lake Monitoring - Water Quality - Little Wood Lake; Near Deepest Pt
05/10/1990,Glenn Gibbons,Citizen Lake Monitoring - Water Quality - Little Wood Lake; Near Deepest Pt
05/27/1990,Glenn Gibbons,Citizen Lake Monitoring - Water Quality - Little Wood Lake; Near Deepest Pt
06/15/1990,Glenn Gibbons,Citizen Lake Monitoring - Water Quality - Little Wood Lake; Near Deepest Pt
07/01/1990,Glenn Gibbons,Citizen Lake Monitoring - Water Quality - Little Wood Lake; Near Deepest Pt
07/16/1990,Glenn Gibbons,Citizen Lake Monitoring - Water Quality - Little Wood Lake; Near Deepest Pt
07/28/1990,Paul Moriarty,Citizen Lake Monitoring - Water Quality - Little Wood Lake; Near Deepest Pt
08/10/1990,Paul Moriarty,Citizen Lake Monitoring - Water Quality - Little Wood Lake; Near Deepest Pt
08/17/1990,Paul Moriarty,Citizen Lake Monitoring - Water Quality - Little Wood Lake; Near Deepest Pt
08/29/1990,Paul Moriarty,Citizen Lake Monitoring - Water Quality - Little Wood Lake; Near Deepest Pt
09/15/1990,Paul Moriarty,Citizen Lake Monitoring - Water Quality - Little Wood Lake; Near Deepest Pt
09/26/1990,Paul Moriarty,Citizen Lake Monitoring - Water Quality - Little Wood Lake; Near Deepest Pt
04/12/1991,Paul Moriarty,Citizen Lake Monitoring - Water Quality - Little Wood Lake; Near Deepest Pt
04/21/1991,Paul Moriarty,Citizen Lake Monitoring - Water Quality - Little Wood Lake; Near Deepest Pt
04/28/1991,Paul Moriarty,Citizen Lake Monitoring - Water Quality - Little Wood Lake; Near Deepest Pt
05/27/1991,Paul Moriarty,Citizen Lake Monitoring - Water Quality - Little Wood Lake; Near Deepest Pt
06/05/1991,Paul Moriarty,Citizen Lake Monitoring - Water Quality - Little Wood Lake; Near Deepest Pt
06/17/1991,Paul Moriarty,Citizen Lake Monitoring - Water Quality - Little Wood Lake; Near Deepest Pt
07/07/1991,Paul Moriarty,Citizen Lake Monitoring - Water Quality - Little Wood Lake; Near Deepest Pt
07/20/1991,Paul Moriarty,Citizen Lake Monitoring - Water Quality - Little Wood Lake; Near Deepest Pt
08/19/1991,Paul Moriarty,Citizen Lake Monitoring - Water Quality - Little Wood Lake; Near Deepest Pt
08/25/1991,Paul Moriarty,Citizen Lake Monitoring - Water Quality - Little Wood Lake; Near Deepest Pt
09/01/1991,Paul Moriarty,Citizen Lake Monitoring - Water Quality - Little Wood Lake; Near Deepest Pt
09/14/1991,Paul Moriarty,Citizen Lake Monitoring - Water Quality - Little Wood Lake; Near Deepest Pt
09/20/1991,Paul Moriarty,Citizen Lake Monitoring - Water Quality - Little Wood Lake; Near Deepest Pt
05/20/1992,Paul Moriarty,Citizen Lake Monitoring - Water Quality - Little Wood Lake; Near Deepest Pt
06/01/1992,Paul Moriarty,Citizen Lake Monitoring - Water Quality - Little Wood Lake; Near Deepest Pt
06/08/1992,Paul Moriarty,Citizen Lake Monitoring - Water Quality - Little Wood Lake; Near Deepest Pt
06/19/1992,Paul Moriarty,Citizen Lake Monitoring - Water Quality - Little Wood Lake; Near Deepest Pt
06/28/1992,Paul Moriarty,Citizen Lake Monitoring - Water Quality - Little Wood Lake; Near Deepest Pt
07/17/1992,Paul Moriarty,Citizen Lake Monitoring - Water Quality - Little Wood Lake; Near Deepest Pt
07/27/1992,Paul Moriarty,Citizen Lake Monitoring - Water Quality - Little Wood Lake; Near Deepest Pt
08/02/1992,Paul Moriarty,Citizen Lake Monitoring - Water Quality - Little Wood Lake; Near Deepest Pt
08/14/1992,Paul Moriarty,Citizen Lake Monitoring - Water Quality - Little Wood Lake; Near Deepest Pt
09/02/1992,Paul Moriarty,Citizen Lake Monitoring - Water Quality - Little Wood Lake; Near Deepest Pt
09/08/1992,Paul Moriarty,Citizen Lake Monitoring - Water Quality - Little Wood Lake; Near Deepest Pt
04/26/1993,Paul Moriarty,Citizen Lake Monitoring - Water Quality - Little Wood Lake; Near Deepest Pt
05/13/1993,Paul Moriarty,Citizen Lake Monitoring - Water Quality - Little Wood Lake; Near Deepest Pt
05/27/1993,Paul Moriarty,Citizen Lake Monitoring - Water Quality - Little Wood Lake; Near Deepest Pt
06/14/1993,Paul Moriarty,Citizen Lake Monitoring - Water Quality - Little Wood Lake; Near Deepest Pt
07/05/1993,Paul Moriarty,Citizen Lake Monitoring - Water Quality - Little Wood Lake; Near Deepest Pt
07/26/1993,Paul Moriarty,Citizen Lake Monitoring - Water Quality - Little Wood Lake; Near Deepest Pt
08/14/1993,Paul Moriarty,Citizen Lake Monitoring - Water Quality - Little Wood Lake; Near Deepest Pt
09/01/1993,Paul Moriarty,Citizen Lake Monitoring - Water Quality - Little Wood Lake; Near Deepest Pt
09/15/1993,Paul Moriarty,Citizen Lake Monitoring - Water Quality - Little Wood Lake; Near Deepest Pt
10/04/1993,Paul Moriarty,Citizen Lake Monitoring - Water Quality - Little Wood Lake; Near Deepest Pt
10/23/1993,Paul Moriarty,Citizen Lake Monitoring - Water Quality - Little Wood Lake; Near Deepest Pt
04/27/1994,Paul Moriarty,Citizen Lake Monitoring - Water Quality - Little Wood Lake; Near Deepest Pt
05/10/1994,Paul Moriarty,Citizen Lake Monitoring - Water Quality - Little Wood Lake; Near Deepest Pt
06/10/1994,Paul Moriarty,Citizen Lake Monitoring - Water Quality - Little Wood Lake; Near Deepest Pt
06/20/1994,Paul Moriarty,Citizen Lake Monitoring - Water Quality - Little Wood Lake; Near Deepest Pt
06/25/1994,Paul Moriarty,Citizen Lake Monitoring - Water Quality - Little Wood Lake; Near Deepest Pt
07/04/1994,Paul Moriarty,Citizen Lake Monitoring - Water Quality - Little Wood Lake; Near Deepest Pt
07/15/1994,Paul Moriarty,Citizen Lake Monitoring - Water Quality - Little Wood Lake; Near Deepest Pt
07/23/1994,Paul Moriarty,Citizen Lake Monitoring - Water Quality - Little Wood Lake; Near Deepest Pt
08/15/1994,Ted And Steve Zaborowski,Citizen Lake Monitoring - Water Quality - Little Wood Lake; Near Deepest Pt
10/04/1994,Ted And Steve Zaborowski,Citizen Lake Monitoring - Water Quality - Little Wood Lake; Near Deepest Pt
10/12/1994,Ted And Steve Zaborowski,Citizen Lake Monitoring - Water Quality - Little Wood Lake; Near Deepest Pt
05/15/1995,Paul Moriarty,Citizen Lake Monitoring - Water Quality - Little Wood Lake; Near Deepest Pt
05/23/1995,Ted And Steve Zaborowski,Citizen Lake Monitoring - Water Quality - Little Wood Lake; Near Deepest Pt
05/27/1995,Paul Moriarty,Citizen Lake Monitoring - Water Quality - Little Wood Lake; Near Deepest Pt
06/03/1995,Paul Moriarty,Citizen Lake Monitoring - Water Quality - Little Wood Lake; Near Deepest Pt
06/10/1995,Paul Moriarty,Citizen Lake Monitoring - Water Quality - Little Wood Lake; Near Deepest Pt
06/13/1995,Ted And Steve Zaborowski,Citizen Lake Monitoring - Water Quality - Little Wood Lake; Near Deepest Pt
06/17/1995,Paul Moriarty,Citizen Lake Monitoring - Water Quality - Little Wood Lake; Near Deepest Pt
06/20/1995,Paul Moriarty,Citizen Lake Monitoring - Water Quality - Little Wood Lake; Near Deepest Pt
07/08/1995,Paul Moriarty,Citizen Lake Monitoring - Water Quality - Little Wood Lake; Near Deepest Pt
07/15/1995,Paul Moriarty,Citizen Lake Monitoring - Water Quality - Little Wood Lake; Near Deepest Pt
07/19/1995,Data Collectors,Citizen Lake Monitoring - Water Quality - Little Wood Lake; Near Deepest Pt
07/19/1995,Ted And Steve Zaborowski,Citizen Lake Monitoring - Water Quality - Little Wood Lake; Near Deepest Pt
07/23/1995,Paul Moriarty,Citizen Lake Monitoring - Water Quality - Little Wood Lake; Near Deepest Pt
08/02/1995,Paul Moriarty,Citizen Lake Monitoring - Water Quality - Little Wood Lake; Near Deepest Pt
08/15/1995,Paul Moriarty,Citizen Lake Monitoring - Water Quality - Little Wood Lake; Near Deepest Pt
08/20/1995,Paul Moriarty,Citizen Lake Monitoring - Water Quality - Little Wood Lake; Near Deepest Pt
08/21/1995,Ted And Steve Zaborowski,Citizen Lake Monitoring - Water Quality - Little Wood Lake; Near Deepest Pt
08/27/1995,Paul Moriarty,Citizen Lake Monitoring - Water Quality - Little Wood Lake; Near Deepest Pt
09/03/1995,Paul Moriarty,Citizen Lake Monitoring - Water Quality - Little Wood Lake; Near Deepest Pt
09/14/1995,Paul Moriarty,Citizen Lake Monitoring - Water Quality - Little Wood Lake; Near Deepest Pt
09/26/1995,Ted And Steve Zaborowski,Citizen Lake Monitoring - Water Quality - Little Wood Lake; Near Deepest Pt
05/03/1996,Paul Moriarty,Citizen Lake Monitoring - Water Quality - Little Wood Lake; Near Deepest Pt
05/10/1996,Paul Moriarty,Citizen Lake Monitoring - Water Quality - Little Wood Lake; Near Deepest Pt
05/17/1996,Paul Moriarty,Citizen Lake Monitoring - Water Quality - Little Wood Lake; Near Deepest Pt
06/25/1996,Ted And Steve Zaborowski,Citizen Lake Monitoring - Water Quality - Little Wood Lake; Near Deepest Pt
06/26/1996,Paul Moriarty,Citizen Lake Monitoring - Water Quality - Little Wood Lake; Near Deepest Pt
06/30/1996,Paul Moriarty,Citizen Lake Monitoring - Water Quality - Little Wood Lake; Near Deepest Pt
07/01/1996,Paul Moriarty,Citizen Lake Monitoring - Water Quality - Little Wood Lake; Near Deepest Pt
07/04/1996,Paul Moriarty,Citizen Lake Monitoring - Water Quality - Little Wood Lake; Near Deepest Pt
07/15/1996,Ted And Steve Zaborowski,Citizen Lake Monitoring - Water Quality - Little Wood Lake; Near Deepest Pt
07/30/1996,Paul Moriarty,Citizen Lake Monitoring - Water Quality - Little Wood Lake; Near Deepest Pt
08/06/1996,Paul Moriarty,Citizen Lake Monitoring - Water Quality - Little Wood Lake; Near Deepest Pt
08/15/1996,Paul Moriarty,Citizen Lake Monitoring - Water Quality - Little Wood Lake; Near Deepest Pt
08/26/1996,Data Collectors,Citizen Lake Monitoring - Water Quality - Little Wood Lake; Near Deepest Pt
08/26/1996,Ted And Steve Zaborowski,Citizen Lake Monitoring - Water Quality - Little Wood Lake; Near Deepest Pt
08/27/1996,Paul Moriarty,Citizen Lake Monitoring - Water Quality - Little Wood Lake; Near Deepest Pt
09/06/1996,Paul Moriarty,Citizen Lake Monitoring - Water Quality - Little Wood Lake; Near Deepest Pt
09/14/1996,Paul Moriarty,Citizen Lake Monitoring - Water Quality - Little Wood Lake; Near Deepest Pt
09/16/1996,Ted And Steve Zaborowski,Citizen Lake Monitoring - Water Quality - Little Wood Lake; Near Deepest Pt
09/21/1996,Paul Moriarty,Citizen Lake Monitoring - Water Quality - Little Wood Lake; Near Deepest Pt
05/07/1997,Paul Moriarty,Citizen Lake Monitoring - Water Quality - Little Wood Lake; Near Deepest Pt
07/15/1997,Ted And Steve Zaborowski,Citizen Lake Monitoring - Water Quality - Little Wood Lake; Near Deepest Pt
07/27/1997,Paul Moriarty,Citizen Lake Monitoring - Water Quality - Little Wood Lake; Near Deepest Pt
08/20/1997,Ted And Steve Zaborowski,Citizen Lake Monitoring - Water Quality - Little Wood Lake; Near Deepest Pt
06/15/1998,Ted And Steve Zaborowski,Citizen Lake Monitoring - Water Quality - Little Wood Lake; Near Deepest Pt
07/07/1998,Ted And Steve Zaborowski,Citizen Lake Monitoring - Water Quality - Little Wood Lake; Near Deepest Pt
09/01/1998,Ted And Steve Zaborowski,Citizen Lake Monitoring - Water Quality - Little Wood Lake; Near Deepest Pt
09/16/1998,Ted And Steve Zaborowski,Citizen Lake Monitoring - Water Quality - Little Wood Lake; Near Deepest Pt
07/22/1999,Ted And Steve Zaborowski,Citizen Lake Monitoring - Water Quality - Little Wood Lake; Near Deepest Pt
09/01/1999,Ted Zaborowski,Citizen Lake Monitoring - Water Quality - Little Wood Lake; Near Deepest Pt
09/15/1999,Ted Zaborowski,Citizen Lake Monitoring - Water Quality - Little Wood Lake; Near Deepest Pt
06/25/2000,Ted Zaborowski,Lake Baseline Monitoring- DNR (1970s-2006)
06/26/2000,Ted Zaborowski,
08/01/2000,Ted And Steve Zaborowski,Citizen Lake Monitoring - Water Quality - Little Wood Lake; Near Deepest Pt
08/23/2000,Data Collectors,Citizen Lake Monitoring - Water Quality - Little Wood Lake; Near Deepest Pt
09/25/2000,Ted Zaborowski,Citizen Lake Monitoring - Water Quality - Little Wood Lake; Near Deepest Pt
06/11/2001,Ted And Steve Zaborowski,Citizen Lake Monitoring - Water Quality - Little Wood Lake; Near Deepest Pt
07/10/2001,Ted Zaborowski,Citizen Lake Monitoring - Water Quality - Little Wood Lake; Near Deepest Pt
08/21/2001,Ted Zaborowski,Citizen Lake Monitoring - Water Quality - Little Wood Lake; Near Deepest Pt
05/08/2002,Ted And Steve Zaborowski,Citizen Lake Monitoring - Water Quality - Little Wood Lake; Near Deepest Pt
06/26/2002,Ted And Steve Zaborowski,Citizen Lake Monitoring - Water Quality - Little Wood Lake; Near Deepest Pt
07/16/2002,Ted And Steve Zaborowski,Citizen Lake Monitoring - Water Quality - Little Wood Lake; Near Deepest Pt
08/20/2002,Ted And Steve Zaborowski,Citizen Lake Monitoring - Water Quality - Little Wood Lake; Near Deepest Pt
10/22/2002,Data Collectors,Citizen Lake Monitoring - Water Quality - Little Wood Lake; Near Deepest Pt
10/24/2002,Ted And Steve Zaborowski,Citizen Lake Monitoring - Water Quality - Little Wood Lake; Near Deepest Pt
05/06/2003,Ted And Steve Zaborowski,Citizen Lake Monitoring - Water Quality - Little Wood Lake; Near Deepest Pt
07/14/2003,Ted And Steve Zaborowski,Citizen Lake Monitoring - Water Quality - Little Wood Lake; Near Deepest Pt
07/28/2003,Ted And Steve Zaborowski,Citizen Lake Monitoring - Water Quality - Little Wood Lake; Near Deepest Pt
08/12/2003,Ted And Steve Zaborowski,Citizen Lake Monitoring - Water Quality - Little Wood Lake; Near Deepest Pt
09/15/2003,Ted And Steve Zaborowski,Citizen Lake Monitoring - Water Quality - Little Wood Lake; Near Deepest Pt
07/12/2004,Ted And Steve Zaborowski,Citizen Lake Monitoring - Water Quality - Little Wood Lake; Near Deepest Pt
07/27/2004,Ted And Steve Zaborowski,Citizen Lake Monitoring - Water Quality - Little Wood Lake; Near Deepest Pt
08/25/2004,Ted And Steve Zaborowski,Citizen Lake Monitoring - Water Quality - Little Wood Lake; Near Deepest Pt
09/28/2004,Ted And Steve Zaborowski,Citizen Lake Monitoring - Water Quality - Little Wood Lake; Near Deepest Pt
06/28/2005,Ted And Steve Zaborowski,Citizen Lake Monitoring - Water Quality - Little Wood Lake; Near Deepest Pt
07/13/2005,Ted And Steve Zaborowski,Citizen Lake Monitoring - Water Quality - Little Wood Lake; Near Deepest Pt
05/30/2006,Ted And Steve Zaborowski,Citizen Lake Monitoring - Water Quality - Little Wood Lake; Near Deepest Pt
06/26/2006,Ted Zaborowski,Citizen Lake Monitoring - Water Quality - Little Wood Lake; Near Deepest Pt
07/11/2006,Ted Zaborowski,Citizen Lake Monitoring - Water Quality - Little Wood Lake; Near Deepest Pt
08/08/2006,Ted And Steve Zaborowski,Citizen Lake Monitoring - Water Quality - Little Wood Lake; Near Deepest Pt
10/04/2006,Ted And Steve Zaborowski,Citizen Lake Monitoring - Water Quality - Little Wood Lake; Near Deepest Pt
06/28/2007,Ted And Steve Zaborowski,Citizen Lake Monitoring - Water Quality - Little Wood Lake; Near Deepest Pt
07/25/2007,Ted And Steve Zaborowski,Citizen Lake Monitoring - Water Quality - Little Wood Lake; Near Deepest Pt
08/28/2007,Ted And Steve Zaborowski,Citizen Lake Monitoring - Water Quality - Little Wood Lake; Near Deepest Pt
08/28/2007,Ted And Steve Zaborowski,Citizen Lake Monitoring Network QA/QC - 2007
06/23/2008,Ted Zaborowski,Citizen Lake Monitoring - Water Quality - Little Wood Lake; Near Deepest Pt
07/29/2008,Ted And Steve Zaborowski,Citizen Lake Monitoring - Water Quality - Little Wood Lake; Near Deepest Pt
07/29/2008,Ted Zaborowski,Citizen Lake Monitoring - Water Quality - Little Wood Lake; Near Deepest Pt
08/25/2008,Ted Zaborowski,Citizen Lake Monitoring - Water Quality - Little Wood Lake; Near Deepest Pt
08/25/2008,Ted Zaborowski,Citizen Lake Monitoring Network QA/QC - 2008
07/29/2009,Ted And Steve Zaborowski,Citizen Lake Monitoring - Water Quality - Little Wood Lake; Near Deepest Pt
07/29/2009,Ted Zaborowski,Citizen Lake Monitoring - Water Quality - Little Wood Lake; Near Deepest Pt
08/31/2009,Ted Zaborowski,Citizen Lake Monitoring - Water Quality - Little Wood Lake; Near Deepest Pt
09/16/2009,Ted Zaborowski,Citizen Lake Monitoring - Water Quality - Little Wood Lake; Near Deepest Pt
06/26/2010,Doug Hostnick- Steve and Ted Zaborowski,Citizen Lake Monitoring - Water Quality - Little Wood Lake; Near Deepest Pt
10/10/2010,Tim Lynaugh,Citizen Lake Monitoring - Water Quality - Little Wood Lake; Near Deepest Pt
09/05/2011,Doug Hostnick,Citizen Lake Monitoring - Water Quality - Little Wood Lake; Near Deepest Pt
08/19/2012,Rich Rheault,Citizen Lake Monitoring - Water Quality - Little Wood Lake; Near Deepest Pt
08/29/2012,Rich Rheault,Citizen Lake Monitoring - Water Quality - Little Wood Lake; Near Deepest Pt
06/30/2013,Rich Rheault,Citizen Lake Monitoring - Water Quality - Little Wood Lake; Near Deepest Pt
07/21/2013,Rich Rheault,Citizen Lake Monitoring - Water Quality - Little Wood Lake; Near Deepest Pt
07/31/2013,Rich Rheault,Citizen Lake Monitoring - Water Quality - Little Wood Lake; Near Deepest Pt
08/03/2014,Rich Rheault,Citizen Lake Monitoring - Water Quality - Little Wood Lake; Near Deepest Pt
08/03/2014,Rich Rheault,Citizen Lake Monitoring Network QA/QC - 2014
07/18/2017,Larry Knoebel,Citizen Lake Monitoring - Water Quality - Little Wood Lake; Near Deepest Pt
07/18/2017,MARK SUNDEEN,West District Follow Up Monitoring for Impairment Decisions 2017 
07/27/2017,Mark Sundeen and Alex Smith,West District Follow Up Monitoring for Impairment Decisions 2017 
08/31/2017,Larry Knoebel,Citizen Lake Monitoring - Water Quality - Little Wood Lake; Near Deepest Pt
