Lake Water Quality Report - 1950 to 2017


Lake Name,County Name,Waterbody ID(WBIC),Region Code,County Code,Station Name,Station ID,Geo Region,Lake Type
Holcombe Flowage,Chippewa,2184900,WC,9,,093102,NW,DRAINAGE



Group Seq No, Start Date, Secchi (Feet),Secchi Hit Bottom?,Secchi (Meters),Chlorophyll(ug/l),Total Phosphorus(ug/l),Secchi TSI,Total Phosphorus TSI,Chlorophyll TSI,Lake Level,Staff Gauge,Appearance,Color,Perception
1,05/10/1989,3.9,,1.2,11,35,55,56,53,,,,,
1,06/07/1989,4.6,,1.4,14,45,55,58,55,,,,,
1,07/12/1989,4.3,,1.3,20,43,56,57,57,,,,,
1,08/16/1989,4.6,,1.4,14,39,55,57,55,,,,,
1,11/02/1989,4.3,,1.3,10,,56,,52,,,,,
8191038,07/13/1990,3.25,NO,1,,,60,,,GAUGE,1.7,,BROWN,4-Would not swim but boating OK (algae)
8189545,09/23/1992,4.25,NO,1.3,,,56,,,,,,BROWN,2-Very minor aesthetic problems
8189545,10/11/1992,3.5,NO,1.1,,,59,,,,,,BROWN,2-Very minor aesthetic problems
1,05/16/1993,,,,,51,,59,,,,,,
8189545,05/16/1993,3.5,NO,1.1,11.2,,59,,53,,,,BROWN,2-Very minor aesthetic problems
8190369,05/26/1993,4.25,NO,1.3,,,56,,,,,,BROWN,1-Beautiful, could not be nicer
8190369,06/02/1993,4.25,NO,1.3,,,56,,,,,,BROWN,1-Beautiful, could not be nicer
1,06/29/1993,,,,,49,,58,,,,,,
8190369,06/29/1993,3,NO,0.9,5.48,,61,,48,,,,BROWN,2-Very minor aesthetic problems
8189545,07/10/1993,3.5,NO,1.1,,,59,,,,,,BROWN,2-Very minor aesthetic problems
1,07/27/1993,,,,9.21,,,,52,,,,,
8189545,07/27/1993,4,NO,1.2,,56,57,59,,,,,BROWN,2-Very minor aesthetic problems
8189545,08/04/1993,4.5,NO,1.4,,,55,,,,,,BROWN,2-Very minor aesthetic problems
8189545,08/19/1993,5.5,NO,1.7,14.2,,53,,55,,,,BROWN,1-Beautiful, could not be nicer
1,08/24/1993,,,,,39,,57,,,,,,
8189545,09/01/1993,5.75,NO,1.7,,,52,,,,,,BROWN,2-Very minor aesthetic problems
1,09/21/1993,,,,,44,,57,,,,,,
8190369,09/21/1993,5.75,NO,1.7,34.2,,52,,62,,,,GREEN/BROWN,4-Would not swim but boating OK (algae)
8189545,06/02/1994,5,NO,1.5,,,54,,,,,,BROWN,1-Beautiful, could not be nicer
1,06/06/1994,,,,8.98,90,,63,51,,,,,
8190369,06/06/1994,5,NO,1.5,,,54,,,,,,BROWN,1-Beautiful, could not be nicer
8189545,06/24/1994,4,NO,1.2,,,57,,,,,,BROWN,4-Would not swim but boating OK (algae)
8189545,07/10/1994,4.5,NO,1.4,,,55,,,,,,BROWN,3-Enjoyment somewhat impaired (algae)
8189545,07/19/1994,4.5,NO,1.4,17.7,41,55,57,57,,,,BROWN,3-Enjoyment somewhat impaired (algae)
8189545,07/21/1994,4,NO,1.2,,,57,,,,,,BROWN,3-Enjoyment somewhat impaired (algae)
8189545,08/02/1994,4,NO,1.2,,,57,,,,,,BROWN,3-Enjoyment somewhat impaired (algae)
8189545,08/09/1994,4,NO,1.2,18.8,47,57,58,57,,,,BROWN,2-Very minor aesthetic problems
8189545,08/29/1994,5,NO,1.5,,,54,,,,,,BROWN,3-Enjoyment somewhat impaired (algae)
8189545,09/06/1994,4.75,NO,1.4,9.82,38,55,56,52,,,,BROWN,3-Enjoyment somewhat impaired (algae)
8189545,09/28/1994,3.25,NO,1,,,60,,,,,,BROWN,2-Very minor aesthetic problems
8189545,10/04/1994,3.25,NO,1,2.26,57,60,59,41,,,,BROWN,2-Very minor aesthetic problems
8189545,05/16/1995,4.75,NO,1.4,,,55,,,,,,BROWN,1-Beautiful, could not be nicer
8189545,06/01/1995,4.75,NO,1.4,,,55,,,,,,BROWN,1-Beautiful, could not be nicer
8189545,06/11/1995,4.75,NO,1.4,,,55,,,,,,BROWN,1-Beautiful, could not be nicer
8189545,06/19/1995,4.5,NO,1.4,12.6,37,55,56,54,,,,BROWN,1-Beautiful, could not be nicer
8190369,07/10/1995,4,NO,1.2,0.81,53,57,59,33,,,,BROWN,2-Very minor aesthetic problems
8189545,07/20/1995,5,NO,1.5,,,54,,,,,,BROWN,2-Very minor aesthetic problems
8189545,08/01/1995,4.5,NO,1.4,,,55,,,,,,GREEN BROWN,3-Enjoyment somewhat impaired (algae)
8189545,08/08/1995,4.75,NO,1.4,16.4,33,55,55,56,,,,BROWN,3-Enjoyment somewhat impaired (algae)
8189545,08/22/1995,4,NO,1.2,,,57,,,,,,BROWN,3-Enjoyment somewhat impaired (algae)
8189545,09/11/1995,4,NO,1.2,13.3,58,57,60,54,,,,BROWN,2-Very minor aesthetic problems
8189545,09/26/1995,4,NO,1.2,12.6,53,57,59,54,,,,GREEN,4-Would not swim but boating OK (algae)
8189545,05/15/1996,5,NO,1.5,,,54,,,,,,BROWN,2-Very minor aesthetic problems
8189545,06/06/1996,5.5,NO,1.7,,,53,,,,,,BROWN,2-Very minor aesthetic problems
8189545,06/19/1996,5,NO,1.5,,,54,,,,,,BROWN,2-Very minor aesthetic problems
8189545,07/03/1996,5,NO,1.5,,,54,,,,,,BROWN,3-Enjoyment somewhat impaired (algae)
8189545,07/18/1996,5,NO,1.5,,,54,,,,,,BROWN,3-Enjoyment somewhat impaired (algae)
8189545,07/23/1996,5,NO,1.5,7.72,50,54,58,50,,,MURKY,BROWN,2-Very minor aesthetic problems
8189545,08/22/1996,4.5,NO,1.4,,,55,,,,,,BROWN,3-Enjoyment somewhat impaired (algae)
8189545,08/27/1996,4.5,NO,1.4,18.4,,55,,57,,,,BROWN,3-Enjoyment somewhat impaired (algae)
8189545,09/17/1996,5,NO,1.5,10.4,43,54,57,53,,,,BROWN,3-Enjoyment somewhat impaired (algae)
8189545,10/01/1996,5,NO,1.5,5.37,39,54,57,48,,,,BROWN,2-Very minor aesthetic problems
8189545,07/14/1997,4.5,NO,1.4,18.1,,55,,57,,,,BROWN,2-Very minor aesthetic problems
8189545,07/28/1997,4.5,NO,1.4,,,55,,,NORMAL,,,BROWN,3-Enjoyment somewhat impaired (algae)
1,08/04/1997,,,,22.1,58,,60,58,,,,,
8189545,06/12/1998,3.28,NO,1,,,60,,,NORMAL,,MURKY,GREEN,3-Enjoyment somewhat impaired (algae)
8189545,07/10/1998,2.46,NO,0.7,,,64,,,NORMAL,,MURKY,GREEN,3-Enjoyment somewhat impaired (algae)
8189545,08/10/1998,5.74,NO,1.7,,,52,,,NORMAL,,MURKY,GREEN,3-Enjoyment somewhat impaired (algae)
73278295,08/25/2012,3.75,NO,1.1,,,58,,,LOW,,CLEAR,BROWN,2-Very minor aesthetic problems
73278295,09/11/2012,4.25,NO,1.3,,,56,,,LOW,,CLEAR,YELLOW,3-Enjoyment somewhat impaired (algae)
73278295,09/27/2012,4,NO,1.2,,,57,,,LOW,,CLEAR,GREEN,3-Enjoyment somewhat impaired (algae)
73278295,06/30/2013,2.5,NO,0.8,4.47,61.9,64,60,46,HIGH,,CLEAR,BROWN,1-Beautiful, could not be nicer
73278295,07/14/2013,3,NO,0.9,,,61,,,LOW,,CLEAR,BROWN,1-Beautiful, could not be nicer
73278295,07/31/2013,3.5,NO,1.1,6.84,50.5,59,59,49,LOW,,CLEAR,BROWN,1-Beautiful, could not be nicer
73278295,08/17/2013,4,NO,1.2,,,57,,,LOW,,CLEAR,BROWN,1-Beautiful, could not be nicer
73278295,09/03/2013,4.25,NO,1.3,31.2,48.5,56,58,61,LOW,,MURKY,GREEN,2-Very minor aesthetic problems
73278295,09/24/2013,5,NO,1.5,,,54,,,NORMAL,,MURKY,GREEN,3-Enjoyment somewhat impaired (algae)
73278295,05/26/2014,,,,,39,,57,,,,,,
73278295,06/29/2014,,,,2.19,63.2,,60,41,,,,,
73278295,08/03/2014,,,,15.9,47.3,,58,56,,,,,
73278295,09/08/2014,,,,3.31,63.1,,60,44,,,,,
129127555,05/09/2016,2.25,,0.7,,37,59,56,,NORMAL,36,CLEAR,BROWN,1-Beautiful, could not be nicer
129127555,06/28/2016,2.25,NO,0.7,2.67,61.2,65,60,42,NORMAL,36,CLEAR,BROWN,2-Very minor aesthetic problems
129127555,07/25/2016,2.75,,0.8,13.3,52.4,63,59,54,NORMAL,,CLEAR,BROWN,2-Very minor aesthetic problems
129127555,08/30/2016,,,,11.8,52.8,,59,53,,,,,
152525656,06/19/2017,,,,2.81,76.1,,62,43,,,,,
152525656,07/26/2017,,,,34.1,65.7,,61,61,,,,,
152525656,09/05/2017,,,,7.03,43,,57,50,,,,,



Start Date,Depth,Depth Units,Temperature,Temperature Units,Dissolved Oxygen,Dissolved Oxygen Units
05/10/1989,,,10.1,C,10.0,MG/L
06/07/1989,,,17.2,C,4.2,MG/L
07/12/1989,,,23.3,C,1.2,MG/L
08/16/1989,,,22.2,C,5.8,MG/L
11/02/1989,,,8.1,C,9.6,MG/L
05/16/1993,3,FEET,63,DEGREES F,,
05/16/1993,6,FEET,63,DEGREES F,,
05/16/1993,9,FEET,63,DEGREES F,,
05/16/1993,12,FEET,63,DEGREES F,,
05/16/1993,15,FEET,63,DEGREES F,,
06/29/1993,1,FEET,49,DEGREES F,,
06/29/1993,3,FEET,68,DEGREES F,,
06/29/1993,6,FEET,68,DEGREES F,,
06/29/1993,9,FEET,68,DEGREES F,,
06/29/1993,12,FEET,68,DEGREES F,,
06/29/1993,13,FEET,47,DEGREES F,,
07/27/1993,3,FEET,73,DEGREES F,,
07/27/1993,6,FEET,73,DEGREES F,,
07/27/1993,9,FEET,73,DEGREES F,,
07/27/1993,12,FEET,73,DEGREES F,,
07/27/1993,15,FEET,73,DEGREES F,,
08/19/1993,3,FEET,76,DEGREES F,,
08/19/1993,6,FEET,76,DEGREES F,,
08/19/1993,9,FEET,75,DEGREES F,,
08/19/1993,12,FEET,74,DEGREES F,,
09/21/1993,3,FEET,58,DEGREES F,,
09/21/1993,6,FEET,58,DEGREES F,,
09/21/1993,9,FEET,58,DEGREES F,,
09/21/1993,12,FEET,58,DEGREES F,,
06/06/1994,3,FEET,74,DEGREES F,,
06/06/1994,6,FEET,73,DEGREES F,,
06/06/1994,9,FEET,72,DEGREES F,,
06/06/1994,12,FEET,71,DEGREES F,,
06/06/1994,15,FEET,68,DEGREES F,,
06/06/1994,18,FEET,66,DEGREES F,,
07/19/1994,3,FEET,74,DEGREES F,,
07/19/1994,6,FEET,74,DEGREES F,,
07/19/1994,9,FEET,73,DEGREES F,,
07/19/1994,12,FEET,73,DEGREES F,,
07/19/1994,15,FEET,73,DEGREES F,,
08/09/1994,3,FEET,70,DEGREES F,,
08/09/1994,6,FEET,70,DEGREES F,,
08/09/1994,9,FEET,70,DEGREES F,,
08/09/1994,12,FEET,70,DEGREES F,,
09/06/1994,3,FEET,65,DEGREES F,,
09/06/1994,6,FEET,65,DEGREES F,,
09/06/1994,9,FEET,65,DEGREES F,,
09/06/1994,12,FEET,65,DEGREES F,,
10/04/1994,3,FEET,54,DEGREES F,,
10/04/1994,6,FEET,54,DEGREES F,,
10/04/1994,9,FEET,54,DEGREES F,,
10/04/1994,12,FEET,54,DEGREES F,,
10/04/1994,15,FEET,54,DEGREES F,,
10/04/1994,18,FEET,54,DEGREES F,,
10/04/1994,21,FEET,54,DEGREES F,,
10/04/1994,24,FEET,54,DEGREES F,,
06/19/1995,3,FEET,81,DEGREES F,,
06/19/1995,6,FEET,78,DEGREES F,,
06/19/1995,9,FEET,76,DEGREES F,,
06/19/1995,12,FEET,74,DEGREES F,,
06/19/1995,15,FEET,74,DEGREES F,,
07/10/1995,3,FEET,74,DEGREES F,,
07/10/1995,6,FEET,74,DEGREES F,,
07/10/1995,9,FEET,73,DEGREES F,,
07/10/1995,12,FEET,71,DEGREES F,,
07/10/1995,15,FEET,70,DEGREES F,,
07/10/1995,18,FEET,69,DEGREES F,,
07/10/1995,21,FEET,69,DEGREES F,,
08/08/1995,3,FEET,78,DEGREES F,,
08/08/1995,6,FEET,76,DEGREES F,,
08/08/1995,9,FEET,76,DEGREES F,,
08/08/1995,12,FEET,76,DEGREES F,,
08/08/1995,16,FEET,76,DEGREES F,,
09/11/1995,3,FEET,68,DEGREES F,,
09/11/1995,6,FEET,68,DEGREES F,,
09/11/1995,9,FEET,68,DEGREES F,,
09/11/1995,12,FEET,68,DEGREES F,,
09/11/1995,15,FEET,67,DEGREES F,,
09/11/1995,16,FEET,66,DEGREES F,,
09/26/1995,3,FEET,57,DEGREES F,,
09/26/1995,6,FEET,55,DEGREES F,,
09/26/1995,9,FEET,55,DEGREES F,,
09/26/1995,12,FEET,55,DEGREES F,,
09/26/1995,15,FEET,55,DEGREES F,,
07/23/1996,3,FEET,74,DEGREES F,,
07/23/1996,6,FEET,74,DEGREES F,,
07/23/1996,9,FEET,74,DEGREES F,,
07/23/1996,12,FEET,74,DEGREES F,,
07/23/1996,15,FEET,73,DEGREES F,,
07/23/1996,18,FEET,73,DEGREES F,,
08/27/1996,3,FEET,75,DEGREES F,,
08/27/1996,6,FEET,74,DEGREES F,,
08/27/1996,9,FEET,74,DEGREES F,,
08/27/1996,12,FEET,74,DEGREES F,,
08/27/1996,15,FEET,73,DEGREES F,,
08/27/1996,18,FEET,73,DEGREES F,,
08/27/1996,21,FEET,73,DEGREES F,,
09/17/1996,3,FEET,64,DEGREES F,,
09/17/1996,6,FEET,64,DEGREES F,,
09/17/1996,9,FEET,63,DEGREES F,,
09/17/1996,12,FEET,63,DEGREES F,,
09/17/1996,15,FEET,63,DEGREES F,,
09/17/1996,18,FEET,62,DEGREES F,,
10/01/1996,3,FEET,60,DEGREES F,,
10/01/1996,6,FEET,58,DEGREES F,,
10/01/1996,9,FEET,58,DEGREES F,,
10/01/1996,12,FEET,58,DEGREES F,,
10/01/1996,15,FEET,58,DEGREES F,,
10/01/1996,18,FEET,58,DEGREES F,,
07/14/1997,3,FEET,77,DEGREES F,,
07/14/1997,6,FEET,77,DEGREES F,,
07/14/1997,9,FEET,75,DEGREES F,,
07/14/1997,12,FEET,75,DEGREES F,,
07/14/1997,15,FEET,74,DEGREES F,,
07/14/1997,18,FEET,74,DEGREES F,,
06/12/1998,3,FEET,72,DEGREES F,,
06/12/1998,7,FEET,72,DEGREES F,,
06/12/1998,10,FEET,72,DEGREES F,,
06/12/1998,13,FEET,72,DEGREES F,,
06/12/1998,16,FEET,72,DEGREES F,,
06/12/1998,20,FEET,72,DEGREES F,,
06/12/1998,23,FEET,72,DEGREES F,,
06/12/1998,26,FEET,72,DEGREES F,,
06/12/1998,30,FEET,72,DEGREES F,,
07/10/1998,3,FEET,79,DEGREES F,,
07/10/1998,7,FEET,77,DEGREES F,,
07/10/1998,10,FEET,77,DEGREES F,,
07/10/1998,13,FEET,77,DEGREES F,,
07/10/1998,16,FEET,75,DEGREES F,,
07/10/1998,20,FEET,75,DEGREES F,,
07/10/1998,23,FEET,75,DEGREES F,,
07/10/1998,26,FEET,75,DEGREES F,,
07/10/1998,30,FEET,75,DEGREES F,,
08/10/1998,3,FEET,76,DEGREES F,,
08/10/1998,7,FEET,76,DEGREES F,,
08/10/1998,10,FEET,75,DEGREES F,,
08/10/1998,13,FEET,75,DEGREES F,,
08/10/1998,16,FEET,75,DEGREES F,,
08/10/1998,20,FEET,73,DEGREES F,,
08/10/1998,23,FEET,72,DEGREES F,,
08/10/1998,26,FEET,72,DEGREES F,,
08/10/1998,30,FEET,72,DEGREES F,,
06/30/2013,3,FEET,73.2,DEGREES F,,
06/30/2013,6,FEET,72.3,DEGREES F,,
06/30/2013,9,FEET,71.9,DEGREES F,,
06/30/2013,12,FEET,71.7,DEGREES F,,
06/30/2013,15,FEET,71.6,DEGREES F,,
06/30/2013,18,FEET,71.4,DEGREES F,,
06/30/2013,21,FEET,71.4,DEGREES F,,
06/30/2013,24,FEET,71.2,DEGREES F,,
06/30/2013,27,FEET,71.2,DEGREES F,,
06/30/2013,30,FEET,71,DEGREES F,,
06/30/2013,33,FEET,70.8,DEGREES F,,
06/30/2013,36,FEET,71,DEGREES F,,
09/03/2013,3,FEET,75,DEGREES F,,
09/03/2013,6,FEET,74.4,DEGREES F,,
09/03/2013,9,FEET,74.1,DEGREES F,,
09/03/2013,12,FEET,74.1,DEGREES F,,
09/03/2013,15,FEET,73.9,DEGREES F,,
09/03/2013,18,FEET,73.9,DEGREES F,,
09/03/2013,21,FEET,73.7,DEGREES F,,
09/03/2013,24,FEET,73.5,DEGREES F,,
09/03/2013,27,FEET,73,DEGREES F,,
09/03/2013,30,FEET,72.3,DEGREES F,,
09/03/2013,33,FEET,72.1,DEGREES F,,
09/03/2013,36,FEET,72.1,DEGREES F,,
05/09/2016,3,FEET,61.3,DEGREES F,,
05/09/2016,6,FEET,61.3,DEGREES F,,
05/09/2016,9,FEET,61.1,DEGREES F,,
05/09/2016,12,FEET,60.2,DEGREES F,,
05/09/2016,15,FEET,59.7,DEGREES F,,
05/09/2016,18,FEET,59.5,DEGREES F,,
05/09/2016,21,FEET,59,DEGREES F,,
05/09/2016,24,FEET,58.8,DEGREES F,,
05/09/2016,27,FEET,58.6,DEGREES F,,
05/09/2016,30,FEET,57.9,DEGREES F,,
05/09/2016,33,FEET,57.2,DEGREES F,,
05/09/2016,36,FEET,56.8,DEGREES F,,
06/28/2016,3,FEET,72.6,DEGREES F,,
06/28/2016,6,FEET,72.5,DEGREES F,,
06/28/2016,9,FEET,72.3,DEGREES F,,
06/28/2016,12,FEET,72.3,DEGREES F,,
06/28/2016,15,FEET,72.2,DEGREES F,,
06/28/2016,18,FEET,72.1,DEGREES F,,
06/28/2016,21,FEET,72.1,DEGREES F,,
06/28/2016,24,FEET,72,DEGREES F,,
06/28/2016,27,FEET,72,DEGREES F,,
06/28/2016,30,FEET,72,DEGREES F,,
06/28/2016,33,FEET,71.9,DEGREES F,,
06/28/2016,36,FEET,71.9,DEGREES F,,
07/25/2016,3,FEET,78.8,DEGREES F,,
07/25/2016,6,FEET,78.8,DEGREES F,,
07/25/2016,9,FEET,78.6,DEGREES F,,
07/25/2016,12,FEET,78.6,DEGREES F,,
07/25/2016,15,FEET,78.6,DEGREES F,,
07/25/2016,18,FEET,78.6,DEGREES F,,
07/25/2016,21,FEET,77.9,DEGREES F,,
07/25/2016,24,FEET,77.7,DEGREES F,,
07/25/2016,27,FEET,77.3,DEGREES F,,
07/25/2016,30,FEET,77,DEGREES F,,
07/25/2016,33,FEET,76.8,DEGREES F,,
07/25/2016,36,FEET,76.8,DEGREES F,,



Start Date,Fieldwork Comment
09/23/1992,Calm.    
10/11/1992,Sunny after 5-6 days of rain. breeze    
05/16/1993,Cool- slightly cloudy    
05/26/1993,Cool breeze; air temp 55 degrees; rained for past 3 days    
06/02/1993,Beautiful day; starting to warm slightly; a little more cloudy at 2: 00    
06/29/1993,Three days windy and clear since flood waters were at crest.    
07/27/1993,Algae levels increasing and in some back areas are bad looking- most areas are just slightly impaired.    
08/04/1993,Some algae but beautiful- calm day with good sun    
08/19/1993,Beautiful day with slight algae.    
09/01/1993,Some algae    
09/21/1993,Slight overcast- cooler weather all day rain over inch yesterday.  Some really green stuff in some of the bays.    
06/02/1994,Slight breeze- but beautiful day - no rain or storms for several days.    
06/06/1994,People enjoying the beach and fishing- some breeze- water temp is near 70 degrees.    
06/24/1994,It has been real hot for 2 weeks- the upper part of flowage really getting good algae bloom.  Nice sunny day today- little wind.    
07/10/1994,Improvement over the 24th + 4th of July.  It was very bad then.  Some rain lately.    
07/19/1994,Partly cloudy- very calm- swimming class enjoying the lake- some green but much better than the 4th of July    
08/02/1994,Pretty good swimming conditions- but still a lot of algae.  When it rains the dam opens and worse stuff moves out.  No rain and algae builds up.    
08/09/1994,Slight haze- not a lot of algae    
08/29/1994,Bad algae bloom still on the jump river.  Our winds have been from the west and south and holding the stuff up there.  The Chippewa's heavy flow clears quickly.    
09/06/1994,Wet all labor weekend but no big storms    
09/28/1994,Floods last week May have stained water more than usual.  No algae.    
10/04/1994,No algae but water is a little darker than usual- possibly because of flood in north 2 weeks ago.  Not too sunny- only 48 degrees today    
05/16/1995,Chilly.    
06/01/1995,Cool    
06/11/1995,Cool.  Assumed 12: 30 for sample time.  No card    
06/19/1995,The last 5 days it has been 95 degrees.    
07/10/1995,A very nice day after a big weekend with a cool down after 2 weeks of 92-96 degrees.    
08/01/1995,Warm weather and rains.    
08/08/1995,Plenty of rain and drawing down- leaves in our area are pretty nice.  Upper end of lake on jump river is much more green.    
08/22/1995,A lot of rain this last week.    
09/11/1995,Cool off and no rain for a few days.    
09/26/1995,Green scum on the lake- many floating logs and debris.    
07/23/1996,Some algae.  Current was strong- wind picking up.    
08/27/1996,Heavy rain the night before last- algae apparent.  Top sample- no depth reported- assumed 3'.    
09/17/1996,Breezy- some algal bloom.    
10/01/1996,A little windy.    
07/14/1997,Rained last night- and water got a little choppy- algae level not as high as usual at this date    
07/28/1997,Algae level increasing on south of lake due to wind.    
08/04/1997,LAKE SAMPLE    
06/12/1998,Rained about 1 1/2 inches yesterday. Some algal bloom.  Thermometer was turned. Changed profile data to 22 C- not 17 C.    
07/10/1998,No rain in the last week. Algae bloom.    
08/10/1998,1.5 inches rain last 5 days - not as green as last month.    
08/25/2012,very windy + overcast
09/11/2012,very windy + overcast
09/27/2012,clear + calm
05/09/2016,Breezy- cool- partly cloudy.  Emily Lind trained me on how to measure Secchi and take chemical samples.  Several eagles were observed in the area.
05/09/2016,Partly cloudy- wind 5 mph- 61 degrees.  quiet with no boat traffic.
07/25/2016,Sunny- 4-5 mph breeze- light boat traffic- 68 degrees




Start Date,Group Name,Project Name
05/10/1989,Data Collectors,BASIN ASSESSMENT 1988 (over 3400 fieldwork events)
06/07/1989,Data Collectors,BASIN ASSESSMENT 1988 (over 3400 fieldwork events)
07/12/1989,Data Collectors,BASIN ASSESSMENT 1988 (over 3400 fieldwork events)
08/16/1989,Data Collectors,BASIN ASSESSMENT 1988 (over 3400 fieldwork events)
11/02/1989,Data Collectors,BASIN ASSESSMENT 1988 (over 3400 fieldwork events)
07/13/1990,Sharon West,Citizen Lake Monitoring - Water Quality - Holcombe Flowage - 300 Yards Upstream Of Hwy M Bridge
09/23/1992,Bill And Jean Larue,Citizen Lake Monitoring - Water Quality - Holcombe Flowage - 300 Yards Upstream Of Hwy M Bridge
10/11/1992,Bill And Jean Larue,Citizen Lake Monitoring - Water Quality - Holcombe Flowage - 300 Yards Upstream Of Hwy M Bridge
05/16/1993,Bill And Jean Larue,Citizen Lake Monitoring - Water Quality - Holcombe Flowage - 300 Yards Upstream Of Hwy M Bridge
05/16/1993,Data Collectors,Citizen Lake Monitoring - Water Quality - Holcombe Flowage - 300 Yards Upstream Of Hwy M Bridge
05/26/1993,Bill Larue,Citizen Lake Monitoring - Water Quality - Holcombe Flowage - 300 Yards Upstream Of Hwy M Bridge
06/02/1993,Bill Larue,Citizen Lake Monitoring - Water Quality - Holcombe Flowage - 300 Yards Upstream Of Hwy M Bridge
06/29/1993,Bill Larue,Citizen Lake Monitoring - Water Quality - Holcombe Flowage - 300 Yards Upstream Of Hwy M Bridge
06/29/1993,Data Collectors,Citizen Lake Monitoring - Water Quality - Holcombe Flowage - 300 Yards Upstream Of Hwy M Bridge
07/10/1993,Bill And Jean Larue,Citizen Lake Monitoring - Water Quality - Holcombe Flowage - 300 Yards Upstream Of Hwy M Bridge
07/27/1993,Bill And Jean Larue,Citizen Lake Monitoring - Water Quality - Holcombe Flowage - 300 Yards Upstream Of Hwy M Bridge
07/27/1993,Data Collectors,Citizen Lake Monitoring - Water Quality - Holcombe Flowage - 300 Yards Upstream Of Hwy M Bridge
08/04/1993,Bill And Jean Larue,Citizen Lake Monitoring - Water Quality - Holcombe Flowage - 300 Yards Upstream Of Hwy M Bridge
08/19/1993,Bill And Jean Larue,Citizen Lake Monitoring - Water Quality - Holcombe Flowage - 300 Yards Upstream Of Hwy M Bridge
08/24/1993,Data Collectors,Citizen Lake Monitoring - Water Quality - Holcombe Flowage - 300 Yards Upstream Of Hwy M Bridge
09/01/1993,Bill And Jean Larue,Citizen Lake Monitoring - Water Quality - Holcombe Flowage - 300 Yards Upstream Of Hwy M Bridge
09/21/1993,Bill Larue,Citizen Lake Monitoring - Water Quality - Holcombe Flowage - 300 Yards Upstream Of Hwy M Bridge
09/21/1993,Data Collectors,Citizen Lake Monitoring - Water Quality - Holcombe Flowage - 300 Yards Upstream Of Hwy M Bridge
06/02/1994,Bill And Jean Larue,Citizen Lake Monitoring - Water Quality - Holcombe Flowage - 300 Yards Upstream Of Hwy M Bridge
06/06/1994,Bill Larue,Citizen Lake Monitoring - Water Quality - Holcombe Flowage - 300 Yards Upstream Of Hwy M Bridge
06/06/1994,Data Collectors,Citizen Lake Monitoring - Water Quality - Holcombe Flowage - 300 Yards Upstream Of Hwy M Bridge
06/24/1994,Bill And Jean Larue,Citizen Lake Monitoring - Water Quality - Holcombe Flowage - 300 Yards Upstream Of Hwy M Bridge
07/10/1994,Bill And Jean Larue,Citizen Lake Monitoring - Water Quality - Holcombe Flowage - 300 Yards Upstream Of Hwy M Bridge
07/19/1994,Bill And Jean Larue,Citizen Lake Monitoring - Water Quality - Holcombe Flowage - 300 Yards Upstream Of Hwy M Bridge
07/21/1994,Bill And Jean Larue,Citizen Lake Monitoring - Water Quality - Holcombe Flowage - 300 Yards Upstream Of Hwy M Bridge
08/02/1994,Bill And Jean Larue,Citizen Lake Monitoring - Water Quality - Holcombe Flowage - 300 Yards Upstream Of Hwy M Bridge
08/09/1994,Bill And Jean Larue,Citizen Lake Monitoring - Water Quality - Holcombe Flowage - 300 Yards Upstream Of Hwy M Bridge
08/29/1994,Bill And Jean Larue,Citizen Lake Monitoring - Water Quality - Holcombe Flowage - 300 Yards Upstream Of Hwy M Bridge
09/06/1994,Bill And Jean Larue,Citizen Lake Monitoring - Water Quality - Holcombe Flowage - 300 Yards Upstream Of Hwy M Bridge
09/28/1994,Bill And Jean Larue,Citizen Lake Monitoring - Water Quality - Holcombe Flowage - 300 Yards Upstream Of Hwy M Bridge
10/04/1994,Bill And Jean Larue,Citizen Lake Monitoring - Water Quality - Holcombe Flowage - 300 Yards Upstream Of Hwy M Bridge
05/16/1995,Bill And Jean Larue,Citizen Lake Monitoring - Water Quality - Holcombe Flowage - 300 Yards Upstream Of Hwy M Bridge
06/01/1995,Bill And Jean Larue,Citizen Lake Monitoring - Water Quality - Holcombe Flowage - 300 Yards Upstream Of Hwy M Bridge
06/11/1995,Bill And Jean Larue,Citizen Lake Monitoring - Water Quality - Holcombe Flowage - 300 Yards Upstream Of Hwy M Bridge
06/19/1995,Bill And Jean Larue,Citizen Lake Monitoring - Water Quality - Holcombe Flowage - 300 Yards Upstream Of Hwy M Bridge
07/10/1995,Bill Larue,Citizen Lake Monitoring - Water Quality - Holcombe Flowage - 300 Yards Upstream Of Hwy M Bridge
07/20/1995,Bill And Jean Larue,Citizen Lake Monitoring - Water Quality - Holcombe Flowage - 300 Yards Upstream Of Hwy M Bridge
08/01/1995,Bill And Jean Larue,Citizen Lake Monitoring - Water Quality - Holcombe Flowage - 300 Yards Upstream Of Hwy M Bridge
08/08/1995,Bill And Jean Larue,Citizen Lake Monitoring - Water Quality - Holcombe Flowage - 300 Yards Upstream Of Hwy M Bridge
08/22/1995,Bill And Jean Larue,Citizen Lake Monitoring - Water Quality - Holcombe Flowage - 300 Yards Upstream Of Hwy M Bridge
09/11/1995,Bill And Jean Larue,Citizen Lake Monitoring - Water Quality - Holcombe Flowage - 300 Yards Upstream Of Hwy M Bridge
09/26/1995,Bill And Jean Larue,Citizen Lake Monitoring - Water Quality - Holcombe Flowage - 300 Yards Upstream Of Hwy M Bridge
05/15/1996,Bill And Jean Larue,Citizen Lake Monitoring - Water Quality - Holcombe Flowage - 300 Yards Upstream Of Hwy M Bridge
06/06/1996,Bill And Jean Larue,Citizen Lake Monitoring - Water Quality - Holcombe Flowage - 300 Yards Upstream Of Hwy M Bridge
06/19/1996,Bill And Jean Larue,Citizen Lake Monitoring - Water Quality - Holcombe Flowage - 300 Yards Upstream Of Hwy M Bridge
07/03/1996,Bill And Jean Larue,Citizen Lake Monitoring - Water Quality - Holcombe Flowage - 300 Yards Upstream Of Hwy M Bridge
07/18/1996,Bill And Jean Larue,Citizen Lake Monitoring - Water Quality - Holcombe Flowage - 300 Yards Upstream Of Hwy M Bridge
07/23/1996,Bill And Jean Larue,Citizen Lake Monitoring - Water Quality - Holcombe Flowage - 300 Yards Upstream Of Hwy M Bridge
08/22/1996,Bill And Jean Larue,Citizen Lake Monitoring - Water Quality - Holcombe Flowage - 300 Yards Upstream Of Hwy M Bridge
08/27/1996,Bill And Jean Larue,Citizen Lake Monitoring - Water Quality - Holcombe Flowage - 300 Yards Upstream Of Hwy M Bridge
09/17/1996,Bill And Jean Larue,Citizen Lake Monitoring - Water Quality - Holcombe Flowage - 300 Yards Upstream Of Hwy M Bridge
10/01/1996,Bill And Jean Larue,Citizen Lake Monitoring - Water Quality - Holcombe Flowage - 300 Yards Upstream Of Hwy M Bridge
07/14/1997,Bill And Jean Larue,Citizen Lake Monitoring - Water Quality - Holcombe Flowage - 300 Yards Upstream Of Hwy M Bridge
07/28/1997,Bill And Jean Larue,Citizen Lake Monitoring - Water Quality - Holcombe Flowage - 300 Yards Upstream Of Hwy M Bridge
08/04/1997,Data Collectors,Citizen Lake Monitoring - Water Quality - Holcombe Flowage - 300 Yards Upstream Of Hwy M Bridge
06/12/1998,Bill And Jean Larue,Citizen Lake Monitoring - Water Quality - Holcombe Flowage - 300 Yards Upstream Of Hwy M Bridge
07/10/1998,Bill And Jean Larue,Citizen Lake Monitoring - Water Quality - Holcombe Flowage - 300 Yards Upstream Of Hwy M Bridge
08/10/1998,Bill And Jean Larue,Citizen Lake Monitoring - Water Quality - Holcombe Flowage - 300 Yards Upstream Of Hwy M Bridge
08/25/2012,Wayne Weiland,Citizen Lake Monitoring - Water Quality - Holcombe Flowage - 300 Yards Upstream Of Hwy M Bridge
09/11/2012,Wayne Weiland,Citizen Lake Monitoring - Water Quality - Holcombe Flowage - 300 Yards Upstream Of Hwy M Bridge
09/27/2012,Wayne Weiland,Citizen Lake Monitoring - Water Quality - Holcombe Flowage - 300 Yards Upstream Of Hwy M Bridge
06/30/2013,Wayne Weiland,Citizen Lake Monitoring - Water Quality - Holcombe Flowage - 300 Yards Upstream Of Hwy M Bridge
07/14/2013,Wayne Weiland,Citizen Lake Monitoring - Water Quality - Holcombe Flowage - 300 Yards Upstream Of Hwy M Bridge
07/31/2013,Wayne Weiland,Citizen Lake Monitoring - Water Quality - Holcombe Flowage - 300 Yards Upstream Of Hwy M Bridge
08/17/2013,Wayne Weiland,Citizen Lake Monitoring - Water Quality - Holcombe Flowage - 300 Yards Upstream Of Hwy M Bridge
09/03/2013,Wayne Weiland,Citizen Lake Monitoring - Water Quality - Holcombe Flowage - 300 Yards Upstream Of Hwy M Bridge
09/24/2013,Wayne Weiland,Citizen Lake Monitoring - Water Quality - Holcombe Flowage - 300 Yards Upstream Of Hwy M Bridge
05/26/2014,Wayne Weiland,Citizen Lake Monitoring - Water Quality - Holcombe Flowage - 300 Yards Upstream Of Hwy M Bridge
06/29/2014,Wayne Weiland,Citizen Lake Monitoring - Water Quality - Holcombe Flowage - 300 Yards Upstream Of Hwy M Bridge
08/03/2014,Wayne Weiland,Citizen Lake Monitoring - Water Quality - Holcombe Flowage - 300 Yards Upstream Of Hwy M Bridge
09/08/2014,Wayne Weiland,Citizen Lake Monitoring - Water Quality - Holcombe Flowage - 300 Yards Upstream Of Hwy M Bridge
05/09/2016,Doug Olson,Citizen Lake Monitoring - Water Quality - Holcombe Flowage - 300 Yards Upstream Of Hwy M Bridge
06/28/2016,Doug Olson,Citizen Lake Monitoring - Water Quality - Holcombe Flowage - 300 Yards Upstream Of Hwy M Bridge
07/25/2016,Doug Olson,Citizen Lake Monitoring - Water Quality - Holcombe Flowage - 300 Yards Upstream Of Hwy M Bridge
08/30/2016,Doug Olson,Citizen Lake Monitoring - Water Quality - Holcombe Flowage - 300 Yards Upstream Of Hwy M Bridge
06/19/2017,Michael Biedron,Citizen Lake Monitoring - Water Quality - Holcombe Flowage - 300 Yards Upstream Of Hwy M Bridge
06/19/2017,Michael Biedron,Citizen Lake Monitoring Network QA/QC - 2017
07/26/2017,Michael Biedron,Citizen Lake Monitoring - Water Quality - Holcombe Flowage - 300 Yards Upstream Of Hwy M Bridge
09/05/2017,Michael Biedron,Citizen Lake Monitoring - Water Quality - Holcombe Flowage - 300 Yards Upstream Of Hwy M Bridge
