Lake Water Quality Report - 1950 to 2017


Lake Name,County Name,Waterbody ID(WBIC),Region Code,County Code,Station Name,Station ID,Geo Region,Lake Type
Lower Vermillion Lake,Barron,2098200,NO,3,,033185,NW,DRAINAGE



Group Seq No, Start Date, Secchi (Feet),Secchi Hit Bottom?,Secchi (Meters),Chlorophyll(ug/l),Total Phosphorus(ug/l),Secchi TSI,Total Phosphorus TSI,Chlorophyll TSI,Lake Level,Staff Gauge,Appearance,Color,Perception
8189028,10/08/1999,4.5,NO,1.4,,,55,,,NO CHANGE,,MURKY,BROWN,2-Very minor aesthetic problems
8189028,10/18/1999,4.5,NO,1.4,,,55,,,NO CHANGE,,MURKY,BROWN,2-Very minor aesthetic problems
8189028,10/31/1999,6,NO,1.8,,,51,,,NO CHANGE,,CLEAR,BROWN,2-Very minor aesthetic problems
8189028,11/14/1999,5.5,NO,1.7,,,53,,,NO CHANGE,,CLEAR,BROWN,2-Very minor aesthetic problems
8189028,11/29/1999,4.25,NO,1.3,,,56,,,NO CHANGE,,CLEAR,BROWN,2-Very minor aesthetic problems
8189028,03/28/2000,7,NO,2.1,,,49,,,NORMAL,,CLEAR,BROWN,2-Very minor aesthetic problems
8189028,04/28/2000,5.5,NO,1.7,,,53,,,NORMAL,,CLEAR,BROWN,2-Very minor aesthetic problems
8189028,05/15/2000,6.75,NO,2.1,,,50,,,NORMAL,,CLEAR,BROWN,2-Very minor aesthetic problems
8189028,06/02/2000,6.5,NO,2,,,50,,,NORMAL,,CLEAR,BROWN,2-Very minor aesthetic problems
8189028,06/22/2000,9.5,NO,2.9,,,45,,,NORMAL,,CLEAR,BROWN,2-Very minor aesthetic problems
8189028,07/11/2000,9.75,NO,3,,,44,,,HIGH,,CLEAR,BROWN,2-Very minor aesthetic problems
8189028,07/28/2000,8.5,NO,2.6,,,46,,,NORMAL,,CLEAR,BROWN,2-Very minor aesthetic problems
8189028,08/12/2000,9.25,NO,2.8,,,45,,,NORMAL,,CLEAR,BROWN,2-Very minor aesthetic problems
8189028,08/28/2000,5,NO,1.5,,,54,,,NORMAL,,MURKY,BROWN,3-Enjoyment somewhat impaired (algae)
8189028,09/29/2000,7,NO,2.1,,,49,,,NORMAL,,MURKY,BROWN,2-Very minor aesthetic problems
8189028,10/08/2000,4.5,NO,1.4,,,55,,,NORMAL,,CLEAR,BROWN,2-Very minor aesthetic problems
8189028,10/13/2000,6,NO,1.8,,,51,,,NORMAL,,CLEAR,BROWN,1-Beautiful, could not be nicer
8189028,10/18/2000,4.5,NO,1.4,,,55,,,NORMAL,,MURKY,BROWN,2-Very minor aesthetic problems
8189028,10/31/2000,8.5,NO,2.6,,,46,,,NORMAL,,CLEAR,BROWN,1-Beautiful, could not be nicer
8189028,11/14/2000,5.5,NO,1.7,,,53,,,NORMAL,,CLEAR,BROWN,2-Very minor aesthetic problems
8189028,11/29/2000,5.25,NO,1.6,,,53,,,NORMAL,,CLEAR,BROWN,2-Very minor aesthetic problems
8189028,04/10/2001,6.5,NO,2,,,50,,,HIGH,,MURKY,BROWN,3-Enjoyment somewhat impaired (algae)
8189028,05/12/2001,13,NO,4,,,40,,,NORMAL,,CLEAR,BROWN,2-Very minor aesthetic problems
8189028,05/31/2001,15,NO,4.6,,,38,,,NORMAL,,CLEAR,BROWN,1-Beautiful, could not be nicer
8189028,06/15/2001,7.5,NO,2.3,,,48,,,HIGH,,CLEAR,BROWN,2-Very minor aesthetic problems
8189028,07/04/2001,7,NO,2.1,,,49,,,NORMAL,,CLEAR,BROWN,2-Very minor aesthetic problems
8189028,07/17/2001,10.5,NO,3.2,,,43,,,LOW,,CLEAR,GREEN,1-Beautiful, could not be nicer
8189028,07/29/2001,7.5,NO,2.3,,,48,,,LOW,,CLEAR,GREEN,2-Very minor aesthetic problems
8189028,08/17/2001,5,NO,1.5,,,54,,,HIGH,,MURKY,GREEN,3-Enjoyment somewhat impaired (algae)
8189028,08/29/2001,5.5,NO,1.7,,,53,,,NORMAL,,MURKY,BROWN,3-Enjoyment somewhat impaired (algae)
8189028,09/30/2001,8,NO,2.4,,,47,,,NORMAL,,CLEAR,BROWN,2-Very minor aesthetic problems
8189028,10/16/2001,7,NO,2.1,,,49,,,NORMAL,,CLEAR,BROWN,2-Very minor aesthetic problems
8189028,10/31/2001,8.5,NO,2.6,,,46,,,NORMAL,,CLEAR,BROWN,2-Very minor aesthetic problems
8189028,04/18/2002,6.25,NO,1.9,,,51,,,HIGH,,MURKY,BROWN,2-Very minor aesthetic problems
8189028,05/29/2002,15,NO,4.6,,,38,,,NORMAL,,CLEAR,GREEN,1-Beautiful, could not be nicer
8189028,06/10/2002,14,NO,4.3,,,39,,,NORMAL,,CLEAR,GREEN,1-Beautiful, could not be nicer
8189028,06/26/2002,11,NO,3.3,,,43,,,HIGH,,CLEAR,GREEN,2-Very minor aesthetic problems
8189028,07/03/2002,12,NO,3.6,,,41,,,HIGH,,CLEAR,GREEN,2-Very minor aesthetic problems
8189188,07/09/2002,12,NO,3.6,,,41,,,NORMAL,,MURKY,GREEN,3-Enjoyment somewhat impaired (algae)
8189188,07/16/2002,15,NO,4.6,,,38,,,NORMAL,,CLEAR,GREEN,2-Very minor aesthetic problems
8189188,07/23/2002,13,NO,4,,,40,,,HIGH,,MURKY,GREEN,3-Enjoyment somewhat impaired (algae)
8189028,07/31/2002,11.5,NO,3.5,,,42,,,NORMAL,,MURKY,GREEN,3-Enjoyment somewhat impaired (algae)
8189188,07/31/2002,13,NO,4,,,40,,,HIGH,,MURKY,GREEN,3-Enjoyment somewhat impaired (algae)
8189028,08/07/2002,10,NO,3,,,44,,,HIGH,,MURKY,GREEN,2-Very minor aesthetic problems
8189028,08/14/2002,10.5,NO,3.2,,,43,,,LOW,,MURKY,GREEN,2-Very minor aesthetic problems
8189028,08/31/2002,10,NO,3,,,44,,,HIGH,,MURKY,GREEN,2-Very minor aesthetic problems
8189028,09/04/2002,8,NO,2.4,,,47,,,HIGH,,MURKY,GREEN,3-Enjoyment somewhat impaired (algae)
8189028,09/11/2002,8.5,NO,2.6,,,46,,,HIGH,,MURKY,GREEN,3-Enjoyment somewhat impaired (algae)
8189188,09/18/2002,8.5,NO,2.6,,,46,,,HIGH,,MURKY,GREEN,3-Enjoyment somewhat impaired (algae)
8189028,09/24/2002,6.5,NO,2,,,50,,,NORMAL,,MURKY,GREEN,3-Enjoyment somewhat impaired (algae)
8189028,09/25/2002,7,NO,2.1,,,49,,,NORMAL,,MURKY,GREEN,3-Enjoyment somewhat impaired (algae)
8189028,10/02/2002,7,NO,2.1,,,49,,,NORMAL,,MURKY,GREEN,2-Very minor aesthetic problems
8189028,10/09/2002,7,NO,2.1,,,49,,,NORMAL,,MURKY,GREEN,2-Very minor aesthetic problems
8189028,10/16/2002,11,NO,3.3,,,43,,,NORMAL,,MURKY,GREEN,2-Very minor aesthetic problems
8189028,10/18/2002,6,NO,1.8,,,51,,,NORMAL,,MURKY,BROWN,2-Very minor aesthetic problems
8189028,10/23/2002,11,NO,3.3,,,43,,,NORMAL,,MURKY,GREEN,2-Very minor aesthetic problems
8189028,04/22/2003,11.5,NO,3.5,,,42,,,NORMAL,,CLEAR,BROWN,1-Beautiful, could not be nicer
8189028,05/23/2003,11.5,NO,3.5,,,42,,,NORMAL,,CLEAR,GREEN,2-Very minor aesthetic problems
8189028,07/07/2003,11,NO,3.3,,,43,,,NORMAL,,CLEAR,GREEN,2-Very minor aesthetic problems
8189028,08/19/2003,9.5,NO,2.9,,,45,,,NORMAL,,MURKY,GREEN,2-Very minor aesthetic problems
8189028,09/05/2003,5.5,NO,1.7,,,53,,,LOW,,MURKY,GREEN,2-Very minor aesthetic problems
8188484,06/29/2004,9.75,NO,3,,,44,,,NORMAL,,CLEAR,GREEN,2-Very minor aesthetic problems
22866946,09/04/2009,,,,6.79,29,,54,49,,,,,
8188959,05/09/2010,,,,,20,,51,,,,,,
7000026,04/14/2012,,,,,30,,54,,,,,,
8188959,04/14/2012,,,,,,,,,NORMAL,,CLEAR,GREEN,2-Very minor aesthetic problems
7000026,08/30/2012,,,,11.7,27,,54,53,,,,,
8188484,08/30/2012,,NO,,,,,,,NORMAL,,CLEAR,GREEN,2-Very minor aesthetic problems
67668330,06/14/2013,10.25,NO,3.1,,,44,,,HIGH,,CLEAR,BLUE,1-Beautiful, could not be nicer
67668330,06/27/2013,13,NO,4,2.33,20.1,40,51,41,HIGH,,CLEAR,BLUE,1-Beautiful, could not be nicer
67668330,07/11/2013,9.75,NO,3,,,44,,,HIGH,,CLEAR,BLUE,2-Very minor aesthetic problems
67668330,07/23/2013,9.5,NO,2.9,6.26,14,45,49,49,NORMAL,,CLEAR,BLUE,1-Beautiful, could not be nicer
67668330,08/04/2013,9.75,NO,3,,,44,,,NORMAL,,CLEAR,BLUE,1-Beautiful, could not be nicer
67668330,08/18/2013,8,NO,2.4,,,47,,,NORMAL,,CLEAR,BLUE,2-Very minor aesthetic problems
67668330,08/28/2013,8.5,NO,2.6,,,46,,,NORMAL,,CLEAR,BLUE,2-Very minor aesthetic problems
67668330,08/30/2013,,,,4.43,37,,56,46,,,,,
67668330,05/31/2014,11,NO,3.3,,35.7,43,56,,HIGH,,CLEAR,BLUE,1-Beautiful, could not be nicer
67668330,06/08/2014,15.25,NO,4.6,,,38,,,HIGH,,CLEAR,BLUE,2-Very minor aesthetic problems
67668330,06/16/2014,16.25,NO,4.9,,,37,,,HIGH,,CLEAR,BLUE,1-Beautiful, could not be nicer
67668330,06/24/2014,11.75,NO,3.6,4.92,16.9,42,50,47,HIGH,,CLEAR,BLUE,2-Very minor aesthetic problems
67668330,07/10/2014,8,NO,2.4,,,47,,,NORMAL,,CLEAR,BLUE,2-Very minor aesthetic problems
67668330,07/27/2014,,,,6.24,19.1,,51,49,,,,,
67668330,08/03/2014,14.75,NO,4.5,,,38,,,NORMAL,,CLEAR,GREEN,3-Enjoyment somewhat impaired (algae)
67668330,08/26/2014,9,NO,2.7,,,45,,,HIGH,,CLEAR,GREEN,2-Very minor aesthetic problems
67668330,08/27/2014,,,,7.79,24.2,,53,50,,,,,
67668330,09/07/2014,8.5,NO,2.6,,,46,,,HIGH,,,BLUE,2-Very minor aesthetic problems
67668330,05/21/2015,18.75,NO,5.7,,,35,,,NORMAL,,CLEAR,BLUE,1-Beautiful, could not be nicer
67668330,06/05/2015,18.1,NO,5.5,,,35,,,HIGH,,CLEAR,BLUE,2-Very minor aesthetic problems
67668330,06/14/2015,13,NO,4,,,40,,,HIGH,,CLEAR,BLUE,1-Beautiful, could not be nicer
67668330,06/26/2015,13.75,NO,4.2,,,39,,,HIGH,,CLEAR,BLUE,2-Very minor aesthetic problems
67668330,07/15/2015,10.25,NO,3.1,,,44,,,HIGH,,CLEAR,BLUE,1-Beautiful, could not be nicer
67668330,07/31/2015,6.25,NO,1.9,8.93,22.7,51,52,51,HIGH,,MURKY,GREEN,3-Enjoyment somewhat impaired (algae)
67668330,08/30/2015,5.25,NO,1.6,14.9,36,53,56,55,HIGH,,,BROWN,3-Enjoyment somewhat impaired (algae)
67668330,04/16/2016,5,NO,1.5,,48.9,54,58,,HIGH,,MURKY,BROWN,3-Enjoyment somewhat impaired (algae)
67668330,05/08/2016,4,NO,1.2,,30,57,54,,HIGH,,MURKY,BROWN,4-Would not swim but boating OK (algae)
67668330,05/30/2016,8.75,NO,2.7,,,46,,,NORMAL,,CLEAR,BLUE,2-Very minor aesthetic problems
67668330,06/12/2016,,,,0.701,32.8,,55,32,,,,,
67668330,06/13/2016,17,NO,5.2,,,36,,,NORMAL,,CLEAR,BLUE,1-Beautiful, could not be nicer
67668330,06/29/2016,9,NO,2.7,7.2,26.6,45,54,50,NORMAL,,CLEAR,BLUE,2-Very minor aesthetic problems
1,07/15/2016,,,,10.2,21.3,,52,52,,,,,
67668330,07/15/2016,8.5,NO,2.6,,,46,,,NORMAL,,CLEAR,BLUE,2-Very minor aesthetic problems
67668330,07/26/2016,7.5,NO,2.3,7.64,21.6,48,52,50,NORMAL,,MURKY,GREEN,2-Very minor aesthetic problems
1,08/10/2016,,,,20,30.7,,55,57,,,,,
67668330,08/10/2016,5.5,NO,1.7,,,53,,,NORMAL,,MURKY,GREEN,3-Enjoyment somewhat impaired (algae)
67668330,08/26/2016,3.75,NO,1.1,26.3,44,58,57,60,HIGH,,MURKY,GREEN,3-Enjoyment somewhat impaired (algae)
1,09/14/2016,,,,24.1,44.5,,58,59,,,,,
67668330,09/14/2016,4,NO,1.2,,,57,,,HIGH,,MURKY,GREEN,4-Would not swim but boating OK (algae)
67668330,09/29/2016,4.25,NO,1.3,,37.1,56,56,,HIGH,,MURKY,GREEN,4-Would not swim but boating OK (algae)
67668330,10/13/2016,7,,2.1,10.7,30.5,49,55,53,HIGH,,CLEAR,BLUE,2-Very minor aesthetic problems
67668330,10/29/2016,,,,9.63,32.2,,55,52,,,,,
67668330,05/25/2017,11.25,NO,3.4,,31.8,42,55,,HIGH,,CLEAR,BLUE,2-Very minor aesthetic problems
67668330,06/21/2017,12.5,NO,3.8,3.15,24.2,41,53,43,NORMAL,,CLEAR,BLUE,2-Very minor aesthetic problems
67668330,07/14/2017,7,NO,2.1,,,49,,,NORMAL,,MURKY,GREEN,2-Very minor aesthetic problems
67668330,07/26/2017,,,,4.51,23.9,,53,46,,,,,
67668330,07/28/2017,8.5,NO,2.6,,,46,,,NORMAL,,MURKY,BLUE,2-Very minor aesthetic problems
67668330,08/15/2017,11.5,NO,3.5,,,42,,,NORMAL,,CLEAR,BLUE,2-Very minor aesthetic problems
67668330,09/11/2017,7,NO,2.1,12.1,33.2,49,55,54,NORMAL,,CLEAR,GREEN,2-Very minor aesthetic problems



Start Date,Depth,Depth Units,Temperature,Temperature Units,Dissolved Oxygen,Dissolved Oxygen Units
06/26/2002,3,FEET,74,DEGREES F,12,MG/L
06/26/2002,5,FEET,74,DEGREES F,10,MG/L
06/26/2002,10,FEET,72,DEGREES F,,
06/26/2002,15,FEET,67,DEGREES F,,
06/26/2002,20,FEET,57,DEGREES F,,
06/26/2002,25,FEET,55,DEGREES F,6,MG/L
06/26/2002,30,FEET,49,DEGREES F,4,MG/L
06/26/2002,35,FEET,48,DEGREES F,2,MG/L
06/26/2002,40,FEET,48,DEGREES F,,
06/26/2002,45,FEET,49,DEGREES F,,
06/26/2002,49,FEET,50,DEGREES F,2,MG/L
07/31/2002,3,FEET,78,DEGREES F,8,MG/L
07/31/2002,5,FEET,77,DEGREES F,8,MG/L
07/31/2002,10,FEET,75,DEGREES F,,
07/31/2002,15,FEET,71,DEGREES F,,
07/31/2002,20,FEET,57,DEGREES F,6,MG/L
07/31/2002,25,FEET,49,DEGREES F,1,MG/L
07/31/2002,30,FEET,48,DEGREES F,1,MG/L
07/31/2002,35,FEET,46,DEGREES F,,
07/31/2002,40,FEET,47,DEGREES F,,
07/31/2002,45,FEET,46,DEGREES F,,
07/31/2002,51,FEET,45,DEGREES F,1,MG/L
09/24/2002,2,FEET,61,DEGREES F,8,MG/L
09/24/2002,5,FEET,60,DEGREES F,8,MG/L
09/24/2002,10,FEET,60,DEGREES F,,
09/24/2002,15,FEET,60,DEGREES F,,
09/24/2002,20,FEET,59,DEGREES F,,
09/24/2002,25,FEET,53,DEGREES F,0,MG/L
09/24/2002,30,FEET,48,DEGREES F,0,MG/L
09/24/2002,35,FEET,47,DEGREES F,0,MG/L
09/24/2002,40,FEET,47,DEGREES F,0,MG/L
09/24/2002,45,FEET,47,DEGREES F,0,MG/L
09/24/2002,48,FEET,46,DEGREES F,0,MG/L
10/18/2002,2,FEET,47,DEGREES F,7,MG/L
10/18/2002,5,FEET,48,DEGREES F,,
10/18/2002,10,FEET,47,DEGREES F,7,MG/L
10/18/2002,15,FEET,47,DEGREES F,,
10/18/2002,20,FEET,47,DEGREES F,,
10/18/2002,25,FEET,48,DEGREES F,,
10/18/2002,30,FEET,48,DEGREES F,7,MG/L
10/18/2002,35,FEET,,,7,MG/L
10/18/2002,40,FEET,47,DEGREES F,6,MG/L
10/18/2002,45,FEET,47,DEGREES F,,
10/18/2002,50,FEET,47,DEGREES F,6,MG/L
10/18/2002,52,FEET,46,DEGREES F,0,MG/L
05/23/2003,2,FEET,61,DEGREES F,9,MG/L
05/23/2003,5,FEET,59,DEGREES F,9,MG/L
05/23/2003,10,FEET,58,DEGREES F,,
05/23/2003,15,FEET,57,DEGREES F,,
05/23/2003,20,FEET,54,DEGREES F,8.25,MG/L
05/23/2003,25,FEET,49,DEGREES F,6.5,MG/L
05/23/2003,30,FEET,48,DEGREES F,4.5,MG/L
05/23/2003,35,FEET,45,DEGREES F,1.5,MG/L
05/23/2003,40,FEET,45,DEGREES F,,
05/23/2003,45,FEET,43,DEGREES F,,
05/23/2003,48,FEET,42,DEGREES F,.25,MG/L
07/07/2003,2,FEET,76,DEGREES F,8.5,MG/L
07/07/2003,5,FEET,76,DEGREES F,8.4,MG/L
07/07/2003,10,FEET,74,DEGREES F,,
07/07/2003,15,FEET,63,DEGREES F,,
07/07/2003,20,FEET,59,DEGREES F,6.4,MG/L
07/07/2003,25,FEET,53,DEGREES F,.5,MG/L
07/07/2003,30,FEET,49,DEGREES F,.4,MG/L
07/07/2003,35,FEET,48,DEGREES F,0,MG/L
07/07/2003,40,FEET,45,DEGREES F,,
07/07/2003,45,FEET,45,DEGREES F,,
07/07/2003,50,FEET,43,DEGREES F,0,MG/L
06/29/2004,0,FEET,66.2,DEGREES F,10.5,MG/L
06/29/2004,3,FEET,66.2,DEGREES F,10.5,MG/L
06/29/2004,6,FEET,66,DEGREES F,10.6,MG/L
06/29/2004,9,FEET,65.6,DEGREES F,10.6,MG/L
06/29/2004,12,FEET,65.3,DEGREES F,10.5,MG/L
06/29/2004,15,FEET,64.4,DEGREES F,10,MG/L
06/29/2004,18,FEET,63.5,DEGREES F,9.5,MG/L
06/29/2004,21,FEET,59.5,DEGREES F,6.5,MG/L
06/29/2004,24,FEET,57.9,DEGREES F,4.1,MG/L
06/29/2004,27,FEET,52.1,DEGREES F,1,MG/L
06/29/2004,30,FEET,50.3,DEGREES F,0,MG/L
06/29/2004,33,FEET,48.3,DEGREES F,0,MG/L
06/29/2004,36,FEET,47.4,DEGREES F,0,MG/L
06/29/2004,39,FEET,46.7,DEGREES F,0,MG/L
06/29/2004,42,FEET,46.4,DEGREES F,0,MG/L
06/29/2004,45,FEET,46.2,DEGREES F,0,MG/L
06/29/2004,48,FEET,46,DEGREES F,0,MG/L
06/29/2004,51,FEET,45.8,DEGREES F,0,MG/L
04/14/2012,1,FEET,51.3,DEGREES F,10.2,MG/L
04/14/2012,3,FEET,49.6,DEGREES F,10.57,MG/L
04/14/2012,6,FEET,48.7,DEGREES F,10.73,MG/L
04/14/2012,9,FEET,48.3,DEGREES F,10.71,MG/L
04/14/2012,12,FEET,47.9,DEGREES F,10.71,MG/L
04/14/2012,15,FEET,47.3,DEGREES F,10.58,MG/L
04/14/2012,18,FEET,46.9,DEGREES F,10.22,MG/L
04/14/2012,21,FEET,46.5,DEGREES F,9.95,MG/L
04/14/2012,24,FEET,46.3,DEGREES F,9.8,MG/L
04/14/2012,27,FEET,46.1,DEGREES F,9.75,MG/L
04/14/2012,30,FEET,46,DEGREES F,9.71,MG/L
04/14/2012,33,FEET,45.9,DEGREES F,9.65,MG/L
04/14/2012,36,FEET,45.9,DEGREES F,9.58,MG/L
04/14/2012,39,FEET,45.8,DEGREES F,9.52,MG/L
04/14/2012,42,FEET,45.8,DEGREES F,9.45,MG/L
08/30/2012,0,FEET,76.1,DEGREES F,10.7,MG/L
08/30/2012,3,FEET,75.9,DEGREES F,10.86,MG/L
08/30/2012,6,FEET,75.7,DEGREES F,10.91,MG/L
08/30/2012,9,FEET,74.9,DEGREES F,10.97,MG/L
08/30/2012,12,FEET,71.4,DEGREES F,7.06,MG/L
08/30/2012,15,FEET,69.5,DEGREES F,4.71,MG/L
08/30/2012,18,FEET,64.9,DEGREES F,.23,MG/L
08/30/2012,21,FEET,60,DEGREES F,.18,MG/L
08/30/2012,24,FEET,54.1,DEGREES F,.14,MG/L
08/30/2012,27,FEET,51.1,DEGREES F,.14,MG/L
08/30/2012,40,FEET,49.7,DEGREES F,.11,MG/L
06/27/2013,5,FEET,76.4,DEGREES F,,
06/27/2013,10,FEET,71,DEGREES F,,
06/27/2013,15,FEET,61,DEGREES F,,
06/27/2013,20,FEET,51.4,DEGREES F,,
06/27/2013,25,FEET,46.7,DEGREES F,,
06/27/2013,30,FEET,43.6,DEGREES F,,
06/27/2013,35,FEET,42.2,DEGREES F,,
06/27/2013,40,FEET,41.9,DEGREES F,,
07/11/2013,5,FEET,76.4,DEGREES F,,
07/11/2013,10,FEET,75.5,DEGREES F,,
07/11/2013,15,FEET,67.4,DEGREES F,,
07/11/2013,20,FEET,53.4,DEGREES F,,
07/11/2013,25,FEET,46.5,DEGREES F,,
07/11/2013,30,FEET,43.5,DEGREES F,,
07/11/2013,35,FEET,42.4,DEGREES F,,
07/11/2013,40,FEET,42,DEGREES F,,
07/23/2013,5,FEET,75.9,DEGREES F,,
07/23/2013,10,FEET,75.9,DEGREES F,,
07/23/2013,15,FEET,67.8,DEGREES F,,
07/23/2013,20,FEET,54.8,DEGREES F,,
07/23/2013,25,FEET,46.4,DEGREES F,,
07/23/2013,30,FEET,43.5,DEGREES F,,
07/23/2013,35,FEET,42.4,DEGREES F,,
07/23/2013,40,FEET,42,DEGREES F,,
08/04/2013,5,FEET,70.5,DEGREES F,,
08/04/2013,10,FEET,70.5,DEGREES F,,
08/04/2013,15,FEET,67.4,DEGREES F,,
08/04/2013,20,FEET,56.6,DEGREES F,,
08/04/2013,25,FEET,46.5,DEGREES F,,
08/04/2013,30,FEET,43.7,DEGREES F,,
08/04/2013,35,FEET,42.9,DEGREES F,,
08/04/2013,40,FEET,42.5,DEGREES F,,
08/18/2013,5,FEET,72.6,DEGREES F,,
08/18/2013,10,FEET,71.7,DEGREES F,,
08/18/2013,15,FEET,66.7,DEGREES F,,
08/18/2013,20,FEET,56.6,DEGREES F,,
08/18/2013,25,FEET,48.5,DEGREES F,,
08/18/2013,30,FEET,44.6,DEGREES F,,
08/18/2013,35,FEET,43.3,DEGREES F,,
08/18/2013,40,FEET,42.3,DEGREES F,,
08/28/2013,5,FEET,78.6,DEGREES F,,
08/28/2013,10,FEET,75.9,DEGREES F,,
08/28/2013,15,FEET,68.1,DEGREES F,,
08/28/2013,20,FEET,56.6,DEGREES F,,
08/28/2013,25,FEET,48.7,DEGREES F,,
08/28/2013,30,FEET,44.9,DEGREES F,,
08/28/2013,35,FEET,43.5,DEGREES F,,
08/28/2013,40,FEET,42.8,DEGREES F,,
05/31/2014,5,FEET,70.8,DEGREES F,,
05/31/2014,10,FEET,57.2,DEGREES F,,
05/31/2014,15,FEET,53.4,DEGREES F,,
05/31/2014,20,FEET,51.2,DEGREES F,,
05/31/2014,25,FEET,49.8,DEGREES F,,
05/31/2014,30,FEET,46.4,DEGREES F,,
05/31/2014,35,FEET,44.9,DEGREES F,,
06/08/2014,5,FEET,68.3,DEGREES F,,
06/08/2014,10,FEET,67.2,DEGREES F,,
06/08/2014,15,FEET,54.6,DEGREES F,,
06/08/2014,20,FEET,50,DEGREES F,,
06/08/2014,25,FEET,47.4,DEGREES F,,
06/08/2014,30,FEET,46.2,DEGREES F,,
06/08/2014,35,FEET,45.3,DEGREES F,,
06/08/2014,40,FEET,43.6,DEGREES F,,
06/16/2014,5,FEET,65.6,DEGREES F,,
06/16/2014,10,FEET,64.7,DEGREES F,,
06/16/2014,15,FEET,63.3,DEGREES F,,
06/16/2014,20,FEET,51,DEGREES F,,
06/16/2014,25,FEET,47.8,DEGREES F,,
06/16/2014,30,FEET,46.4,DEGREES F,,
06/16/2014,35,FEET,45.6,DEGREES F,,
06/16/2014,40,FEET,45.3,DEGREES F,,
06/24/2014,5,FEET,74.1,DEGREES F,,
06/24/2014,10,FEET,68.9,DEGREES F,,
06/24/2014,15,FEET,63.3,DEGREES F,,
06/24/2014,20,FEET,54.3,DEGREES F,,
06/24/2014,25,FEET,48.2,DEGREES F,,
06/24/2014,30,FEET,46.2,DEGREES F,,
06/24/2014,35,FEET,45.3,DEGREES F,,
06/24/2014,40,FEET,45,DEGREES F,,
07/10/2014,5,FEET,72.5,DEGREES F,,
07/10/2014,10,FEET,72.3,DEGREES F,,
07/10/2014,15,FEET,60.8,DEGREES F,,
07/10/2014,20,FEET,55.2,DEGREES F,,
07/10/2014,25,FEET,49.4,DEGREES F,,
07/10/2014,30,FEET,46.7,DEGREES F,,
07/10/2014,35,FEET,45.7,DEGREES F,,
07/10/2014,40,FEET,44.3,DEGREES F,,
08/03/2014,5,FEET,75,DEGREES F,,
08/03/2014,10,FEET,73.7,DEGREES F,,
08/03/2014,15,FEET,70.1,DEGREES F,,
08/03/2014,20,FEET,59.1,DEGREES F,,
08/03/2014,25,FEET,49.9,DEGREES F,,
08/03/2014,30,FEET,46.5,DEGREES F,,
08/03/2014,35,FEET,46,DEGREES F,,
08/03/2014,40,FEET,45.5,DEGREES F,,
08/26/2014,5,FEET,72.9,DEGREES F,,
08/26/2014,10,FEET,72.3,DEGREES F,,
08/26/2014,15,FEET,69.9,DEGREES F,,
08/26/2014,20,FEET,60.8,DEGREES F,,
08/26/2014,25,FEET,50,DEGREES F,,
08/26/2014,30,FEET,47.5,DEGREES F,,
08/26/2014,35,FEET,46,DEGREES F,,
08/26/2014,40,FEET,45.6,DEGREES F,,
09/07/2014,5,FEET,69.7,DEGREES F,,
09/07/2014,10,FEET,68,DEGREES F,,
09/07/2014,15,FEET,68,DEGREES F,,
09/07/2014,20,FEET,62.4,DEGREES F,,
09/07/2014,25,FEET,51.6,DEGREES F,,
09/07/2014,30,FEET,47.8,DEGREES F,,
09/07/2014,35,FEET,46,DEGREES F,,
09/07/2014,40,FEET,45.8,DEGREES F,,
05/21/2015,5,FEET,57.5,DEGREES F,,
05/21/2015,10,FEET,57,DEGREES F,,
05/21/2015,15,FEET,56.6,DEGREES F,,
05/21/2015,20,FEET,56.3,DEGREES F,,
05/21/2015,25,FEET,53.6,DEGREES F,,
05/21/2015,30,FEET,47.6,DEGREES F,,
05/21/2015,35,FEET,47.1,DEGREES F,,
05/21/2015,40,FEET,46.7,DEGREES F,,
06/05/2015,5,FEET,65.4,DEGREES F,,
06/05/2015,10,FEET,64.9,DEGREES F,,
06/05/2015,15,FEET,62.9,DEGREES F,,
06/05/2015,20,FEET,57.2,DEGREES F,,
06/05/2015,25,FEET,53.4,DEGREES F,,
06/05/2015,30,FEET,48.7,DEGREES F,,
06/05/2015,35,FEET,47.6,DEGREES F,,
06/05/2015,40,FEET,46.8,DEGREES F,,
06/14/2015,5,FEET,69.8,DEGREES F,,
06/14/2015,10,FEET,69,DEGREES F,,
06/14/2015,15,FEET,66.5,DEGREES F,,
06/14/2015,20,FEET,58.6,DEGREES F,,
06/14/2015,25,FEET,53.4,DEGREES F,,
06/14/2015,30,FEET,49.8,DEGREES F,,
06/14/2015,35,FEET,48,DEGREES F,,
06/14/2015,40,FEET,47.1,DEGREES F,,
06/26/2015,5,FEET,73.7,DEGREES F,,
06/26/2015,10,FEET,71.9,DEGREES F,,
06/26/2015,15,FEET,69.2,DEGREES F,,
06/26/2015,20,FEET,60,DEGREES F,,
06/26/2015,25,FEET,53.4,DEGREES F,,
06/26/2015,30,FEET,49.8,DEGREES F,,
06/26/2015,35,FEET,48.2,DEGREES F,,
06/26/2015,40,FEET,47.4,DEGREES F,,
07/15/2015,5,FEET,75.5,DEGREES F,,
07/15/2015,10,FEET,74.8,DEGREES F,,
07/15/2015,15,FEET,73.1,DEGREES F,,
07/15/2015,20,FEET,60.8,DEGREES F,,
07/15/2015,25,FEET,54.3,DEGREES F,,
07/15/2015,30,FEET,50.3,DEGREES F,,
07/15/2015,35,FEET,48.5,DEGREES F,,
07/15/2015,40,FEET,48,DEGREES F,,
07/31/2015,5,FEET,74.6,DEGREES F,,
07/31/2015,10,FEET,74.4,DEGREES F,,
07/31/2015,15,FEET,74.3,DEGREES F,,
07/31/2015,20,FEET,63.5,DEGREES F,,
07/31/2015,25,FEET,53.9,DEGREES F,,
07/31/2015,30,FEET,50.3,DEGREES F,,
07/31/2015,35,FEET,48.5,DEGREES F,,
07/31/2015,40,FEET,47.8,DEGREES F,,
08/30/2015,5,FEET,68.9,DEGREES F,,
08/30/2015,10,FEET,67.2,DEGREES F,,
08/30/2015,15,FEET,65.6,DEGREES F,,
08/30/2015,20,FEET,64.7,DEGREES F,,
08/30/2015,25,FEET,60,DEGREES F,,
08/30/2015,30,FEET,51.8,DEGREES F,,
08/30/2015,35,FEET,49.6,DEGREES F,,
08/30/2015,40,FEET,48.7,DEGREES F,,
08/30/2015,45,FEET,48.5,DEGREES F,,
08/30/2015,50,FEET,48.2,DEGREES F,,
08/30/2015,55,FEET,48.1,DEGREES F,,
04/16/2016,5,FEET,46.4,DEGREES F,,
04/16/2016,10,FEET,46.2,DEGREES F,,
04/16/2016,15,FEET,46.2,DEGREES F,,
04/16/2016,20,FEET,46.2,DEGREES F,,
04/16/2016,25,FEET,44.9,DEGREES F,,
04/16/2016,30,FEET,44,DEGREES F,,
04/16/2016,35,FEET,43.7,DEGREES F,,
04/16/2016,40,FEET,43.7,DEGREES F,,
04/16/2016,45,FEET,43.1,DEGREES F,,
05/08/2016,0,METERS,15.6,DEGREES C,12.86,MG/L
05/08/2016,1,METERS,14.8,DEGREES C,13.13,MG/L
05/08/2016,2,METERS,14.5,DEGREES C,13.06,MG/L
05/08/2016,3,METERS,13.4,DEGREES C,12.74,MG/L
05/08/2016,4,METERS,12,DEGREES C,11.85,MG/L
05/08/2016,5,METERS,11.1,DEGREES C,10.77,MG/L
05/08/2016,6,METERS,10.3,DEGREES C,9.92,MG/L
05/08/2016,7,METERS,9.1,DEGREES C,8.95,MG/L
05/08/2016,8,METERS,8.2,DEGREES C,7.62,MG/L
05/08/2016,9,METERS,7.3,DEGREES C,7.13,MG/L
05/08/2016,10,METERS,6.9,DEGREES C,6.66,MG/L
05/08/2016,11,METERS,6.6,DEGREES C,6.2,MG/L
05/08/2016,12,METERS,6.5,DEGREES C,5.52,MG/L
05/08/2016,13,METERS,6.2,DEGREES C,4.59,MG/L
05/08/2016,14,METERS,6.2,DEGREES C,3.84,MG/L
05/08/2016,15,METERS,6.1,DEGREES C,3.29,MG/L
05/30/2016,0,METERS,18.6,DEGREES C,11.44,MG/L
05/30/2016,1,METERS,19.8,DEGREES C,11.79,MG/L
05/30/2016,2,METERS,19.6,DEGREES C,11.84,MG/L
05/30/2016,3,METERS,17.2,DEGREES C,11.77,MG/L
05/30/2016,4,METERS,13,DEGREES C,9.76,MG/L
05/30/2016,5,METERS,11.8,DEGREES C,7.4,MG/L
05/30/2016,6,METERS,10.8,DEGREES C,5.08,MG/L
05/30/2016,7,METERS,9.6,DEGREES C,3.36,MG/L
05/30/2016,8,METERS,8.7,DEGREES C,2.31,MG/L
05/30/2016,9,METERS,7.8,DEGREES C,1.76,MG/L
05/30/2016,10,METERS,7.2,DEGREES C,1.12,MG/L
05/30/2016,11,METERS,6.8,DEGREES C,.67,MG/L
05/30/2016,12,METERS,6.7,DEGREES C,.33,MG/L
05/30/2016,13,METERS,6.6,DEGREES C,.21,MG/L
05/30/2016,14,METERS,6.6,DEGREES C,.15,MG/L
05/30/2016,15,METERS,6.5,DEGREES C,.07,MG/L
05/30/2016,16,METERS,6.4,DEGREES C,.01,MG/L
05/30/2016,17,METERS,6.4,DEGREES C,0,MG/L
06/13/2016,0,METERS,19.3,DEGREES C,8.67,MG/L
06/13/2016,1,METERS,20.3,DEGREES C,8.23,MG/L
06/13/2016,2,METERS,20.5,DEGREES C,8.05,MG/L
06/13/2016,3,METERS,20.5,DEGREES C,7.99,MG/L
06/13/2016,4,METERS,19.3,DEGREES C,7.52,MG/L
06/13/2016,5,METERS,13.6,DEGREES C,4.93,MG/L
06/13/2016,6,METERS,11,DEGREES C,1.94,MG/L
06/13/2016,7,METERS,9.9,DEGREES C,1.22,MG/L
06/13/2016,8,METERS,9.1,DEGREES C,.81,MG/L
06/13/2016,9,METERS,8.2,DEGREES C,.38,MG/L
06/13/2016,10,METERS,7.4,DEGREES C,.15,MG/L
06/13/2016,11,METERS,7.1,DEGREES C,.08,MG/L
06/13/2016,12,METERS,6.8,DEGREES C,.05,MG/L
06/13/2016,13,METERS,6.7,DEGREES C,.03,MG/L
06/13/2016,14,METERS,6.6,DEGREES C,0,MG/L
06/13/2016,15,METERS,6.5,DEGREES C,0,MG/L
06/29/2016,0,METERS,23.1,DEGREES C,8.51,MG/L
06/29/2016,1,METERS,23.3,DEGREES C,8.6,MG/L
06/29/2016,2,METERS,23.1,DEGREES C,8.68,MG/L
06/29/2016,3,METERS,22.9,DEGREES C,8.61,MG/L
06/29/2016,4,METERS,22.1,DEGREES C,8,MG/L
06/29/2016,5,METERS,19.2,DEGREES C,6.07,MG/L
06/29/2016,6,METERS,12.6,DEGREES C,1.15,MG/L
06/29/2016,7,METERS,11.2,DEGREES C,.45,MG/L
06/29/2016,8,METERS,9.7,DEGREES C,.25,MG/L
06/29/2016,9,METERS,8.4,DEGREES C,.14,MG/L
06/29/2016,10,METERS,7.8,DEGREES C,.1,MG/L
06/29/2016,11,METERS,7.4,DEGREES C,.06,MG/L
06/29/2016,12,METERS,7.1,DEGREES C,.03,MG/L
06/29/2016,13,METERS,6.9,DEGREES C,.01,MG/L
06/29/2016,14,METERS,6.8,DEGREES C,0,MG/L
07/15/2016,0,METERS,22,DEGREES C,7.86,MG/L
07/15/2016,1,METERS,22.1,DEGREES C,7.77,MG/L
07/15/2016,2,METERS,22.2,DEGREES C,7.7,MG/L
07/15/2016,3,METERS,22.2,DEGREES C,7.65,MG/L
07/15/2016,4,METERS,22.1,DEGREES C,7.53,MG/L
07/15/2016,5,METERS,19.7,DEGREES C,3.95,MG/L
07/15/2016,6,METERS,14.5,DEGREES C,.79,MG/L
07/15/2016,7,METERS,11.6,DEGREES C,.49,MG/L
07/15/2016,8,METERS,9.7,DEGREES C,.34,MG/L
07/15/2016,9,METERS,8.8,DEGREES C,.29,MG/L
07/15/2016,10,METERS,8.1,DEGREES C,.22,MG/L
07/15/2016,11,METERS,7.8,DEGREES C,.2,MG/L
07/15/2016,12,METERS,7.5,DEGREES C,.16,MG/L
07/15/2016,13,METERS,7.3,DEGREES C,.14,MG/L
07/15/2016,14,METERS,7.2,DEGREES C,.12,MG/L
07/15/2016,15,METERS,7.1,DEGREES C,.1,MG/L
07/15/2016,16,METERS,7,DEGREES C,.1,MG/L
07/15/2016,17,METERS,7,DEGREES C,.08,MG/L
07/15/2016,18,METERS,7,DEGREES C,.07,MG/L
07/15/2016,19,METERS,7,DEGREES C,.07,MG/L
07/15/2016,20,METERS,6.9,DEGREES C,.07,MG/L
07/15/2016,21,METERS,6.9,DEGREES C,.07,MG/L
07/26/2016,0,METERS,26.3,DEGREES C,8.13,MG/L
07/26/2016,1,METERS,26,DEGREES C,8.81,MG/L
07/26/2016,2,METERS,25.7,DEGREES C,9.08,MG/L
07/26/2016,3,METERS,25.6,DEGREES C,9.05,MG/L
07/26/2016,4,METERS,23.9,DEGREES C,8.21,MG/L
07/26/2016,5,METERS,19.2,DEGREES C,2.43,MG/L
07/26/2016,6,METERS,14.8,DEGREES C,.77,MG/L
07/26/2016,7,METERS,12.1,DEGREES C,.46,MG/L
07/26/2016,8,METERS,10.1,DEGREES C,.33,MG/L
07/26/2016,9,METERS,8.8,DEGREES C,.24,MG/L
07/26/2016,10,METERS,8.2,DEGREES C,.2,MG/L
07/26/2016,11,METERS,7.7,DEGREES C,.17,MG/L
07/26/2016,12,METERS,7.5,DEGREES C,.14,MG/L
07/26/2016,13,METERS,7.4,DEGREES C,.12,MG/L
07/26/2016,14,METERS,7.3,DEGREES C,.1,MG/L
07/26/2016,15,METERS,7.2,DEGREES C,.09,MG/L
07/26/2016,16,METERS,7.2,DEGREES C,.08,MG/L
07/26/2016,17,METERS,7.2,DEGREES C,.07,MG/L
07/26/2016,18,METERS,7.2,DEGREES C,.05,MG/L
07/26/2016,19,METERS,7.1,DEGREES C,.04,MG/L
07/26/2016,20,METERS,7.1,DEGREES C,.03,MG/L
08/10/2016,0,METERS,25.8,DEGREES C,9.3,MG/L
08/10/2016,1,METERS,25.7,DEGREES C,10.5,MG/L
08/10/2016,2,METERS,25.4,DEGREES C,10.47,MG/L
08/10/2016,3,METERS,24.8,DEGREES C,9.63,MG/L
08/10/2016,4,METERS,23,DEGREES C,4.86,MG/L
08/10/2016,5,METERS,20.6,DEGREES C,.81,MG/L
08/10/2016,6,METERS,16.9,DEGREES C,.44,MG/L
08/10/2016,7,METERS,12.9,DEGREES C,.29,MG/L
08/10/2016,8,METERS,10.1,DEGREES C,.2,MG/L
08/10/2016,9,METERS,8.9,DEGREES C,.15,MG/L
08/10/2016,10,METERS,7.2,DEGREES C,.01,MG/L
08/10/2016,11,METERS,7.9,DEGREES C,.1,MG/L
08/10/2016,12,METERS,7.6,DEGREES C,.08,MG/L
08/10/2016,13,METERS,7.5,DEGREES C,.06,MG/L
08/10/2016,14,METERS,7.3,DEGREES C,.05,MG/L
08/10/2016,15,METERS,7.2,DEGREES C,.04,MG/L
08/10/2016,16,METERS,7.2,DEGREES C,.02,MG/L
08/10/2016,17,METERS,7.2,DEGREES C,.01,MG/L
08/10/2016,18,METERS,7.2,DEGREES C,.01,MG/L
08/10/2016,20,METERS,7.2,DEGREES C,0,MG/L
08/26/2016,0,METERS,72.2,DEGREES F,9.28,MG/L
08/26/2016,1,METERS,71.6,DEGREES F,9.43,MG/L
08/26/2016,2,METERS,71.2,DEGREES F,9.1,MG/L
08/26/2016,3,METERS,71.1,DEGREES F,8.95,MG/L
08/26/2016,4,METERS,71,DEGREES F,8.63,MG/L
08/26/2016,5,METERS,68.2,DEGREES F,3.71,MG/L
08/26/2016,6,METERS,61,DEGREES F,.79,MG/L
08/26/2016,7,METERS,55.3,DEGREES F,.45,MG/L
08/26/2016,8,METERS,51.4,DEGREES F,.3,MG/L
08/26/2016,9,METERS,49.1,DEGREES F,.2,MG/L
08/26/2016,10,METERS,47.6,DEGREES F,.16,MG/L
08/26/2016,11,METERS,46.7,DEGREES F,.12,MG/L
08/26/2016,12,METERS,46.3,DEGREES F,.1,MG/L
08/26/2016,13,METERS,45.8,DEGREES F,.07,MG/L
08/26/2016,14,METERS,45.6,DEGREES F,.05,MG/L
08/26/2016,15,METERS,45.4,DEGREES F,.04,MG/L
08/26/2016,16,METERS,45.3,DEGREES F,.04,MG/L
09/14/2016,0,METERS,68.1,DEGREES F,8.45,MG/L
09/14/2016,1,METERS,67.1,DEGREES F,8.41,MG/L
09/14/2016,2,METERS,66.8,DEGREES F,8.27,MG/L
09/14/2016,3,METERS,66.7,DEGREES F,7.79,MG/L
09/14/2016,4,METERS,66.6,DEGREES F,7.55,MG/L
09/14/2016,5,METERS,66.3,DEGREES F,7.2,MG/L
09/14/2016,6,METERS,62.6,DEGREES F,1.11,MG/L
09/14/2016,7,METERS,56.1,DEGREES F,.58,MG/L
09/14/2016,8,METERS,51.7,DEGREES F,.37,MG/L
09/14/2016,9,METERS,48.6,DEGREES F,.28,MG/L
09/14/2016,10,METERS,47.4,DEGREES F,.23,MG/L
09/14/2016,11,METERS,46.6,DEGREES F,.17,MG/L
09/14/2016,12,METERS,46.2,DEGREES F,.15,MG/L
09/14/2016,13,METERS,45.9,DEGREES F,.13,MG/L
09/14/2016,14,METERS,45.7,DEGREES F,.11,MG/L
09/14/2016,15,METERS,45.7,DEGREES F,.1,MG/L
09/14/2016,16,METERS,45.6,DEGREES F,.07,MG/L
09/14/2016,17,METERS,45.6,DEGREES F,.07,MG/L
09/14/2016,18,METERS,45.6,DEGREES F,.05,MG/L
09/14/2016,19,METERS,45.5,DEGREES F,.04,MG/L
09/29/2016,0,METERS,62.8,DEGREES F,7.81,MG/L
09/29/2016,1,METERS,60.1,DEGREES F,7.27,MG/L
09/29/2016,2,METERS,59.8,DEGREES F,7.09,MG/L
09/29/2016,3,METERS,59.7,DEGREES F,7.08,MG/L
09/29/2016,4,METERS,59.6,DEGREES F,7.03,MG/L
09/29/2016,5,METERS,59.5,DEGREES F,6.89,MG/L
09/29/2016,6,METERS,59,DEGREES F,5.68,MG/L
09/29/2016,7,METERS,51.5,DEGREES F,.94,MG/L
09/29/2016,8,METERS,47.7,DEGREES F,.46,MG/L
09/29/2016,9,METERS,47.4,DEGREES F,.29,MG/L
09/29/2016,10,METERS,46.6,DEGREES F,.18,MG/L
09/29/2016,11,METERS,46.3,DEGREES F,.14,MG/L
09/29/2016,12,METERS,46.1,DEGREES F,.11,MG/L
09/29/2016,13,METERS,45.9,DEGREES F,.09,MG/L
09/29/2016,14,METERS,45.7,DEGREES F,.07,MG/L
09/29/2016,15,METERS,45.7,DEGREES F,.05,MG/L
10/13/2016,0.25,METERS,56.8,DEGREES F,8.85,MG/L
10/13/2016,1,METERS,55.6,DEGREES F,9.02,MG/L
10/13/2016,2,METERS,55.7,DEGREES F,7.82,MG/L
10/13/2016,3,METERS,55.6,DEGREES F,7.22,MG/L
10/13/2016,4,METERS,55.6,DEGREES F,7.67,MG/L
10/13/2016,5,METERS,55.4,DEGREES F,7.65,MG/L
10/13/2016,6,METERS,55.4,DEGREES F,7.65,MG/L
10/13/2016,7,METERS,55.3,DEGREES F,7.63,MG/L
10/13/2016,8,METERS,54.6,DEGREES F,7.64,MG/L
10/13/2016,9,METERS,49.1,DEGREES F,1.21,MG/L
10/13/2016,10,METERS,47.6,DEGREES F,.8,MG/L
10/13/2016,11,METERS,46.9,DEGREES F,.62,MG/L
10/13/2016,12,METERS,46.9,DEGREES F,.62,MG/L
10/13/2016,13,METERS,46.2,DEGREES F,.47,MG/L
10/13/2016,14,METERS,46,DEGREES F,.38,MG/L
10/13/2016,15,METERS,45.9,DEGREES F,.33,MG/L
10/13/2016,16,METERS,45.7,DEGREES F,.29,MG/L
10/13/2016,17,METERS,45.7,DEGREES F,.25,MG/L
05/25/2017,3,FEET,57.2,DEGREES F,,
05/25/2017,6,FEET,57,DEGREES F,,
05/25/2017,9,FEET,56.4,DEGREES F,,
05/25/2017,12,FEET,56.1,DEGREES F,,
05/25/2017,15,FEET,55.5,DEGREES F,,
05/25/2017,18,FEET,54.8,DEGREES F,,
05/25/2017,21,FEET,51.8,DEGREES F,,
05/25/2017,24,FEET,48.2,DEGREES F,,
05/25/2017,27,FEET,46.7,DEGREES F,,
05/25/2017,30,FEET,46.2,DEGREES F,,
05/25/2017,33,FEET,45.6,DEGREES F,,
05/25/2017,36,FEET,45.5,DEGREES F,,
05/25/2017,39,FEET,45.1,DEGREES F,,
05/25/2017,42,FEET,44.7,DEGREES F,,
06/21/2017,5,FEET,71.6,DEGREES F,,
06/21/2017,10,FEET,70.6,DEGREES F,,
06/21/2017,15,FEET,66.9,DEGREES F,,
06/21/2017,20,FEET,53.9,DEGREES F,,
06/21/2017,25,FEET,50,DEGREES F,,
06/21/2017,30,FEET,46.4,DEGREES F,,
06/21/2017,35,FEET,45.6,DEGREES F,,
06/21/2017,40,FEET,45.3,DEGREES F,,
06/21/2017,45,FEET,45.1,DEGREES F,,
06/21/2017,50,FEET,44.9,DEGREES F,,
07/14/2017,3,FEET,72.8,DEGREES F,,
07/14/2017,6,FEET,72.8,DEGREES F,,
07/14/2017,9,FEET,71.6,DEGREES F,,
07/14/2017,12,FEET,68.3,DEGREES F,,
07/14/2017,15,FEET,62,DEGREES F,,
07/14/2017,18,FEET,55.9,DEGREES F,,
07/14/2017,21,FEET,50.9,DEGREES F,,
07/14/2017,24,FEET,48.3,DEGREES F,,
07/14/2017,27,FEET,47.1,DEGREES F,,
07/14/2017,30,FEET,46.4,DEGREES F,,
07/14/2017,33,FEET,45.8,DEGREES F,,
07/14/2017,36,FEET,45.6,DEGREES F,,
07/14/2017,39,FEET,45.6,DEGREES F,,
07/28/2017,3,FEET,75.5,DEGREES F,,
07/28/2017,6,FEET,74.8,DEGREES F,,
07/28/2017,9,FEET,74.4,DEGREES F,,
07/28/2017,12,FEET,73.7,DEGREES F,,
07/28/2017,15,FEET,68,DEGREES F,,
07/28/2017,18,FEET,61.3,DEGREES F,,
07/28/2017,21,FEET,55.7,DEGREES F,,
07/28/2017,24,FEET,50.9,DEGREES F,,
07/28/2017,27,FEET,48.7,DEGREES F,,
07/28/2017,30,FEET,47.1,DEGREES F,,
07/28/2017,33,FEET,46.2,DEGREES F,,
07/28/2017,36,FEET,45.8,DEGREES F,,
07/28/2017,39,FEET,45.6,DEGREES F,,
07/28/2017,42,FEET,45.6,DEGREES F,,
08/15/2017,3,FEET,71.4,DEGREES F,,
08/15/2017,6,FEET,70.8,DEGREES F,,
08/15/2017,9,FEET,70.5,DEGREES F,,
08/15/2017,12,FEET,70.5,DEGREES F,,
08/15/2017,15,FEET,68.7,DEGREES F,,
08/15/2017,18,FEET,63.3,DEGREES F,,
08/15/2017,21,FEET,57.9,DEGREES F,,
08/15/2017,24,FEET,51.8,DEGREES F,,
08/15/2017,27,FEET,48.3,DEGREES F,,
08/15/2017,30,FEET,47.1,DEGREES F,,
08/15/2017,33,FEET,46.4,DEGREES F,,
08/15/2017,36,FEET,46,DEGREES F,,
08/15/2017,39,FEET,45.8,DEGREES F,,
08/15/2017,42,FEET,45.7,DEGREES F,,
08/15/2017,45,FEET,45.6,DEGREES F,,
09/11/2017,3,FEET,64.7,DEGREES F,,
09/11/2017,6,FEET,64.2,DEGREES F,,
09/11/2017,9,FEET,63.8,DEGREES F,,
09/11/2017,12,FEET,63.6,DEGREES F,,
09/11/2017,15,FEET,63.6,DEGREES F,,
09/11/2017,18,FEET,63.5,DEGREES F,,
09/11/2017,21,FEET,61.5,DEGREES F,,
09/11/2017,24,FEET,53.6,DEGREES F,,
09/11/2017,27,FEET,50.3,DEGREES F,,
09/11/2017,30,FEET,48.3,DEGREES F,,
09/11/2017,33,FEET,47.1,DEGREES F,,
09/11/2017,36,FEET,46.7,DEGREES F,,
09/11/2017,39,FEET,46.4,DEGREES F,,
09/11/2017,42,FEET,46.1,DEGREES F,,
09/11/2017,45,FEET,45.8,DEGREES F,,



Start Date,Fieldwork Comment
03/28/2000,Has been windy for several days.  Sunny today and windy.    
04/28/2000,Some mud like bodies floating in shallows.  Some green slime hanging in the shallows.    
05/15/2000,Lots of green slime in shallows.    
06/02/2000,Aquatic plant growth now breaking the surface in many areas.    
06/22/2000,After 3 days of rain- lots of wind.  Hard to believe so clear.  Lots of green muck in shallows.    
07/11/2000,Water level up 6 inches.  Heavy rain 2 days ago.    
07/28/2000,Some green stuff on water surface    
08/28/2000,Windy- overcast.    
09/29/2000,Windy conditions- lake stirred up.    
10/08/2000,Sunny    
10/13/2000,Clear- mild wind.    
10/18/2000,Overcast    
10/31/2000,Sunny- partly cloudy- light wind.    
11/14/2000,Sunny    
04/10/2001,Two days after ice out.    
06/15/2001,Nice day - much rain previous week.    
07/04/2001,Windy day.    
07/17/2001,Nice weather for several days.    
08/17/2001,Two days after heavy rain.  Lots of surface algae (scum) on shores.    
08/29/2001,Lots of surface green scum - water green.    
09/30/2001,More weeds than in 3 years.  More surface algae.    
10/16/2001,Gave up trying to keep weeds away from dock.    
04/18/2002,strong wind most of night- april 16th- next morning
all ice gone ice out 4/16

    
05/29/2002,green scum near shore noticeable already

    
06/10/2002,nice sunny day.  Low humidity.  Lots of scum near shore.    
06/26/2002,Lots of weeds for this early    
07/03/2002,very hot and muggy for the past week.  Clear- sunny- hot again today.  2/3 inch of rain last night.    
07/09/2002,Very hot- muggy days for the past week.  So many weeds in our bay; green scum floating on the water.    
07/16/2002,Very hot- muggy- clear day.  Lots of scum and weed growth within 100 feet of shoreline.    
07/23/2002,We've had a lot of rain lately.  Excess weeds in bays; some green scum on surface of water.    
07/31/2002,Hot- muggy weather continues.  Today overcast- light sprinkles.  Excess weeds in bay.    
07/31/2002,Rain + Winds Previous Eve.  Lots of weeds.  Alk Level 112 ppm.    
08/07/2002,3 1/2 inches of rain on Aug 2. Windy out of South; water stirred up. Scuba'd today with very poor visibility.    
08/14/2002,Hot humid conditions    
08/31/2002,Lots of rain    
09/04/2002,Very Green    
09/24/2002,It has been rainy and cold.   Lots of green algae in
the water but not a whole lot accumulating along the shore on top of the
water.   Weeds are better and have died down a great deal.    
09/25/2002,Water is Murky.. Expected to find it clearer  Think Turnover has begun... (Another observer found water temperatures weren't the same at all depths till Oct 18- so turnover wasn't complete at this time)    
10/18/2002,Cold-rainy-snow nite before;  weeds have subsided;
turnover looks like it has just begun.   Freeze over of the lake was early this year on November 26    
10/23/2002,Pulled our boat out for the end of the season.    
04/22/2003,Ice out was 8 days ago on April 14- after a day and
night of windy conditions.
    
05/23/2003,Curly leaf pond weed is the worst we have seen in 4
years.   It seems to be choking out everything.  We have had a spell of
cold weather which may have turned off the Bluegill spawning- but their
beds are so inundated with pond weed that am wondering if that isn't
causing a problem for the fish spawn.   The lake has already stratified
and there is almost no oxygen below 30 feet.   Have been advised that will
probably mean massive algae blooms in the weeks ahead.... this is being
submitted much later than the test.... which has come true..    
07/07/2003,This is Monday and is cloudy and overcast with light
wind.   Has been a beautiful weekend with no rain since Friday.   Lots of
Algae accumulating in the shallows weeds are tolerable.   Crinkle Leaf
pond weed is abating... the pond weed was the worst I have seen it in 4
years this spring.    
09/05/2003,Lots of algae hanging in the water making it very
cloudy....  There has been a drought for most of the month of August and
no rain yet in Sept..   The weeds have pretty much subsided making fishing
off the dock easier and less stuff to tangle motor pr    
06/29/2004,Craig Roesler and Dave Blumer used Harold Blumer's boat to test new YSI meters (63 + 55) on this lake    
08/30/2012,Secchi readings were not taken- as we do not have a Secchi disk.  My son Logan was also with us.




Start Date,Group Name,Project Name
10/08/1999,Harold Blumer,Citizen Lake Monitoring - Water Quality - Lower Vermillion Lake - Deep Hole
10/18/1999,Harold Blumer,Citizen Lake Monitoring - Water Quality - Lower Vermillion Lake - Deep Hole
10/31/1999,Harold Blumer,Citizen Lake Monitoring - Water Quality - Lower Vermillion Lake - Deep Hole
11/14/1999,Harold Blumer,Citizen Lake Monitoring - Water Quality - Lower Vermillion Lake - Deep Hole
11/29/1999,Harold Blumer,Citizen Lake Monitoring - Water Quality - Lower Vermillion Lake - Deep Hole
03/28/2000,Harold Blumer,Citizen Lake Monitoring - Water Quality - Lower Vermillion Lake - Deep Hole
04/28/2000,Harold Blumer,Citizen Lake Monitoring - Water Quality - Lower Vermillion Lake - Deep Hole
05/15/2000,Harold Blumer,Citizen Lake Monitoring - Water Quality - Lower Vermillion Lake - Deep Hole
06/02/2000,Harold Blumer,Citizen Lake Monitoring - Water Quality - Lower Vermillion Lake - Deep Hole
06/22/2000,Harold Blumer,Citizen Lake Monitoring - Water Quality - Lower Vermillion Lake - Deep Hole
07/11/2000,Harold Blumer,Citizen Lake Monitoring - Water Quality - Lower Vermillion Lake - Deep Hole
07/28/2000,Harold Blumer,Citizen Lake Monitoring - Water Quality - Lower Vermillion Lake - Deep Hole
08/12/2000,Harold Blumer,Citizen Lake Monitoring - Water Quality - Lower Vermillion Lake - Deep Hole
08/28/2000,Harold Blumer,Citizen Lake Monitoring - Water Quality - Lower Vermillion Lake - Deep Hole
09/29/2000,Harold Blumer,Citizen Lake Monitoring - Water Quality - Lower Vermillion Lake - Deep Hole
10/08/2000,Harold Blumer,Citizen Lake Monitoring - Water Quality - Lower Vermillion Lake - Deep Hole
10/13/2000,Harold Blumer,Citizen Lake Monitoring - Water Quality - Lower Vermillion Lake - Deep Hole
10/18/2000,Harold Blumer,Citizen Lake Monitoring - Water Quality - Lower Vermillion Lake - Deep Hole
10/31/2000,Harold Blumer,Citizen Lake Monitoring - Water Quality - Lower Vermillion Lake - Deep Hole
11/14/2000,Harold Blumer,Citizen Lake Monitoring - Water Quality - Lower Vermillion Lake - Deep Hole
11/29/2000,Harold Blumer,Citizen Lake Monitoring - Water Quality - Lower Vermillion Lake - Deep Hole
04/10/2001,Harold Blumer,Citizen Lake Monitoring - Water Quality - Lower Vermillion Lake - Deep Hole
05/12/2001,Harold Blumer,Citizen Lake Monitoring - Water Quality - Lower Vermillion Lake - Deep Hole
05/31/2001,Harold Blumer,Citizen Lake Monitoring - Water Quality - Lower Vermillion Lake - Deep Hole
06/15/2001,Harold Blumer,Citizen Lake Monitoring - Water Quality - Lower Vermillion Lake - Deep Hole
07/04/2001,Harold Blumer,Citizen Lake Monitoring - Water Quality - Lower Vermillion Lake - Deep Hole
07/17/2001,Harold Blumer,Citizen Lake Monitoring - Water Quality - Lower Vermillion Lake - Deep Hole
07/29/2001,Harold Blumer,Citizen Lake Monitoring - Water Quality - Lower Vermillion Lake - Deep Hole
08/17/2001,Harold Blumer,Citizen Lake Monitoring - Water Quality - Lower Vermillion Lake - Deep Hole
08/29/2001,Harold Blumer,Citizen Lake Monitoring - Water Quality - Lower Vermillion Lake - Deep Hole
09/30/2001,Harold Blumer,Citizen Lake Monitoring - Water Quality - Lower Vermillion Lake - Deep Hole
10/16/2001,Harold Blumer,Citizen Lake Monitoring - Water Quality - Lower Vermillion Lake - Deep Hole
10/31/2001,Harold Blumer,Citizen Lake Monitoring - Water Quality - Lower Vermillion Lake - Deep Hole
04/18/2002,Harold Blumer,Citizen Lake Monitoring - Water Quality - Lower Vermillion Lake - Deep Hole
05/29/2002,Harold Blumer,Citizen Lake Monitoring - Water Quality - Lower Vermillion Lake - Deep Hole
06/10/2002,Harold Blumer,Citizen Lake Monitoring - Water Quality - Lower Vermillion Lake - Deep Hole
06/26/2002,Harold Blumer,Citizen Lake Monitoring - Water Quality - Lower Vermillion Lake - Deep Hole
07/03/2002,Harold Blumer,Citizen Lake Monitoring - Water Quality - Lower Vermillion Lake - Deep Hole
07/09/2002,Matt Bratager,Citizen Lake Monitoring - Water Quality - Lower Vermillion Lake - Deep Hole
07/16/2002,Matt Bratager,Citizen Lake Monitoring - Water Quality - Lower Vermillion Lake - Deep Hole
07/23/2002,Matt Bratager,Citizen Lake Monitoring - Water Quality - Lower Vermillion Lake - Deep Hole
07/31/2002,Harold Blumer,Citizen Lake Monitoring - Water Quality - Lower Vermillion Lake - Deep Hole
07/31/2002,Matt Bratager,Citizen Lake Monitoring - Water Quality - Lower Vermillion Lake - Deep Hole
08/07/2002,Harold Blumer,Citizen Lake Monitoring - Water Quality - Lower Vermillion Lake - Deep Hole
08/14/2002,Harold Blumer,Citizen Lake Monitoring - Water Quality - Lower Vermillion Lake - Deep Hole
08/31/2002,Harold Blumer,Citizen Lake Monitoring - Water Quality - Lower Vermillion Lake - Deep Hole
09/04/2002,Harold Blumer,Citizen Lake Monitoring - Water Quality - Lower Vermillion Lake - Deep Hole
09/11/2002,Harold Blumer,Citizen Lake Monitoring - Water Quality - Lower Vermillion Lake - Deep Hole
09/18/2002,Matt Bratager,Citizen Lake Monitoring - Water Quality - Lower Vermillion Lake - Deep Hole
09/24/2002,Harold Blumer,Citizen Lake Monitoring - Water Quality - Lower Vermillion Lake - Deep Hole
09/25/2002,Harold Blumer,Citizen Lake Monitoring - Water Quality - Lower Vermillion Lake - Deep Hole
10/02/2002,Harold Blumer,Citizen Lake Monitoring - Water Quality - Lower Vermillion Lake - Deep Hole
10/09/2002,Harold Blumer,Citizen Lake Monitoring - Water Quality - Lower Vermillion Lake - Deep Hole
10/16/2002,Harold Blumer,Citizen Lake Monitoring - Water Quality - Lower Vermillion Lake - Deep Hole
10/18/2002,Harold Blumer,Citizen Lake Monitoring - Water Quality - Lower Vermillion Lake - Deep Hole
10/23/2002,Harold Blumer,Citizen Lake Monitoring - Water Quality - Lower Vermillion Lake - Deep Hole
04/22/2003,Harold Blumer,Citizen Lake Monitoring - Water Quality - Lower Vermillion Lake - Deep Hole
05/23/2003,Harold Blumer,Citizen Lake Monitoring - Water Quality - Lower Vermillion Lake - Deep Hole
07/07/2003,Harold Blumer,Citizen Lake Monitoring - Water Quality - Lower Vermillion Lake - Deep Hole
08/19/2003,Harold Blumer,Citizen Lake Monitoring - Water Quality - Lower Vermillion Lake - Deep Hole
09/05/2003,Harold Blumer,Citizen Lake Monitoring - Water Quality - Lower Vermillion Lake - Deep Hole
06/29/2004,Dave and Harold Blumer,Citizen Lake Monitoring - Water Quality - Lower Vermillion Lake - Deep Hole
09/04/2009,Tony Zodrow,Citizen Lake Monitoring - Water Quality - Lower Vermillion Lake - Deep Hole
05/09/2010,Dave Blumer,Citizen Lake Monitoring - Water Quality - Lower Vermillion Lake - Deep Hole
04/14/2012,DAVID BLUMER,Citizen Lake Monitoring - Water Quality - Lower Vermillion Lake - Deep Hole
04/14/2012,Dave Blumer,Citizen Lake Monitoring - Water Quality - Lower Vermillion Lake - Deep Hole
08/30/2012,DAVID BLUMER,Citizen Lake Monitoring - Water Quality - Lower Vermillion Lake - Deep Hole
08/30/2012,Dave and Harold Blumer,Citizen Lake Monitoring - Water Quality - Lower Vermillion Lake - Deep Hole
06/14/2013,Steven Nyquist,Citizen Lake Monitoring - Water Quality - Lower Vermillion Lake - Deep Hole
06/27/2013,Steven Nyquist,Citizen Lake Monitoring - Water Quality - Lower Vermillion Lake - Deep Hole
07/11/2013,Steven Nyquist,Citizen Lake Monitoring - Water Quality - Lower Vermillion Lake - Deep Hole
07/23/2013,Steven Nyquist,Citizen Lake Monitoring - Water Quality - Lower Vermillion Lake - Deep Hole
08/04/2013,Steven Nyquist,Citizen Lake Monitoring - Water Quality - Lower Vermillion Lake - Deep Hole
08/18/2013,Steven Nyquist,Citizen Lake Monitoring - Water Quality - Lower Vermillion Lake - Deep Hole
08/28/2013,Steven Nyquist,Citizen Lake Monitoring - Water Quality - Lower Vermillion Lake - Deep Hole
08/30/2013,Steven Nyquist,Citizen Lake Monitoring - Water Quality - Lower Vermillion Lake - Deep Hole
05/31/2014,Steven Nyquist,Citizen Lake Monitoring - Water Quality - Lower Vermillion Lake - Deep Hole
06/08/2014,Steven Nyquist,Citizen Lake Monitoring - Water Quality - Lower Vermillion Lake - Deep Hole
06/16/2014,Steven Nyquist,Citizen Lake Monitoring - Water Quality - Lower Vermillion Lake - Deep Hole
06/24/2014,Steven Nyquist,Citizen Lake Monitoring - Water Quality - Lower Vermillion Lake - Deep Hole
06/24/2014,Steven Nyquist,Citizen Lake Monitoring Network QA/QC - 2014
07/10/2014,Steven Nyquist,Citizen Lake Monitoring - Water Quality - Lower Vermillion Lake - Deep Hole
07/27/2014,Steven Nyquist,Citizen Lake Monitoring - Water Quality - Lower Vermillion Lake - Deep Hole
08/03/2014,Steven Nyquist,Citizen Lake Monitoring - Water Quality - Lower Vermillion Lake - Deep Hole
08/26/2014,Steven Nyquist,Citizen Lake Monitoring - Water Quality - Lower Vermillion Lake - Deep Hole
08/27/2014,Steven Nyquist,Citizen Lake Monitoring - Water Quality - Lower Vermillion Lake - Deep Hole
09/07/2014,Steven Nyquist,Citizen Lake Monitoring - Water Quality - Lower Vermillion Lake - Deep Hole
05/21/2015,Steven Nyquist,Citizen Lake Monitoring - Water Quality - Lower Vermillion Lake - Deep Hole
06/05/2015,Steven Nyquist,Citizen Lake Monitoring - Water Quality - Lower Vermillion Lake - Deep Hole
06/14/2015,Steven Nyquist,Citizen Lake Monitoring - Water Quality - Lower Vermillion Lake - Deep Hole
06/26/2015,Steven Nyquist,Citizen Lake Monitoring - Water Quality - Lower Vermillion Lake - Deep Hole
07/15/2015,Steven Nyquist,Citizen Lake Monitoring - Water Quality - Lower Vermillion Lake - Deep Hole
07/31/2015,Steven Nyquist,Citizen Lake Monitoring - Water Quality - Lower Vermillion Lake - Deep Hole
08/30/2015,Steven Nyquist,Citizen Lake Monitoring - Water Quality - Lower Vermillion Lake - Deep Hole
04/16/2016,Steven Nyquist,Citizen Lake Monitoring - Water Quality - Lower Vermillion Lake - Deep Hole
04/16/2016,Steven Nyquist,VERMILLION LAKE ASSOC: L. Vermillion Lk Water Quality- PI Survey + Aquatic Plant Mngmnt Plan Update
05/08/2016,Steven Nyquist,Citizen Lake Monitoring - Water Quality - Lower Vermillion Lake - Deep Hole
05/08/2016,Steven Nyquist,VERMILLION LAKE ASSOC: L. Vermillion Lk Water Quality- PI Survey + Aquatic Plant Mngmnt Plan Update
05/30/2016,Steven Nyquist,Citizen Lake Monitoring - Water Quality - Lower Vermillion Lake - Deep Hole
06/12/2016,Steven Nyquist,VERMILLION LAKE ASSOC: L. Vermillion Lk Water Quality- PI Survey + Aquatic Plant Mngmnt Plan Update
06/13/2016,Steven Nyquist,Citizen Lake Monitoring - Water Quality - Lower Vermillion Lake - Deep Hole
06/29/2016,Steven Nyquist,Citizen Lake Monitoring - Water Quality - Lower Vermillion Lake - Deep Hole
07/15/2016,Data Collectors,
07/15/2016,Steven Nyquist,Citizen Lake Monitoring - Water Quality - Lower Vermillion Lake - Deep Hole
07/26/2016,Steven Nyquist,Citizen Lake Monitoring - Water Quality - Lower Vermillion Lake - Deep Hole
08/10/2016,Data Collectors,
08/10/2016,Steven Nyquist,Citizen Lake Monitoring - Water Quality - Lower Vermillion Lake - Deep Hole
08/26/2016,Steven Nyquist,Citizen Lake Monitoring - Water Quality - Lower Vermillion Lake - Deep Hole
09/14/2016,Data Collectors,
09/14/2016,Steven Nyquist,Citizen Lake Monitoring - Water Quality - Lower Vermillion Lake - Deep Hole
09/29/2016,Steven Nyquist,Citizen Lake Monitoring - Water Quality - Lower Vermillion Lake - Deep Hole
09/29/2016,Steven Nyquist,VERMILLION LAKE ASSOC: L. Vermillion Lk Water Quality- PI Survey + Aquatic Plant Mngmnt Plan Update
10/13/2016,Steven Nyquist,Citizen Lake Monitoring - Water Quality - Lower Vermillion Lake - Deep Hole
10/13/2016,Steven Nyquist,VERMILLION LAKE ASSOC: L. Vermillion Lk Water Quality- PI Survey + Aquatic Plant Mngmnt Plan Update
10/29/2016,Steven Nyquist,VERMILLION LAKE ASSOC: L. Vermillion Lk Water Quality- PI Survey + Aquatic Plant Mngmnt Plan Update
05/25/2017,Steven Nyquist,Citizen Lake Monitoring - Water Quality - Lower Vermillion Lake - Deep Hole
06/21/2017,Steven Nyquist,Citizen Lake Monitoring - Water Quality - Lower Vermillion Lake - Deep Hole
07/14/2017,Steven Nyquist,Citizen Lake Monitoring - Water Quality - Lower Vermillion Lake - Deep Hole
07/26/2017,Steven Nyquist,Citizen Lake Monitoring - Water Quality - Lower Vermillion Lake - Deep Hole
07/28/2017,Steven Nyquist,Citizen Lake Monitoring - Water Quality - Lower Vermillion Lake - Deep Hole
08/15/2017,Steven Nyquist,Citizen Lake Monitoring - Water Quality - Lower Vermillion Lake - Deep Hole
09/11/2017,Steven Nyquist,Citizen Lake Monitoring - Water Quality - Lower Vermillion Lake - Deep Hole
