Lake Water Quality Report - 1950 to 2017


Lake Name,County Name,Waterbody ID(WBIC),Region Code,County Code,Station Name,Station ID,Geo Region,Lake Type
Buffalo Lake,Marquette,168000,NE,39,,10014660,CE,DRAINAGE



Group Seq No, Start Date, Secchi (Feet),Secchi Hit Bottom?,Secchi (Meters),Chlorophyll(ug/l),Total Phosphorus(ug/l),Secchi TSI,Total Phosphorus TSI,Chlorophyll TSI,Lake Level,Staff Gauge,Appearance,Color,Perception
18136835,07/17/2007,2,NO,0.6,,,67,,,LOW,,CLEAR,BROWN,3-Enjoyment somewhat impaired (algae)
18136835,09/03/2007,3.5,NO,1.1,,,59,,,NORMAL,,CLEAR,BROWN,4-Would not swim but boating OK (algae)
130839546,06/15/2015,3.5,N,1.1,3.43,116,59,65,44,,,,,
16073539,07/21/2015,5.2,N,1.6,7.88,124,53,65,50,,,,,
34972236,08/17/2015,4.7,N,1.4,14,92.9,55,63,55,,,,,
34972236,10/14/2015,5.5,N,1.7,2.25,35,53,56,41,,,,,
34972236,02/17/2016,6.1,YES,1.9,,37.3,51,56,,,,,,



Start Date,Depth,Depth Units,Temperature,Temperature Units,Dissolved Oxygen,Dissolved Oxygen Units
09/03/2007,2,FEET,75,DEGREES F,,
06/15/2015,,,21.9,C,6.8,MG/L
07/21/2015,,,26.9,C,7.6,MG/L
08/17/2015,,,27.7,C,7.2,MG/L
10/14/2015,,,12.4,C,9.4,MG/L
02/17/2016,,,0.5,C,7.5,MG/L



Start Date,Fieldwork Comment
07/17/2007,overcast
09/03/2007,Sunny  Air Temp 74 degrees  Ph of 7.1




Start Date,Group Name,Project Name
07/17/2007,Al Rosenthal,Citizen Lake Monitoring - Water Quality - Buffalo Lake- Marquette County
09/03/2007,Al Rosenthal,Citizen Lake Monitoring - Water Quality - Buffalo Lake- Marquette County
06/15/2015,Steve Fosheim,BUFFALO LAKE PROTECTION + REHAB DISTRICT: Buffalo Lake Mgmt Plan Update
07/21/2015,Tim Hoyman - Onterra- LLC,BUFFALO LAKE PROTECTION + REHAB DISTRICT: Buffalo Lake Mgmt Plan Update
08/17/2015,Todd Hanke - Onterra- LLC,BUFFALO LAKE PROTECTION + REHAB DISTRICT: Buffalo Lake Mgmt Plan Update
10/14/2015,Todd Hanke - Onterra- LLC,BUFFALO LAKE PROTECTION + REHAB DISTRICT: Buffalo Lake Mgmt Plan Update
02/17/2016,Todd Hanke - Onterra- LLC,BUFFALO LAKE PROTECTION + REHAB DISTRICT: Buffalo Lake Mgmt Plan Update
