Lake Water Quality Report - 1950 to 2017


Lake Name,County Name,Waterbody ID(WBIC),Region Code,County Code,Station Name,Station ID,Geo Region,Lake Type
Oak Lake,Burnett,2486600,NO,7,,073139,NW,SEEPAGE



Group Seq No, Start Date, Secchi (Feet),Secchi Hit Bottom?,Secchi (Meters),Chlorophyll(ug/l),Total Phosphorus(ug/l),Secchi TSI,Total Phosphorus TSI,Chlorophyll TSI,Lake Level,Staff Gauge,Appearance,Color,Perception
8191214,10/29/2004,14,NO,4.3,,,39,,,HIGH,,CLEAR,GREEN,1-Beautiful, could not be nicer
8191214,05/20/2005,12,NO,3.6,,,41,,,HIGH,,CLEAR,GREEN,1-Beautiful, could not be nicer
8191214,06/15/2005,11,NO,3.3,,,43,,,HIGH,,CLEAR,GREEN,1-Beautiful, could not be nicer
8191214,07/06/2005,9,NO,2.7,,,45,,,LOW,,CLEAR,GREEN,1-Beautiful, could not be nicer
8191214,07/29/2005,8,NO,2.4,,,47,,,HIGH,,CLEAR,BROWN,1-Beautiful, could not be nicer
8191214,08/16/2005,9,NO,2.7,,,45,,,NORMAL,,CLEAR,GREEN,1-Beautiful, could not be nicer
8191214,09/10/2005,9.5,NO,2.9,,,45,,,NORMAL,,CLEAR,GREEN,1-Beautiful, could not be nicer
8191214,10/08/2005,10,NO,3,,,44,,,NORMAL,,CLEAR,BROWN,1-Beautiful, could not be nicer
8191214,05/31/2006,9.5,NO,2.9,,,45,,,NORMAL,,CLEAR,GREEN,
8191214,06/28/2006,9,NO,2.7,,,45,,,NORMAL,,CLEAR,GREEN,
8191214,07/25/2006,8.5,NO,2.6,,,46,,,LOW,,MURKY,BROWN,
8191214,08/30/2006,8,NO,2.4,,,47,,,LOW,,MURKY,GREEN,
8191214,09/15/2006,9,NO,2.7,,,45,,,LOW,,MURKY,GREEN,
8191214,10/08/2006,9,NO,2.7,,,45,,,LOW,,CLEAR,BROWN,
8191214,05/30/2007,11,NO,3.3,,,43,,,LOW,,CLEAR,GREEN,
8191214,06/26/2007,11,NO,3.3,,,43,,,LOW,,CLEAR,GREEN,
8191214,07/15/2007,10.5,NO,3.2,,,43,,,LOW,,CLEAR,GREEN,
8191214,07/29/2007,10.5,NO,3.2,,,43,,,LOW,,CLEAR,GREEN,
8191214,08/27/2007,9.5,NO,2.9,,,45,,,LOW,,CLEAR,GREEN,
8191214,09/15/2007,9.5,NO,2.9,,,45,,,LOW,,CLEAR,GREEN,
8191214,06/04/2008,11.5,NO,3.5,,,42,,,LOW,,CLEAR,GREEN,
8191214,07/19/2008,10.5,NO,3.2,,,43,,,LOW,,CLEAR,GREEN,
8191214,08/26/2008,10.5,NO,3.2,,,43,,,LOW,,CLEAR,GREEN,
8191214,09/19/2008,13.5,NO,4.1,,,40,,,LOW,,CLEAR,GREEN,
8191214,10/11/2008,13.5,NO,4.1,,,40,,,LOW,,CLEAR,GREEN,
8191214,06/14/2009,11.5,NO,3.5,,,42,,,LOW,,CLEAR,GREEN,
8191214,07/19/2009,10,NO,3,,,44,,,LOW,,CLEAR,GREEN,
8191214,08/11/2009,9.5,NO,2.9,,,45,,,LOW,,CLEAR,GREEN,
8191214,09/04/2009,10.25,NO,3.1,,,44,,,LOW,,CLEAR,GREEN,
8191214,05/15/2010,17,YES,5.2,,,36,,,LOW,,CLEAR,GREEN,
8191214,06/17/2010,12.5,NO,3.8,,,41,,,LOW,,CLEAR,GREEN,
8191214,07/19/2010,11,NO,3.3,,,43,,,LOW,,CLEAR,GREEN,
8191214,08/30/2010,10.5,NO,3.2,,,43,,,LOW,,CLEAR,GREEN,
8191214,09/20/2010,9,NO,2.7,,,45,,,LOW,,CLEAR,GREEN,
8191214,06/12/2011,10,NO,3,,,44,,,NORMAL,,CLEAR,GREEN,
8191214,07/09/2011,9,NO,2.7,,,45,,,NORMAL,,CLEAR,GREEN,
8191214,08/19/2011,7,NO,2.1,,,49,,,NORMAL,,CLEAR,BROWN,
8191214,10/09/2011,12,NO,3.6,,,41,,,NORMAL,,,GREEN,
8191214,06/16/2012,9,NO,2.7,,,45,,,NORMAL,,CLEAR,BROWN,2-Very minor aesthetic problems
8191214,07/15/2012,8,NO,2.4,,,47,,,NORMAL,,CLEAR,BROWN,2-Very minor aesthetic problems
8191214,07/31/2012,7,NO,2.1,,,49,,,NORMAL,,CLEAR,BROWN,2-Very minor aesthetic problems
8191214,08/30/2012,8.5,NO,2.6,,,46,,,NORMAL,,CLEAR,BROWN,2-Very minor aesthetic problems
8191214,09/14/2012,8,NO,2.4,,,47,,,LOW,,CLEAR,GREEN,2-Very minor aesthetic problems
8191214,04/28/2013,9,NO,2.7,,,45,,,,35.5,MURKY,BLUE,2-Very minor aesthetic problems
8191214,06/18/2013,15,NO,4.6,,,38,,,LOW,,CLEAR,GREEN,2-Very minor aesthetic problems
8191214,06/25/2013,15,NO,4.6,,,38,,,,36,MURKY,BLUE,2-Very minor aesthetic problems
8191214,07/28/2013,9.5,NO,2.9,,,45,,,,32.5,MURKY,BLUE,2-Very minor aesthetic problems
8191214,08/04/2013,10,NO,3,,,44,,,LOW,,CLEAR,GREEN,2-Very minor aesthetic problems
8191214,08/25/2013,9.5,NO,2.9,,,45,,,,31.75,MURKY,GREEN,2-Very minor aesthetic problems
8191214,09/07/2013,11,NO,3.3,,,43,,,LOW,,CLEAR,GREEN,2-Very minor aesthetic problems
8191214,10/10/2013,14,NO,4.3,,,39,,,LOW,,CLEAR,GREEN,2-Very minor aesthetic problems
8191214,07/12/2014,7.5,NO,2.3,,,48,,,HIGH,,CLEAR,GREEN,2-Very minor aesthetic problems
8191214,08/06/2014,9,NO,2.7,,,45,,,HIGH,,CLEAR,GREEN,1-Beautiful, could not be nicer
8191214,09/16/2014,10.5,NO,3.2,,,43,,,HIGH,,CLEAR,GREEN,2-Very minor aesthetic problems
8191214,05/02/2015,13,NO,4,,,40,,,HIGH,,CLEAR,GREEN,2-Very minor aesthetic problems
8191214,06/13/2015,13,NO,4,,,40,,,HIGH,,CLEAR,GREEN,2-Very minor aesthetic problems
8191214,08/10/2015,8,NO,2.4,,,47,,,HIGH,,CLEAR,GREEN,2-Very minor aesthetic problems
8191214,09/12/2015,8,NO,2.4,,,47,,,HIGH,,CLEAR,GREEN,2-Very minor aesthetic problems
8191214,07/16/2016,7,NO,2.1,,,49,,,HIGH,,CLEAR,BROWN,
8191214,08/07/2016,8,NO,2.4,,,47,,,HIGH,,CLEAR,BROWN,
8191214,09/14/2016,6,NO,1.8,,,51,,,HIGH,,MURKY,BROWN,
8191214,06/16/2017,8,NO,2.4,,,47,,,HIGH,,CLEAR,BROWN,
8191214,07/30/2017,9,NO,2.7,,,45,,,HIGH,,CLEAR,BROWN,
8191214,09/02/2017,8.5,NO,2.6,,,46,,,HIGH,,CLEAR,BROWN,



Start Date,Depth,Depth Units,Temperature,Temperature Units,Dissolved Oxygen,Dissolved Oxygen Units
04/28/2013,0,FEET,55.2,DEGREES F,11.48,MG/L
04/28/2013,5,FEET,52.7,DEGREES F,11.95,MG/L
04/28/2013,6,FEET,48.5,DEGREES F,11.66,MG/L
04/28/2013,15,FEET,47.5,DEGREES F,11.62,MG/L
04/28/2013,20,FEET,46.9,DEGREES F,11.59,MG/L
04/28/2013,25,FEET,46.7,DEGREES F,11.52,MG/L
04/28/2013,30,FEET,46.5,DEGREES F,11.41,MG/L
04/28/2013,35,FEET,46.4,DEGREES F,11.37,MG/L
04/28/2013,40,FEET,45.9,DEGREES F,.24,MG/L
04/28/2013,45,FEET,45.9,DEGREES F,.2,MG/L
06/25/2013,0,FEET,78.7,DEGREES F,8.65,MG/L
06/25/2013,5,FEET,76.6,DEGREES F,8.89,MG/L
06/25/2013,10,FEET,75.9,DEGREES F,8.55,MG/L
06/25/2013,15,FEET,70.1,DEGREES F,6.91,MG/L
06/25/2013,20,FEET,61.5,DEGREES F,8.24,MG/L
06/25/2013,25,FEET,55.9,DEGREES F,7.96,MG/L
06/25/2013,30,FEET,52.3,DEGREES F,6.78,MG/L
06/25/2013,35,FEET,50.1,DEGREES F,5.89,MG/L
06/25/2013,40,FEET,48.1,DEGREES F,2.1,MG/L
06/25/2013,45,FEET,48,DEGREES F,1.41,MG/L
07/28/2013,0,FEET,72.6,DEGREES F,8.13,MG/L
07/28/2013,5,FEET,72.8,DEGREES F,8.05,MG/L
07/28/2013,10,FEET,72.9,DEGREES F,7.99,MG/L
07/28/2013,15,FEET,72.9,DEGREES F,7.92,MG/L
07/28/2013,20,FEET,41.1,DEGREES F,4.55,MG/L
07/28/2013,25,FEET,56.8,DEGREES F,2.52,MG/L
07/28/2013,30,FEET,53,DEGREES F,1.86,MG/L
07/28/2013,35,FEET,50.3,DEGREES F,.66,MG/L
07/28/2013,40,FEET,48.5,DEGREES F,.12,MG/L
08/25/2013,0,FEET,78.3,DEGREES F,9.37,MG/L
08/25/2013,5,FEET,77.1,DEGREES F,9.52,MG/L
08/25/2013,10,FEET,76.6,DEGREES F,9.44,MG/L
08/25/2013,15,FEET,74.1,DEGREES F,4.88,MG/L
08/25/2013,20,FEET,67,DEGREES F,.18,MG/L
08/25/2013,25,FEET,59.2,DEGREES F,.1,MG/L
08/25/2013,30,FEET,55.3,DEGREES F,.07,MG/L
08/25/2013,35,FEET,51.8,DEGREES F,.05,MG/L
08/25/2013,40,FEET,50.4,DEGREES F,.04,MG/L



Start Date,Fieldwork Comment
10/29/2004,Foggy- 58 F- no boats.    
05/20/2005,partly cloudy- 70F- ice off- ducks- geese- loons    
06/15/2005,partly cloudy- 72F- weekend boat traffic- getting some floating weeds    
07/06/2005,mostly sunny- 75F- calm- blue herons- 3 loons- lake stirred up from boats over weekend.    
07/29/2005,sunny- 75F- not as much boat traffic as before- no young loons this year!!    
08/16/2005,sunny- lake is quiet- no rain since 6-28- shoreline is going down has dropped about 2.5 ft    
09/10/2005,sunny 87F- no boats- warm ofr this time of year- windy- lake has dropped about 1.5 ft.    
10/08/2005,sunny- 55F- no boats- still hear loons- not to much color in trees- just had 8" rain.    
05/31/2006,sunny day maybe the clarity wasn't here today due to the boats this weekend
06/28/2006,Partly cloudy- slight wind- lake seems to be dirtier this year.
07/25/2006,partly cloudy- slight wind- no rain since 6-18-06- been 90F for 2 weeks
08/30/2006,nto much boat traffic- fish haven't been bitting all summer- lake not very clear
09/15/2006,sunny- 80F- no boat traffic for 2 weeks- fish are bitting better but not real good
10/08/2006,sunny- 70F- windy- most boats are off of lake- most dock are out- loons gone last test of year.
05/30/2007,80 F- Overcast and breezy.  Lake is smooth - just a few ripples.  Since April 1st- lake has gone down about 5". 
06/26/2007,Partly cloudy- hot- 92 F.  Breezy.  Lake still going down.  Green algae in water.
07/15/2007,Partly cloudy- 75 F.  Slight wind.  Lake level still going down.  Green algae in water.
07/29/2007,Sunny- 80 F.  No rain.  Lake still going down.  Been very hot.
08/27/2007,Partly cloudy- 75 F.  Still no rain.  Lake very low.
09/15/2007,Partly cloudy- 70 F.  Lake still low.
06/04/2008,Cloudy 60F drizzle. Calm. Cloudy 60F drizzle. Calm. Pair of loons nesting
07/19/2008,Partly cloudy 75F- slight breeze. 1 loon hatched.
08/26/2008,Sunny 77F. Breezy. Lake getting lower- not much rain lately.
09/19/2008,Sunny 73F Very little wind. Not much boat traffic. Loon still here.
10/11/2008,Sunny- light wind. Lake still low. Last reading of the year.
06/14/2009,Sunny and calm. Warm - 70 degrees. Lake very low. Not much rain this spring.
07/19/2009,Calm and clear. Not much baot traffic. Loons had no offspring this year.
08/11/2009,Calm- 82 degrees. Still not much rain.
09/04/2009,Sunny and calm. 75 degrees. Beaver building new hut on southwest part of lake.
05/15/2010,70 degrees. Calm- Lake very low
06/17/2010,75 degrees. Calm and cloudy.
07/19/2010,82 degrees. Calm and sunny.
08/30/2010,83 degrees. Calm and sunny.
09/20/2010,60 degrees. Calm and cloudy.
06/12/2011,75 degrees- partly cloudy
07/09/2011,80 degrees- partly cloudy- just had a big storm
08/19/2011,78 degrees- partly cloudy- lake level is up from last year - very warm summer
10/09/2011,75 degrees- sunny- calm
06/16/2012,partly cloudy- 75 degrees
07/15/2012,cloudy- 86 degrees- very hot lately- no wind
07/31/2012,clear- 85 degrees- lots of floating weeds
08/30/2012,partly cloudy- 81 degrees
09/14/2012,sunny- calm- 75 degrees- floating weeds gone- lake level getting low
04/28/2013,Ice off 4/11/13
06/18/2013,Calm- clear- 72 f
08/04/2013,Calm- partly cloudy- 74 f
09/07/2013,Calm- mostly sunny- 75 f
10/10/2013,Mostly sunny- 71 f- a little breeze
07/12/2014,cloudy; 73F; calm; lots of rain
08/06/2014,calm; sunny; 80F; nor rain for awhile
09/16/2014,sunny; 70F; calm; no boat traffic for awhile; lots of rain
05/02/2015,Sunny and Clear- 72F
06/13/2015,Cloudy- 70F- Loons have 2 chicks
08/10/2015,Cloudy- 80F
09/12/2015,Mostly sunny- 70F- water seems to be getting greener
07/16/2016,9" of rain two days ago- lake high- not very clear 9" of rain two days ago- lake high- not very clear. Sunny 80 deg
08/07/2016,Partly cloudy 81 deg. Floating weeds- has been hot and humid
09/14/2016,Lake still very high
06/16/2017,Lots of rain. Lake level very high.
07/30/2017,Sunny. 78 degrees. Floating weeds. Two loons.
09/02/2017,Cloudy. 68 degrees. No wind.  Loons still here- swan on the lake this AM.




Start Date,Group Name,Project Name
10/29/2004,Jim Dehn,Citizen Lake Monitoring - Water Quality - Oak Lake; Deep Hole
05/20/2005,Jim Dehn,Citizen Lake Monitoring - Water Quality - Oak Lake; Deep Hole
06/15/2005,Jim Dehn,Citizen Lake Monitoring - Water Quality - Oak Lake; Deep Hole
07/06/2005,Jim Dehn,Citizen Lake Monitoring - Water Quality - Oak Lake; Deep Hole
07/29/2005,Jim Dehn,Citizen Lake Monitoring - Water Quality - Oak Lake; Deep Hole
08/16/2005,Jim Dehn,Citizen Lake Monitoring - Water Quality - Oak Lake; Deep Hole
09/10/2005,Jim Dehn,Citizen Lake Monitoring - Water Quality - Oak Lake; Deep Hole
10/08/2005,Jim Dehn,Citizen Lake Monitoring - Water Quality - Oak Lake; Deep Hole
05/31/2006,Jim Dehn,Citizen Lake Monitoring - Water Quality - Oak Lake; Deep Hole
06/28/2006,Jim Dehn,Citizen Lake Monitoring - Water Quality - Oak Lake; Deep Hole
07/25/2006,Jim Dehn,Citizen Lake Monitoring - Water Quality - Oak Lake; Deep Hole
08/30/2006,Jim Dehn,Citizen Lake Monitoring - Water Quality - Oak Lake; Deep Hole
09/15/2006,Jim Dehn,Citizen Lake Monitoring - Water Quality - Oak Lake; Deep Hole
10/08/2006,Jim Dehn,Citizen Lake Monitoring - Water Quality - Oak Lake; Deep Hole
05/30/2007,Jim Dehn,Citizen Lake Monitoring - Water Quality - Oak Lake; Deep Hole
06/26/2007,Jim Dehn,Citizen Lake Monitoring - Water Quality - Oak Lake; Deep Hole
07/15/2007,Jim Dehn,Citizen Lake Monitoring - Water Quality - Oak Lake; Deep Hole
07/29/2007,Jim Dehn,Citizen Lake Monitoring - Water Quality - Oak Lake; Deep Hole
08/27/2007,Jim Dehn,Citizen Lake Monitoring - Water Quality - Oak Lake; Deep Hole
09/15/2007,Jim Dehn,Citizen Lake Monitoring - Water Quality - Oak Lake; Deep Hole
06/04/2008,Jim Dehn,Citizen Lake Monitoring - Water Quality - Oak Lake; Deep Hole
07/19/2008,Jim Dehn,Citizen Lake Monitoring - Water Quality - Oak Lake; Deep Hole
08/26/2008,Jim Dehn,Citizen Lake Monitoring - Water Quality - Oak Lake; Deep Hole
09/19/2008,Jim Dehn,Citizen Lake Monitoring - Water Quality - Oak Lake; Deep Hole
10/11/2008,Jim Dehn,Citizen Lake Monitoring - Water Quality - Oak Lake; Deep Hole
06/14/2009,Jim Dehn,Citizen Lake Monitoring - Water Quality - Oak Lake; Deep Hole
07/19/2009,Jim Dehn,Citizen Lake Monitoring - Water Quality - Oak Lake; Deep Hole
08/11/2009,Jim Dehn,Citizen Lake Monitoring - Water Quality - Oak Lake; Deep Hole
09/04/2009,Jim Dehn,Citizen Lake Monitoring - Water Quality - Oak Lake; Deep Hole
05/15/2010,Jim Dehn,Citizen Lake Monitoring - Water Quality - Oak Lake; Deep Hole
06/17/2010,Jim Dehn,Citizen Lake Monitoring - Water Quality - Oak Lake; Deep Hole
07/19/2010,Jim Dehn,Citizen Lake Monitoring - Water Quality - Oak Lake; Deep Hole
08/30/2010,Jim Dehn,Citizen Lake Monitoring - Water Quality - Oak Lake; Deep Hole
09/20/2010,Jim Dehn,Citizen Lake Monitoring - Water Quality - Oak Lake; Deep Hole
06/12/2011,Jim Dehn,Citizen Lake Monitoring - Water Quality - Oak Lake; Deep Hole
07/09/2011,Jim Dehn,Citizen Lake Monitoring - Water Quality - Oak Lake; Deep Hole
08/19/2011,Jim Dehn,Citizen Lake Monitoring - Water Quality - Oak Lake; Deep Hole
10/09/2011,Jim Dehn,Citizen Lake Monitoring - Water Quality - Oak Lake; Deep Hole
06/16/2012,Jim Dehn,Citizen Lake Monitoring - Water Quality - Oak Lake; Deep Hole
07/15/2012,Jim Dehn,Citizen Lake Monitoring - Water Quality - Oak Lake; Deep Hole
07/31/2012,Jim Dehn,Citizen Lake Monitoring - Water Quality - Oak Lake; Deep Hole
08/30/2012,Jim Dehn,Citizen Lake Monitoring - Water Quality - Oak Lake; Deep Hole
09/14/2012,Jim Dehn,Citizen Lake Monitoring - Water Quality - Oak Lake; Deep Hole
04/28/2013,Jim Dehn,Citizen Lake Monitoring - Water Quality - Oak Lake; Deep Hole
06/18/2013,Jim Dehn,Citizen Lake Monitoring - Water Quality - Oak Lake; Deep Hole
06/25/2013,Jim Dehn,Citizen Lake Monitoring - Water Quality - Oak Lake; Deep Hole
07/28/2013,Jim Dehn,Citizen Lake Monitoring - Water Quality - Oak Lake; Deep Hole
08/04/2013,Jim Dehn,Citizen Lake Monitoring - Water Quality - Oak Lake; Deep Hole
08/25/2013,Jim Dehn,Citizen Lake Monitoring - Water Quality - Oak Lake; Deep Hole
09/07/2013,Jim Dehn,Citizen Lake Monitoring - Water Quality - Oak Lake; Deep Hole
10/10/2013,Jim Dehn,Citizen Lake Monitoring - Water Quality - Oak Lake; Deep Hole
07/12/2014,Jim Dehn,Citizen Lake Monitoring - Water Quality - Oak Lake; Deep Hole
08/06/2014,Jim Dehn,Citizen Lake Monitoring - Water Quality - Oak Lake; Deep Hole
09/16/2014,Jim Dehn,Citizen Lake Monitoring - Water Quality - Oak Lake; Deep Hole
05/02/2015,Jim Dehn,Citizen Lake Monitoring - Water Quality - Oak Lake; Deep Hole
06/13/2015,Jim Dehn,Citizen Lake Monitoring - Water Quality - Oak Lake; Deep Hole
08/10/2015,Jim Dehn,Citizen Lake Monitoring - Water Quality - Oak Lake; Deep Hole
09/12/2015,Jim Dehn,Citizen Lake Monitoring - Water Quality - Oak Lake; Deep Hole
07/16/2016,Jim Dehn,Citizen Lake Monitoring - Water Quality - Oak Lake; Deep Hole
08/07/2016,Jim Dehn,Citizen Lake Monitoring - Water Quality - Oak Lake; Deep Hole
09/14/2016,Jim Dehn,Citizen Lake Monitoring - Water Quality - Oak Lake; Deep Hole
06/16/2017,Jim Dehn,Citizen Lake Monitoring - Water Quality - Oak Lake; Deep Hole
07/30/2017,Jim Dehn,Citizen Lake Monitoring - Water Quality - Oak Lake; Deep Hole
09/02/2017,Jim Dehn,Citizen Lake Monitoring - Water Quality - Oak Lake; Deep Hole
