Lake Water Quality Report - 1950 to 2017


Lake Name,County Name,Waterbody ID(WBIC),Region Code,County Code,Station Name,Station ID,Geo Region,Lake Type
Hart Lake,Bayfield,2903200,NO,4,,043079,NW,SEEPAGE



Group Seq No, Start Date, Secchi (Feet),Secchi Hit Bottom?,Secchi (Meters),Chlorophyll(ug/l),Total Phosphorus(ug/l),Secchi TSI,Total Phosphorus TSI,Chlorophyll TSI,Lake Level,Staff Gauge,Appearance,Color,Perception
1,07/31/1991,20.3,,6.2,1,4,34,39,35,,,,,
8190486,07/20/1993,19,NO,5.8,,,35,,,,,CLEAR,BLUE,1-Beautiful, could not be nicer
8190486,08/16/1993,19,NO,5.8,,,35,,,,,CLEAR,BLUE,1-Beautiful, could not be nicer
8190486,09/18/1993,19.5,NO,5.9,,,34,,,,,CLEAR,BLUE,1-Beautiful, could not be nicer
8190486,10/20/1993,19,NO,5.8,,,35,,,,,CLEAR,BLUE,1-Beautiful, could not be nicer
1,05/28/1997,25.6,,7.8,,45,30,58,,,,,,
1,08/07/1997,30.2,,9.2,,8,28,44,,,,,,
8188492,10/04/2003,19.5,NO,5.9,,,34,,,LOW,,CLEAR,BLUE,2-Very minor aesthetic problems
8188492,06/30/2004,18,NO,5.5,,,35,,,HIGH,,CLEAR,BLUE,2-Very minor aesthetic problems
8188492,07/11/2004,20,NO,6.1,,,34,,,HIGH,,CLEAR,BLUE,2-Very minor aesthetic problems
8188492,07/19/2004,22,NO,6.7,,,33,,,HIGH,,CLEAR,BLUE,2-Very minor aesthetic problems
8188492,07/28/2004,20,NO,6.1,,,34,,,NORMAL,,CLEAR,BLUE,2-Very minor aesthetic problems
8188492,08/03/2004,22,NO,6.7,,,33,,,NORMAL,,CLEAR,BLUE,2-Very minor aesthetic problems
8188492,08/29/2004,19.75,NO,6,,,34,,,HIGH,,CLEAR,BLUE,2-Very minor aesthetic problems
8188492,09/23/2004,18.5,NO,5.6,,,35,,,NORMAL,,CLEAR,BLUE,2-Very minor aesthetic problems
18639535,04/25/2007,24.6,NO,7.5,0.77,11,31,47,33,,,,,
16073539,06/25/2007,21.1,NO,6.4,0.62,5,33,41,31,,,,,
21928803,07/24/2007,21.3,NO,6.5,0.55,9,33,45,30,,,,,
21928796,08/28/2007,15.7,NO,4.8,1.84,9,37,45,39,,,,,
18069694,11/08/2007,20.2,NO,6.1,1.03,13,34,48,35,,,,,
16073539,02/21/2008,18.9,NO,5.7,,6,35,42,,,,,,
31966415,06/14/2009,25.5,NO,7.8,,,30,,,NORMAL,,CLEAR,GREEN,1-Beautiful, could not be nicer
31966415,07/13/2009,22.5,NO,6.8,,,32,,,NORMAL,,CLEAR,GREEN,1-Beautiful, could not be nicer
31966415,07/26/2009,25.5,NO,7.8,,,30,,,,,CLEAR,GREEN,1-Beautiful, could not be nicer
31966415,08/05/2009,22,NO,6.7,,,33,,,,,CLEAR,GREEN,1-Beautiful, could not be nicer
31966415,08/13/2009,22.5,NO,6.8,,,32,,,,,CLEAR,GREEN,1-Beautiful, could not be nicer
31966415,08/24/2009,21.5,NO,6.5,,,33,,,,,CLEAR,GREEN,1-Beautiful, could not be nicer
31966415,09/07/2009,24.5,NO,7.4,,,31,,,,,CLEAR,GREEN,1-Beautiful, could not be nicer
31966415,09/23/2009,21.5,NO,6.5,,,33,,,,,CLEAR,GREEN,1-Beautiful, could not be nicer
10588914,08/15/2010,,,,,,,,,,,,,
29569580,08/05/2014,30,YES,9.1,,,28,,,HIGH,,CLEAR,BLUE,1-Beautiful, could not be nicer
29569580,08/06/2014,, ,,,,,,,,,,,
29569580,08/20/2014,30,YES,9.1,,,28,,,HIGH,,CLEAR,GREEN,1-Beautiful, could not be nicer
29569580,09/09/2014,30,NO,9.1,,,28,,,NORMAL,,CLEAR,GREEN,1-Beautiful, could not be nicer
29569580,09/24/2014,30,NO,9.1,,,28,,,NORMAL,20,CLEAR,GREEN,1-Beautiful, could not be nicer
1,06/07/2017,,,,,,,,,,,,,
1,06/09/2017,,,,,,,,,,,,,
1,06/11/2017,,,,,,,,,,,,,
1,06/13/2017,,,,,,,,,,,,,
1,06/20/2017,,,,,,,,,,,,,
1,06/27/2017,,,,,,,,,,,,,
1,07/05/2017,,,,,,,,,,,,,
1,07/11/2017,,,,,,,,,,,,,



Start Date,Depth,Depth Units,Temperature,Temperature Units,Dissolved Oxygen,Dissolved Oxygen Units
07/31/1991,,,21.0,C,0.8,MG/L
05/28/1997,,,11.8,C,10.6,MG/L
08/07/1997,,,24.2,C,8.3,MG/L
04/25/2007,,,6.1,C,10.8,MG/L
06/25/2007,,,23.4,C,3.3,MG/L
07/24/2007,,,23.7,C,0.5,MG/L
08/28/2007,,,10.6,C,0.2,MG/L
11/08/2007,,,7.8,C,10.1,MG/L
08/15/2010,0,METERS,24.9,DEGREES C,8,MG/L
08/15/2010,1,METERS,24.9,DEGREES C,8.1,MG/L
08/15/2010,2,METERS,24.9,DEGREES C,8.1,MG/L
08/15/2010,3,METERS,24.9,DEGREES C,8.1,MG/L
08/15/2010,4,METERS,24.9,DEGREES C,7.9,MG/L
08/15/2010,5,METERS,24.9,DEGREES C,8.1,MG/L
08/15/2010,6,METERS,24.5,DEGREES C,7.9,MG/L
08/15/2010,7,METERS,22.4,DEGREES C,8.2,MG/L
08/15/2010,8,METERS,18.2,DEGREES C,8.5,MG/L
08/15/2010,9,METERS,15.8,DEGREES C,6.5,MG/L
08/15/2010,10,METERS,14,DEGREES C,3.1,MG/L
08/15/2010,11,METERS,13.5,DEGREES C,.3,MG/L
08/15/2010,12,METERS,12.9,DEGREES C,.11,MG/L
08/15/2010,13,METERS,12,DEGREES C,.04,MG/L
08/15/2010,14,METERS,11.3,DEGREES C,.03,MG/L
08/15/2010,15,METERS,11,DEGREES C,.03,MG/L
06/07/2017,,,10.1,C,,
06/09/2017,,,10.7,C,,
06/11/2017,,,10.5,C,,
06/13/2017,,,10.6,C,,
06/20/2017,,,11.0,C,,
06/27/2017,,,11.0,C,,
07/05/2017,,,11.5,C,,
07/11/2017,,,11.6,C,,



Start Date,Fieldwork Comment
07/31/1991,IF TP  more than  0.2 RUN AT HIGH LEVEL    
07/20/1993,3 loons on lake- sunshine.    
08/16/1993,Partly cloudy.    
09/18/1993,Clear.    
10/20/1993,Overcast and cool- slight breeze.    
10/04/2003,Partly cloudy- small chop    
06/30/2004,Partly cloudy- small chop.  No weeds observed.    
07/11/2004,Partly cloudy- calm    
07/19/2004,Partly cloudy- calm    
07/28/2004,Partly sunny- small chop    
08/03/2004,Cloudy    
08/29/2004,Overcast    
09/23/2004,Clear    
08/05/2009,Partly cloudy and a nice chop on the lake.
08/13/2009,Sunny.....no clouds
08/24/2009,Sunny.....no clouds
09/23/2009,Sunny and a little chop on the water
08/15/2010,data collected at 46.52023 - 91.36155
08/05/2014,Party sunny/cloudy- mild. Bald Eagle activity continues in current nest located just off "deep hole" in small bay. Two large juveniles occupy nest. Adults hunting nearby. Pair of loons in bay today coming near my pontoon. Beautiful! Have noticed loons show virtually no fear of boats especially last two summers. Several loons occupy Hart Lake. 
08/06/2014,1 of 2 juvenile bald eagles out of nest- and perched on  branch of 1st tree just east of nest tree. It is perched approx. 10-15 feet below nest height on small branch. No adults in area at this time. 
08/20/2014,Group of 5 adult loons in close proximity fishing together just out past my dock. Also- group of 3 otters fishing just off my dock.

Humid- overcast- 60's.
09/09/2014,Several adult loons present on Hart Lake- no chicks sighted. Bald Eagle nest still occupied by 2 juveniles occasionally- as they are now both flying on their own with parents in close proximity.

Partly sunny + mild today- low 70's.
09/24/2014,Mild- low 70's- partly sunny. Two juvenile loons- and one immature bald eagle spotted today. Eagle was perched at nest site. No adults in sight at this time.




Start Date,Group Name,Project Name
07/31/1991,Data Collectors,LAKE EVALUATION
07/20/1993,Frank Patrick,Citizen Lake Monitoring - Water Quality - Hart Lake (T47N R08W S27); Deep Hole
08/16/1993,Frank Patrick,Citizen Lake Monitoring - Water Quality - Hart Lake (T47N R08W S27); Deep Hole
09/18/1993,Frank Patrick,Citizen Lake Monitoring - Water Quality - Hart Lake (T47N R08W S27); Deep Hole
10/20/1993,Frank Patrick,Citizen Lake Monitoring - Water Quality - Hart Lake (T47N R08W S27); Deep Hole
05/28/1997,Data Collectors,BASIC AGREEMENT 1988 (1895 fieldwork events)
08/07/1997,Data Collectors,BASIC AGREEMENT 1988 (1895 fieldwork events)
10/04/2003,Charles Olson,Citizen Lake Monitoring - Water Quality - Hart Lake (T47N R08W S27); Deep Hole
06/30/2004,Charles Olson,Citizen Lake Monitoring - Water Quality - Hart Lake (T47N R08W S27); Deep Hole
07/11/2004,Charles Olson,Citizen Lake Monitoring - Water Quality - Hart Lake (T47N R08W S27); Deep Hole
07/19/2004,Charles Olson,Citizen Lake Monitoring - Water Quality - Hart Lake (T47N R08W S27); Deep Hole
07/28/2004,Charles Olson,Citizen Lake Monitoring - Water Quality - Hart Lake (T47N R08W S27); Deep Hole
08/03/2004,Charles Olson,Citizen Lake Monitoring - Water Quality - Hart Lake (T47N R08W S27); Deep Hole
08/29/2004,Charles Olson,Citizen Lake Monitoring - Water Quality - Hart Lake (T47N R08W S27); Deep Hole
09/23/2004,Charles Olson,Citizen Lake Monitoring - Water Quality - Hart Lake (T47N R08W S27); Deep Hole
04/25/2007,Tim Hoyman and Eddie Heath - Onterra- LLC,IRON RIVER PIKE CHAIN OF LAKES ASSOCIATION: Pike Chain of Lakes-Management Planning Project-Hart Lake-#4
06/25/2007,Tim Hoyman - Onterra- LLC,IRON RIVER PIKE CHAIN OF LAKES ASSOCIATION: Pike Chain of Lakes-Management Planning Project-Hart Lake-#4
07/24/2007,Brenton Butterfield and Craig Stettner - Onterra- LLC,IRON RIVER PIKE CHAIN OF LAKES ASSOCIATION: Pike Chain of Lakes-Management Planning Project-Hart Lake-#4
08/28/2007,Brenton Butterfield - Onterra- LLC,IRON RIVER PIKE CHAIN OF LAKES ASSOCIATION: Pike Chain of Lakes-Management Planning Project-Hart Lake-#4
11/08/2007,Eddie Heath - Onterra- LLC,IRON RIVER PIKE CHAIN OF LAKES ASSOCIATION: Pike Chain of Lakes-Management Planning Project-Hart Lake-#4
02/21/2008,Tim Hoyman - Onterra- LLC,IRON RIVER PIKE CHAIN OF LAKES ASSOCIATION: Pike Chain of Lakes-Management Planning Project-Hart Lake-#4
06/14/2009,Josh Teigen,Citizen Lake Monitoring - Water Quality - Hart Lake (T47N R08W S27); Deep Hole
07/13/2009,Josh Teigen,Citizen Lake Monitoring - Water Quality - Hart Lake (T47N R08W S27); Deep Hole
07/26/2009,Josh Teigen,Citizen Lake Monitoring - Water Quality - Hart Lake (T47N R08W S27); Deep Hole
08/05/2009,Josh Teigen,Citizen Lake Monitoring - Water Quality - Hart Lake (T47N R08W S27); Deep Hole
08/13/2009,Josh Teigen,Citizen Lake Monitoring - Water Quality - Hart Lake (T47N R08W S27); Deep Hole
08/24/2009,Josh Teigen,Citizen Lake Monitoring - Water Quality - Hart Lake (T47N R08W S27); Deep Hole
09/07/2009,Josh Teigen,Citizen Lake Monitoring - Water Quality - Hart Lake (T47N R08W S27); Deep Hole
09/23/2009,Josh Teigen,Citizen Lake Monitoring - Water Quality - Hart Lake (T47N R08W S27); Deep Hole
08/15/2010,CORDELL MANZ,Lakes Long Term Trend Monitoring (1986-present)
08/05/2014,Rita Viager,Citizen Lake Monitoring - Water Quality - Hart Lake (T47N R08W S27); Deep Hole
08/06/2014,Rita Viager,Citizen Lake Monitoring - Water Quality - Hart Lake (T47N R08W S27); Deep Hole
08/20/2014,Rita Viager,Citizen Lake Monitoring - Water Quality - Hart Lake (T47N R08W S27); Deep Hole
09/09/2014,Rita Viager,Citizen Lake Monitoring - Water Quality - Hart Lake (T47N R08W S27); Deep Hole
09/24/2014,Rita Viager,Citizen Lake Monitoring - Water Quality - Hart Lake (T47N R08W S27); Deep Hole
06/07/2017,Data Collectors,Herbicide Concentration Monitoring
06/09/2017,Data Collectors,Herbicide Concentration Monitoring
06/11/2017,Data Collectors,Herbicide Concentration Monitoring
06/13/2017,Data Collectors,Herbicide Concentration Monitoring
06/20/2017,Data Collectors,Herbicide Concentration Monitoring
06/27/2017,Data Collectors,Herbicide Concentration Monitoring
07/05/2017,Data Collectors,Herbicide Concentration Monitoring
07/11/2017,Data Collectors,Herbicide Concentration Monitoring
