Lake Water Quality Report - 1950 to 2017


Lake Name,County Name,Waterbody ID(WBIC),Region Code,County Code,Station Name,Station ID,Geo Region,Lake Type
Buskey Bay,Bayfield,2903800,NO,4,,043071,NW,SEEPAGE



Group Seq No, Start Date, Secchi (Feet),Secchi Hit Bottom?,Secchi (Meters),Chlorophyll(ug/l),Total Phosphorus(ug/l),Secchi TSI,Total Phosphorus TSI,Chlorophyll TSI,Lake Level,Staff Gauge,Appearance,Color,Perception
1,08/11/2005,,,,,8,,44,,,,,,
1,06/11/2007,,,,,,,,,,,,,
1,06/07/2017,,,,,,,,,,,,,
1,06/09/2017,,,,,,,,,,,,,
1,06/11/2017,,,,,,,,,,,,,
1,06/13/2017,,,,,,,,,,,,,
1,06/20/2017,,,,,,,,,,,,,
1,06/27/2017,,,,,,,,,,,,,
1,07/05/2017,,,,,,,,,,,,,
1,07/11/2017,,,,,,,,,,,,,



Start Date,Depth,Depth Units,Temperature,Temperature Units,Dissolved Oxygen,Dissolved Oxygen Units
06/11/2007,,,21.7,C,,
06/07/2017,,,20.1,C,,
06/09/2017,,,21.7,C,,
06/11/2017,,,8.6,C,,
06/13/2017,,,21.9,C,,
06/20/2017,,,21.9,C,,
06/27/2017,,,20.4,C,,
07/05/2017,,,22.8,C,,
07/11/2017,,,24.2,C,,



Start Date,Fieldwork Comment




Start Date,Group Name,Project Name
08/11/2005,Data Collectors,Statewide Lakes Water Quality Measures 2005-2006
06/11/2007,Data Collectors,Herbicide Concentration Monitoring
06/07/2017,Data Collectors,Herbicide Concentration Monitoring
06/09/2017,Data Collectors,Herbicide Concentration Monitoring
06/11/2017,Data Collectors,Herbicide Concentration Monitoring
06/13/2017,Data Collectors,Herbicide Concentration Monitoring
06/20/2017,Data Collectors,Herbicide Concentration Monitoring
06/27/2017,Data Collectors,Herbicide Concentration Monitoring
07/05/2017,Data Collectors,Herbicide Concentration Monitoring
07/11/2017,Data Collectors,Herbicide Concentration Monitoring
