Lake Water Quality Report - 1950 to 2017


Lake Name,County Name,Waterbody ID(WBIC),Region Code,County Code,Station Name,Station ID,Geo Region,Lake Type
Little Tamarack Flowage,Vilas,1626200,NO,64,,10021413,NE,DRAINAGE



Group Seq No, Start Date, Secchi (Feet),Secchi Hit Bottom?,Secchi (Meters),Chlorophyll(ug/l),Total Phosphorus(ug/l),Secchi TSI,Total Phosphorus TSI,Chlorophyll TSI,Lake Level,Staff Gauge,Appearance,Color,Perception
19292971,09/12/2007,8.5,NO,2.6,,,46,,,LOW,,CLEAR,BROWN,
19292968,06/01/2008,8.5,NO,2.6,,,46,,,NORMAL,,CLEAR,BROWN,2-Very minor aesthetic problems
19292968,08/20/2008,8.5,NO,2.6,,,46,,,NORMAL,,CLEAR,BROWN,2-Very minor aesthetic problems
19292968,09/21/2008,8.5,NO,2.6,,,46,,,NORMAL,,CLEAR,BROWN,1-Beautiful, could not be nicer
19292968,06/20/2009,11,NO,3.3,,,43,,,NORMAL,,CLEAR,BROWN,1-Beautiful, could not be nicer
19292968,09/16/2009,9.5,NO,2.9,,,45,,,NORMAL,,CLEAR,BROWN,1-Beautiful, could not be nicer
19292968,06/06/2010,7.5,NO,2.3,,,48,,,,,,BROWN,1-Beautiful, could not be nicer
19292968,07/08/2010,7.5,NO,2.3,,,48,,,NORMAL,,CLEAR,BROWN,1-Beautiful, could not be nicer
19292968,09/18/2010,7.5,NO,2.3,,,48,,,NORMAL,,CLEAR,BROWN,1-Beautiful, could not be nicer
19292968,06/25/2011,11.5,NO,3.5,,,42,,,NORMAL,,CLEAR,BROWN,1-Beautiful, could not be nicer
19292968,09/14/2011,11,NO,3.3,,,43,,,NORMAL,,CLEAR,,1-Beautiful, could not be nicer
19292968,07/22/2012,11,YES,3.3,,,43,,,NORMAL,,CLEAR,BROWN,1-Beautiful, could not be nicer
19292968,08/10/2013,9.5,NO,2.9,,,45,,,NORMAL,,CLEAR,BROWN,2-Very minor aesthetic problems
19292973,06/09/2014,14,NO,4.3,,,39,,,NORMAL,,CLEAR,BROWN,2-Very minor aesthetic problems
19292973,08/28/2014,14,NO,4.3,,,39,,,NORMAL,,CLEAR,BROWN,1-Beautiful, could not be nicer
19292968,07/24/2016,8.5,NO,2.6,,,46,,,NORMAL,,CLEAR,BROWN,1-Beautiful, could not be nicer
19292968,09/03/2016,8,NO,2.4,,,47,,,HIGH,,CLEAR,BROWN,1-Beautiful, could not be nicer
19292973,10/06/2016,,NO,,,,,,,HIGH,14,CLEAR,BROWN,1-Beautiful, could not be nicer
19292968,06/17/2017,6,NO,1.8,,,51,,,HIGH,,CLEAR,BROWN,1-Beautiful, could not be nicer
19292968,07/29/2017,6,NO,1.8,,,51,,,HIGH,,CLEAR,BROWN,1-Beautiful, could not be nicer
19292968,08/13/2017,6.5,NO,2,,,50,,,NORMAL,,CLEAR,BROWN,1-Beautiful, could not be nicer



Start Date,Depth,Depth Units,Temperature,Temperature Units,Dissolved Oxygen,Dissolved Oxygen Units



Start Date,Fieldwork Comment
06/01/2008,clear- light wind
09/14/2011,Water has been extremely clear all summer. The springs have been flowing well- evidenced by the amount of water going over the spillway- even during the driest weeks. Lots of beaver activity here as usual. Nearby lodges are being maintained and increased in size.
08/10/2013,Many large (up to 12 inches x 6 inches) freshwater sponges have been seen. Photos available.

A little pine pollen on the surface of the water.
06/17/2017,Lots of pine pollen




Start Date,Group Name,Project Name
09/12/2007,Sue Holloway,Citizen Lake Monitoring - Water Quality - Spring Lake T42N R09E S34
06/01/2008,Sue and George Holloway,Citizen Lake Monitoring - Water Quality - Spring Lake T42N R09E S34
08/20/2008,Sue and George Holloway,Citizen Lake Monitoring - Water Quality - Spring Lake T42N R09E S34
09/21/2008,Sue and George Holloway,Citizen Lake Monitoring - Water Quality - Spring Lake T42N R09E S34
06/20/2009,Sue and George Holloway,Citizen Lake Monitoring - Water Quality - Spring Lake T42N R09E S34
09/16/2009,Sue and George Holloway,Citizen Lake Monitoring - Water Quality - Spring Lake T42N R09E S34
06/06/2010,Sue and George Holloway,Citizen Lake Monitoring - Water Quality - Spring Lake T42N R09E S34
07/08/2010,Sue and George Holloway,Citizen Lake Monitoring - Water Quality - Spring Lake T42N R09E S34
09/18/2010,Sue and George Holloway,Citizen Lake Monitoring - Water Quality - Spring Lake T42N R09E S34
06/25/2011,Sue and George Holloway,Citizen Lake Monitoring - Water Quality - Spring Lake T42N R09E S34
09/14/2011,Sue and George Holloway,Citizen Lake Monitoring - Water Quality - Spring Lake T42N R09E S34
07/22/2012,Sue and George Holloway,Citizen Lake Monitoring - Water Quality - Spring Lake T42N R09E S34
08/10/2013,Sue and George Holloway,Citizen Lake Monitoring - Water Quality - Spring Lake T42N R09E S34
06/09/2014,George Holloway,Citizen Lake Monitoring - Water Quality - Spring Lake T42N R09E S34
08/28/2014,George Holloway,Citizen Lake Monitoring - Water Quality - Spring Lake T42N R09E S34
07/24/2016,Sue and George Holloway,Citizen Lake Monitoring - Water Quality - Spring Lake T42N R09E S34
09/03/2016,Sue and George Holloway,Citizen Lake Monitoring - Water Quality - Spring Lake T42N R09E S34
10/06/2016,George Holloway,Citizen Lake Monitoring - Water Quality - Spring Lake T42N R09E S34
06/17/2017,Sue and George Holloway,Citizen Lake Monitoring - Water Quality - Spring Lake T42N R09E S34
07/29/2017,Sue and George Holloway,Citizen Lake Monitoring - Water Quality - Spring Lake T42N R09E S34
08/13/2017,Sue and George Holloway,Citizen Lake Monitoring - Water Quality - Spring Lake T42N R09E S34
