Lake Water Quality Report - 1950 to 2017


Lake Name,County Name,Waterbody ID(WBIC),Region Code,County Code,Station Name,Station ID,Geo Region,Lake Type
Half Moon Lake,Bayfield,2762700,NO,4,,043093,NW,SEEPAGE



Group Seq No, Start Date, Secchi (Feet),Secchi Hit Bottom?,Secchi (Meters),Chlorophyll(ug/l),Total Phosphorus(ug/l),Secchi TSI,Total Phosphorus TSI,Chlorophyll TSI,Lake Level,Staff Gauge,Appearance,Color,Perception
8188630,07/30/2007,8.2,YES,2.5,2.36,24,47,53,41,,,,,
73543805,06/14/2012,6.2,YES,1.9,1.5,18,51,51,38,,,,,
16073539,07/30/2012,6.5,NO,2,5.58,18,50,51,48,,,,,
16073539,08/16/2012,6,YES,1.8,2.54,14,51,49,42,,,,,
41886434,02/20/2013,6.4,NO,1.9,2.71,16,50,50,42,,,,,
29701663,05/30/2014,9,NO,2.7,,,45,,,,,,,
29701663,06/23/2014,7.5,NO,2.3,,,48,,,NORMAL,,CLEAR,BROWN,2-Very minor aesthetic problems
29701663,08/14/2014,, ,,,,,,,,,,,
29701663,08/25/2014,,,,8.48,20.2,,51,51,,,,,
29701663,04/17/2015,,,,,16.3,,50,,,,,,
29701663,05/27/2015,9.5,YES,2.9,,,45,,,NORMAL,,CLEAR,BROWN,2-Very minor aesthetic problems
29701663,07/21/2015,6.5,NO,2,12.6,25.1,50,53,54,LOW,6,CLEAR,BROWN,4-Would not swim but boating OK (algae)
29701663,08/30/2015,6.5, ,2,,,50,,,LOW,,MURKY,GREEN,4-Would not swim but boating OK (algae)
29701663,11/27/2015,, ,,,,,,,,,,,
29701663,05/08/2016,9,NO,2.7,,,45,,,HIGH,,MURKY,GREEN,3-Enjoyment somewhat impaired (algae)
29701663,06/28/2016,,,,4.55,26.7,,54,46,,,,,
29701663,08/29/2016,,,,4.73,13.4,,48,47,,,,,
29701663,07/24/2017,,,,6.46,20.1,,51,49,,,,,



Start Date,Depth,Depth Units,Temperature,Temperature Units,Dissolved Oxygen,Dissolved Oxygen Units
07/30/2007,0.5,METERS,27.4,DEGREES C,9.4,MG/L
07/30/2007,1,METERS,27,DEGREES C,9.7,MG/L
07/30/2007,1.5,METERS,26.8,DEGREES C,9.5,MG/L
07/30/2007,2,METERS,25,DEGREES C,2.8,MG/L
06/14/2012,,,19.8,C,9.2,MG/L
07/30/2012,,,25.5,C,9.2,MG/L
08/16/2012,,,22.0,C,8.8,MG/L
02/20/2013,,,1.8,C,0.2,MG/L



Start Date,Fieldwork Comment
05/30/2014,A  Swan was seen today around the same time as I was doing the Secchi disk. Weather clear- lake calm. Temp 85 degrees F
06/23/2014,Lake calm- sunshine- temp 72 degrees-  Spotted 2 turtles sunning on southwest side of lake. A family of geese (three gosling on northwest side of lake. A beaver swimming near my dock on the northeast side of the lake. Lots of dragonflies!
Used the canoe of Laurie Mattson from Brule- WI  She held canoe steady so I could  collect samples.
08/14/2014,Pair of Loons with 2 larger babies noted today. Haven't seen them in a week. They are still here. Yea!
Weather clear- warm 68 degrees  Lake calm
05/27/2015,Lake calm-partly cloudy- temperature 70 degrees.  A pair of loons swam close to my paddle boat as I was collecting data. A muskrat also swam by at this time. The dragonfly's are hatching since Sunday and there are many dead Mayflies  on the window since Sunday. Mosquitoes are abundant.
08/30/2015,Lake had a slight chop. Abundant weed stalks around deep hole. Secchi disk had lots of weeds around every time I pulled it up. Went to several areas to test with disk. Large log found floating close to south central shore. This could be dangerous for boaters and tube riders. A flock of geese flew overhead. No other animals or birds noted. Several minnows seen around shore. Sunny day and warm 80 degrees
11/27/2015,Ice totally on Half Moon Lake. Geese sliding around when trying to land
05/08/2016,Weather warm 70 degrees- lake calm low wind. Trees are budding some flowers on fruit trees. 2 geese observed and a lone loon. When secchi dish lowered to level where no longer observed- and pulled up lots of elodea came up with dish.




Start Date,Group Name,Project Name
07/30/2007,USGS,National Lake Survey - Index Sampling
06/14/2012,Dan Cibulka and Eric Gale - Onterra- LLC,HALF MOON LAKE PROTECTION + REHAB DIST: Half Moon Lake Management Planning Project- Phase 1
07/30/2012,Tim Hoyman - Onterra- LLC,HALF MOON LAKE PROTECTION + REHAB DIST: Half Moon Lake Management Planning Project- Phase 1
08/16/2012,Tim Hoyman - Onterra- LLC,HALF MOON LAKE PROTECTION + REHAB DIST: Half Moon Lake Management Planning Project- Phase 1
02/20/2013,Dan Cibulka and Tim Hoyman - Onterra- LLC,HALF MOON LAKE PROTECTION + REHAB DIST: Half Moon Lake Management Planning Project- Phase 1
05/30/2014,Micky Mullozzi,Citizen Lake Monitoring - Water Quality - Half Moon Lake - Deep Hole
06/23/2014,Micky Mullozzi,Citizen Lake Monitoring - Water Quality - Half Moon Lake - Deep Hole
08/14/2014,Micky Mullozzi,Citizen Lake Monitoring - Water Quality - Half Moon Lake - Deep Hole
08/25/2014,Micky Mullozzi,Citizen Lake Monitoring - Water Quality - Half Moon Lake - Deep Hole
04/17/2015,Micky Mullozzi,Citizen Lake Monitoring - Water Quality - Half Moon Lake - Deep Hole
05/27/2015,Micky Mullozzi,Citizen Lake Monitoring - Water Quality - Half Moon Lake - Deep Hole
07/21/2015,Micky Mullozzi,Citizen Lake Monitoring - Water Quality - Half Moon Lake - Deep Hole
08/30/2015,Micky Mullozzi,Citizen Lake Monitoring - Water Quality - Half Moon Lake - Deep Hole
11/27/2015,Micky Mullozzi,Citizen Lake Monitoring - Water Quality - Half Moon Lake - Deep Hole
05/08/2016,Micky Mullozzi,Citizen Lake Monitoring - Water Quality - Half Moon Lake - Deep Hole
06/28/2016,Micky Mullozzi,Citizen Lake Monitoring - Water Quality - Half Moon Lake - Deep Hole
08/29/2016,Micky Mullozzi,Citizen Lake Monitoring - Water Quality - Half Moon Lake - Deep Hole
07/24/2017,Micky Mullozzi,Citizen Lake Monitoring - Water Quality - Half Moon Lake - Deep Hole
