Lake Water Quality Report - 1950 to 2017


Lake Name,County Name,Waterbody ID(WBIC),Region Code,County Code,Station Name,Station ID,Geo Region,Lake Type
Viola Lake,Burnett,2598600,NO,7,,073100,NW,SEEPAGE



Group Seq No, Start Date, Secchi (Feet),Secchi Hit Bottom?,Secchi (Meters),Chlorophyll(ug/l),Total Phosphorus(ug/l),Secchi TSI,Total Phosphorus TSI,Chlorophyll TSI,Lake Level,Staff Gauge,Appearance,Color,Perception
8189844,07/10/1987,13.75,NO,4.2,,,39,,,,,CLEAR,GREEN,
8189361,08/06/1998,9,NO,2.7,,,45,,,LOW,,CLEAR,BLUE,2-Very minor aesthetic problems
8189361,08/20/1998,7.5,NO,2.3,,,48,,,HIGH,,CLEAR,BLUE,2-Very minor aesthetic problems
8189361,08/30/1998,8,NO,2.4,,,47,,,HIGH,,CLEAR,BLUE,2-Very minor aesthetic problems
8189361,09/08/1998,8,NO,2.4,,,47,,,HIGH,,CLEAR,BLUE,2-Very minor aesthetic problems
8189361,09/25/1998,8,NO,2.4,,,47,,,NO CHANGE,,CLEAR,BROWN,2-Very minor aesthetic problems
8189361,10/10/1998,13,NO,4,,,40,,,NO CHANGE,,CLEAR,BLUE,1-Beautiful, could not be nicer
8189361,04/30/1999,31.5,NO,9.6,,,27,,,HIGH,,CLEAR,BLUE,1-Beautiful, could not be nicer
8189361,05/20/1999,20.25,NO,6.2,,,34,,,HIGH,,CLEAR,BLUE,1-Beautiful, could not be nicer
8189361,06/17/1999,17.25,NO,5.2,,,36,,,HIGH,,CLEAR,BLUE,1-Beautiful, could not be nicer
8189361,07/10/1999,10.5,NO,3.2,,,43,,,HIGH,,CLEAR,BLUE,1-Beautiful, could not be nicer
8189361,07/29/1999,6.25,NO,1.9,,,51,,,HIGH,,MURKY,GREEN,2-Very minor aesthetic problems
8189361,08/31/1999,6.75,NO,2.1,,,50,,,HIGH,,MURKY,GREEN,2-Very minor aesthetic problems
8189361,09/24/1999,10.5,NO,3.2,,,43,,,LOW,,CLEAR,BLUE,1-Beautiful, could not be nicer
8189361,10/10/1999,14.5,NO,4.4,,,39,,,LOW,,CLEAR,BLUE,1-Beautiful, could not be nicer
8189361,05/04/2000,26.5,NO,8.1,,,30,,,LOW,,CLEAR,BLUE,1-Beautiful, could not be nicer
8189361,06/17/2000,16,NO,4.9,,,37,,,LOW,,CLEAR,BLUE,1-Beautiful, could not be nicer
8189361,07/14/2000,15,NO,4.6,,,38,,,HIGH,,CLEAR,BLUE,1-Beautiful, could not be nicer
8189361,08/07/2000,9.25,NO,2.8,,,45,,,HIGH,,CLEAR,BLUE,2-Very minor aesthetic problems
8189361,09/07/2000,6,NO,1.8,,,51,,,NORMAL,,MURKY,BROWN,3-Enjoyment somewhat impaired (algae)
8189361,10/08/2000,12.25,NO,3.7,,,41,,,LOW,,CLEAR,BLUE,1-Beautiful, could not be nicer
8189361,05/18/2001,20,NO,6.1,,,34,,,HIGH,,CLEAR,BLUE,1-Beautiful, could not be nicer
8189361,06/09/2001,19.25,NO,5.9,,,35,,,HIGH,,CLEAR,BLUE,1-Beautiful, could not be nicer
8189361,07/02/2001,11.5,NO,3.5,,,42,,,HIGH,,CLEAR,BLUE,1-Beautiful, could not be nicer
8189361,07/29/2001,6.25,NO,1.9,,,51,,,NORMAL,,MURKY,BLUE,2-Very minor aesthetic problems
8189361,09/12/2001,8.5,NO,2.6,,,46,,,NORMAL,,MURKY,BLUE,2-Very minor aesthetic problems
8189361,10/16/2001,15,NO,4.6,,,38,,,LOW,,CLEAR,BLUE,1-Beautiful, could not be nicer
8189361,05/13/2002,27.25,NO,8.3,,,30,,,HIGH,,CLEAR,BLUE,1-Beautiful, could not be nicer
8189361,06/12/2002,18.5,NO,5.6,,,35,,,HIGH,,CLEAR,BLUE,1-Beautiful, could not be nicer
8189361,07/09/2002,10,NO,3,,,44,,,HIGH,,CLEAR,BLUE,1-Beautiful, could not be nicer
8189361,08/01/2002,8,NO,2.4,,,47,,,HIGH,,CLEAR,BLUE,2-Very minor aesthetic problems
8189361,08/25/2002,8.25,NO,2.5,,,47,,,HIGH,,,BLUE,2-Very minor aesthetic problems
19649233,09/28/2007,16.5,NO,5,,,37,,,LOW,,MURKY,YELLOW,2-Very minor aesthetic problems
19649233,10/12/2007,20,NO,6.1,,,34,,,LOW,,CLEAR,BLUE,2-Very minor aesthetic problems
19649233,05/18/2008,21,NO,6.4,,,33,,,LOW,,CLEAR,BLUE,2-Very minor aesthetic problems
19649233,05/28/2008,27,NO,8.2,,,30,,,LOW,,CLEAR,BLUE,1-Beautiful, could not be nicer
19649233,06/14/2008,25,NO,7.6,,,31,,,LOW,,CLEAR,BLUE,2-Very minor aesthetic problems
19649233,06/20/2008,24,NO,7.3,,,31,,,LOW,,CLEAR,GREEN,2-Very minor aesthetic problems
19649233,07/14/2008,16.5,NO,5,,,37,,,LOW,,MURKY,GREEN,3-Enjoyment somewhat impaired (algae)
19649233,08/07/2008,14,NO,4.3,,,39,,,LOW,,MURKY,GREEN,2-Very minor aesthetic problems
19649233,08/17/2008,16.5,NO,5,,,37,,,LOW,,MURKY,GREEN,2-Very minor aesthetic problems
19649233,08/30/2008,16.5,NO,5,,,37,,,LOW,,MURKY,GREEN,2-Very minor aesthetic problems
19649233,09/12/2008,17.5,NO,5.3,,,36,,,LOW,,CLEAR,GREEN,2-Very minor aesthetic problems
19649233,10/02/2008,17,NO,5.2,,,36,,,LOW,,MURKY,GREEN,2-Very minor aesthetic problems
19649233,10/11/2008,16.5,NO,5,,,37,,,LOW,,MURKY,GREEN,2-Very minor aesthetic problems
19649233,10/17/2008,14.5,NO,4.4,,,39,,,LOW,,MURKY,GREEN,2-Very minor aesthetic problems
19649233,04/25/2009,20,NO,6.1,,,34,,,LOW,,CLEAR,BLUE,2-Very minor aesthetic problems
19649233,05/08/2009,25,NO,7.6,,,31,,,LOW,,CLEAR,BLUE,2-Very minor aesthetic problems
19649233,05/17/2009,30,NO,9.1,,,28,,,LOW,,CLEAR,BLUE,1-Beautiful, could not be nicer
19649233,05/23/2009,28,NO,8.5,,,29,,,LOW,,CLEAR,GREEN,2-Very minor aesthetic problems
19649233,06/11/2009,20,NO,6.1,,,34,,,LOW,,MURKY,GREEN,2-Very minor aesthetic problems
19649233,06/12/2009,21.5,NO,6.5,,,33,,,LOW,,MURKY,GREEN,2-Very minor aesthetic problems
19649233,06/23/2009,22.5,NO,6.8,,,32,,,LOW,,MURKY,GREEN,2-Very minor aesthetic problems
19649233,07/18/2009,17.5,NO,5.3,,,36,,,LOW,,MURKY,GREEN,2-Very minor aesthetic problems
19649233,07/19/2009,21.5,NO,6.5,,,33,,,LOW,,MURKY,GREEN,2-Very minor aesthetic problems
19649233,08/06/2009,18,NO,5.5,,,35,,,LOW,,MURKY,GREEN,2-Very minor aesthetic problems
19649233,08/21/2009,15.5,NO,4.7,,,38,,,LOW,,MURKY,GREEN,2-Very minor aesthetic problems
19649233,08/30/2009,16,NO,4.9,,,37,,,LOW,,MURKY,GREEN,2-Very minor aesthetic problems
19649233,09/04/2009,18,NO,5.5,,,35,,,LOW,,MURKY,GREEN,2-Very minor aesthetic problems
19649233,09/11/2009,19,NO,5.8,,,35,,,LOW,,MURKY,GREEN,2-Very minor aesthetic problems
19649233,09/18/2009,22,NO,6.7,,,33,,,LOW,,MURKY,GREEN,2-Very minor aesthetic problems
19649233,10/17/2009,27,NO,8.2,,,30,,,LOW,,CLEAR,GREEN,2-Very minor aesthetic problems
19649233,04/11/2010,22,NO,6.7,,,33,,,LOW,,MURKY,GREEN,2-Very minor aesthetic problems
19649233,05/02/2010,25,NO,7.6,,,31,,,LOW,,MURKY,BLUE,2-Very minor aesthetic problems
19649233,05/15/2010,32,NO,9.7,,,27,,,LOW,,CLEAR,BLUE,1-Beautiful, could not be nicer
19649233,05/28/2010,32.5,NO,9.9,,,27,,,LOW,,CLEAR,BLUE,1-Beautiful, could not be nicer
19649233,06/05/2010,27,NO,8.2,,,30,,,LOW,,CLEAR,GREEN,2-Very minor aesthetic problems
19649233,06/24/2010,22.5,NO,6.8,,,32,,,LOW,,MURKY,GREEN,2-Very minor aesthetic problems
19649233,07/09/2010,20,NO,6.1,,,34,,,LOW,,MURKY,GREEN,2-Very minor aesthetic problems
36799419,07/17/2010,17,NO,5.2,,,36,,,LOW,,MURKY,GREEN,2-Very minor aesthetic problems
36799419,08/12/2010,18.5,NO,5.6,,,35,,,LOW,,MURKY,GREEN,2-Very minor aesthetic problems
36799419,09/05/2010,17,NO,5.2,,,36,,,LOW,,MURKY,GREEN,2-Very minor aesthetic problems
36799419,09/19/2010,18.5,NO,5.6,,,35,,,LOW,,MURKY,GREEN,2-Very minor aesthetic problems
36799419,10/08/2010,20,NO,6.1,,,34,,,LOW,,MURKY,GREEN,2-Very minor aesthetic problems
36799419,10/15/2010,20,NO,6.1,,,34,,,LOW,,MURKY,GREEN,2-Very minor aesthetic problems
19649233,05/07/2011,,,,,15,,49,,,,,,
36799419,05/07/2011,23,NO,7,,,32,,,LOW,,MURKY,BLUE,2-Very minor aesthetic problems
36799419,06/03/2011,21,NO,6.4,,,33,,,NORMAL,,MURKY,GREEN,2-Very minor aesthetic problems
19649233,06/30/2011,,,,0.96,19,,51,34,,,,,
36799419,06/30/2011,21,NO,6.4,,,33,,,NORMAL,,MURKY,GREEN,2-Very minor aesthetic problems
19649233,07/13/2011,,,,1.79,12,,47,39,,,,,
36799419,07/13/2011,19,NO,5.8,,,35,,,NORMAL,,MURKY,GREEN,2-Very minor aesthetic problems
19649233,08/16/2011,,,,2.28,18,,51,41,,,,,
36799419,08/16/2011,18,NO,5.5,,,35,,,NORMAL,,MURKY,GREEN,2-Very minor aesthetic problems
36799419,09/09/2011,18,NO,5.5,,,35,,,NORMAL,,MURKY,GREEN,2-Very minor aesthetic problems
36799419,05/19/2012,23.5,NO,7.1,,,32,,,NORMAL,,MURKY,BLUE,2-Very minor aesthetic problems
19649233,06/10/2012,,,,1.53,14,,49,38,,,,,
36799419,06/10/2012,23,NO,7,,,32,,,NORMAL,,MURKY,GREEN,2-Very minor aesthetic problems
36799419,06/30/2012,15.5,NO,4.7,,,38,,,HIGH,,MURKY,GREEN,2-Very minor aesthetic problems
1,07/11/2012,,,,2.7,9,,45,42,,,,,
36799419,07/11/2012,14,NO,4.3,,,39,,,HIGH,,MURKY,GREEN,2-Very minor aesthetic problems
36799419,07/21/2012,15,NO,4.6,,,38,,,HIGH,,MURKY,GREEN,2-Very minor aesthetic problems
36799419,08/17/2012,18,NO,5.5,3.11,9,35,45,43,NORMAL,,MURKY,GREEN,2-Very minor aesthetic problems
36799419,09/04/2012,21,NO,6.4,,,33,,,NORMAL,,MURKY,GREEN,2-Very minor aesthetic problems
36799419,09/14/2012,20,NO,6.1,,,34,,,NORMAL,,MURKY,GREEN,2-Very minor aesthetic problems
36799419,05/10/2013,17,NO,5.2,,,36,,,NORMAL,,MURKY,GREEN,2-Very minor aesthetic problems
1,05/11/2013,,,,,13.8,,48,,,,,,
36799419,06/01/2013,19.75,NO,6,,,34,,,NORMAL,,MURKY,GREEN,2-Very minor aesthetic problems
36799419,06/21/2013,22,NO,6.7,,,33,,,NORMAL,,MURKY,GREEN,2-Very minor aesthetic problems
55300951,06/21/2013,,,,1.95,8.35,,45,40,,,,,
36799419,07/03/2013,18,NO,5.5,,,35,,,NORMAL,,MURKY,GREEN,2-Very minor aesthetic problems
36799419,08/15/2013,13,NO,4,3.08,11.5,40,47,43,NORMAL,,MURKY,GREEN,2-Very minor aesthetic problems
1,09/13/2013,,,,3.87,13.2,,48,45,,,,,
36799419,09/13/2013,13,NO,4,,,40,,,NORMAL,,MURKY,GREEN,2-Very minor aesthetic problems
36799419,10/10/2013,20,NO,6.1,,,34,,,NORMAL,,,,2-Very minor aesthetic problems
36799419,05/17/2014,13,NO,4,,,40,,,HIGH,,MURKY,GREEN,2-Very minor aesthetic problems
1,06/21/2014,,,,,11.1,,47,,,,,,
36799419,06/21/2014,19,NO,5.8,,,35,,,HIGH,,MURKY,GREEN,2-Very minor aesthetic problems
19649233,07/25/2014,,,,3.28,12.4,,48,44,,,,,
36799419,07/25/2014,16,NO,4.9,,,37,,,HIGH,,MURKY,GREEN,2-Very minor aesthetic problems
1,08/22/2014,,,,5.11,12,,47,47,,,,,
36799419,08/22/2014,13.5,NO,4.1,,,40,,,HIGH,,MURKY,GREEN,2-Very minor aesthetic problems
36799419,09/25/2014,12,NO,3.6,,,41,,,HIGH,,MURKY,GREEN,2-Very minor aesthetic problems
36799419,10/10/2014,9,NO,2.7,,,45,,,HIGH,,MURKY,GREEN,2-Very minor aesthetic problems
36799419,04/17/2015,15.5,NO,4.7,,,38,,,HIGH,,MURKY,GREEN,2-Very minor aesthetic problems
36799419,05/21/2015,10.5,NO,3.2,,23.6,43,53,,HIGH,,MURKY,GREEN,2-Very minor aesthetic problems
36799419,05/30/2015,16,NO,4.9,,,37,,,HIGH,,MURKY,GREEN,2-Very minor aesthetic problems
36799419,06/26/2015,8.75,NO,2.7,6.22,51.9,46,59,49,HIGH,,MURKY,GREEN,2-Very minor aesthetic problems
36799419,07/07/2015,7.75,NO,2.4,,,48,,,HIGH,,MURKY,GREEN,3-Enjoyment somewhat impaired (algae)
1,07/17/2015,,,,8.42,32.4,,55,51,,,,,
36799419,07/17/2015,7.75,NO,2.4,,,48,,,HIGH,,MURKY,GREEN,3-Enjoyment somewhat impaired (algae)
1,08/17/2015,,,,4.18,5.93,,42,46,,,,,
36799419,08/17/2015,11,NO,3.3,,,43,,,HIGH,,MURKY,GREEN,2-Very minor aesthetic problems
36799419,09/03/2015,15,NO,4.6,,,38,,,HIGH,,MURKY,GREEN,2-Very minor aesthetic problems
36799419,09/25/2015,12,NO,3.6,,,41,,,HIGH,,MURKY,GREEN,2-Very minor aesthetic problems
36799419,10/04/2015,9.5,NO,2.9,,,45,,,HIGH,,MURKY,GREEN,2-Very minor aesthetic problems
36799419,10/22/2015,9,NO,2.7,,,45,,,HIGH,,MURKY,GREEN,2-Very minor aesthetic problems
36799419,04/13/2016,12,NO,3.6,,,41,,,HIGH,,,GREEN,2-Very minor aesthetic problems
36799419,04/23/2016,13,NO,4,,,40,,,HIGH,,MURKY,GREEN,2-Very minor aesthetic problems
36799419,04/29/2016,14,NO,4.3,,,39,,,HIGH,,MURKY,GREEN,2-Very minor aesthetic problems
36799419,05/05/2016,17,NO,5.2,,19.3,36,51,,HIGH,,MURKY,GREEN,2-Very minor aesthetic problems
36799419,05/30/2016,22,NO,6.7,,,33,,,HIGH,,MURKY,GREEN,2-Very minor aesthetic problems
1,06/24/2016,,,,2.04,17.6,,50,40,,,,,
36799419,06/24/2016,20.5,NO,6.2,,,34,,,HIGH,,MURKY,GREEN,2-Very minor aesthetic problems
36799419,07/09/2016,19,NO,5.8,,,35,,,HIGH,,MURKY,GREEN,2-Very minor aesthetic problems
1,07/25/2016,,,,2.65,17,,50,42,,,,,
36799419,07/25/2016,13,NO,4,,,40,,,HIGH,,MURKY,GREEN,2-Very minor aesthetic problems
36799419,08/14/2016,15,NO,4.6,,,38,,,HIGH,,MURKY,GREEN,2-Very minor aesthetic problems
36799419,08/18/2016,17,NO,5.2,,,36,,,HIGH,,MURKY,GREEN,2-Very minor aesthetic problems
36799419,08/26/2016,16.25,NO,4.9,2.74,13.7,37,48,42,HIGH,,MURKY,GREEN,2-Very minor aesthetic problems
36799419,09/15/2016,12,NO,3.6,,,41,,,HIGH,,MURKY,GREEN,2-Very minor aesthetic problems
36799419,10/02/2016,14.5,NO,4.4,,,39,,,HIGH,,MURKY,GREEN,2-Very minor aesthetic problems
36799419,10/06/2016,12,NO,3.6,,,41,,,HIGH,,MURKY,GREEN,2-Very minor aesthetic problems
36799419,04/21/2017,18,NO,5.5,,,35,,,HIGH,,,GREEN,2-Very minor aesthetic problems
36799419,05/05/2017,28.5,NO,8.7,,,29,,,HIGH,,CLEAR,GREEN,1-Beautiful, could not be nicer
36799419,06/05/2017,21,NO,6.4,,,33,,,HIGH,,MURKY,GREEN,2-Very minor aesthetic problems
36799419,06/29/2017,16.5,NO,5,2.67,23.5,37,53,42,HIGH,,MURKY,GREEN,2-Very minor aesthetic problems
36799419,07/28/2017,17,NO,5.2,,9.14,36,45,,HIGH,,,GREEN,2-Very minor aesthetic problems
143167470,07/28/2017,,,,2.8,24.5,,53,43,,,,,
36799419,09/09/2017,14.5,NO,4.4,,,39,,,HIGH,,MURKY,,2-Very minor aesthetic problems
36799419,09/21/2017,16,NO,4.9,,,37,,,HIGH,,,GREEN,2-Very minor aesthetic problems
36799419,10/13/2017,12,NO,3.6,,,41,,,HIGH,,MURKY,GREEN,2-Very minor aesthetic problems



Start Date,Depth,Depth Units,Temperature,Temperature Units,Dissolved Oxygen,Dissolved Oxygen Units
09/25/1998,3,FEET,68,DEGREES F,,
05/02/2010,0,FEET,54.7,DEGREES F,,
05/02/2010,5,FEET,54.7,DEGREES F,,
05/02/2010,10,FEET,54.7,DEGREES F,,
05/02/2010,15,FEET,54.7,DEGREES F,,
05/02/2010,20,FEET,54.7,DEGREES F,,
05/02/2010,25,FEET,54.5,DEGREES F,,
05/02/2010,30,FEET,54.5,DEGREES F,,
05/15/2010,0,FEET,55.7,DEGREES F,9.8,MG/L
05/15/2010,5,FEET,54.6,DEGREES F,10,MG/L
05/15/2010,10,FEET,54.3,DEGREES F,10.2,MG/L
05/15/2010,15,FEET,54.1,DEGREES F,10.1,MG/L
05/15/2010,20,FEET,53.9,DEGREES F,9.9,MG/L
05/15/2010,25,FEET,53.7,DEGREES F,10,MG/L
05/15/2010,30,FEET,53.6,DEGREES F,9.6,MG/L
05/28/2010,0,FEET,73.7,DEGREES F,8.8,MG/L
05/28/2010,5,FEET,72.8,DEGREES F,8.6,MG/L
05/28/2010,10,FEET,72.8,DEGREES F,8.6,MG/L
05/28/2010,15,FEET,62.6,DEGREES F,8.9,MG/L
05/28/2010,20,FEET,58.4,DEGREES F,9.5,MG/L
05/28/2010,25,FEET,56.6,DEGREES F,10,MG/L
05/28/2010,30,FEET,56.1,DEGREES F,9.6,MG/L
06/05/2010,0,FEET,73,DEGREES F,8.7,MG/L
06/05/2010,5,FEET,72.8,DEGREES F,8.5,MG/L
06/05/2010,10,FEET,72.6,DEGREES F,8.5,MG/L
06/05/2010,15,FEET,66.5,DEGREES F,9.1,MG/L
06/05/2010,20,FEET,60,DEGREES F,9.9,MG/L
06/05/2010,25,FEET,58.6,DEGREES F,9.8,MG/L
06/05/2010,30,FEET,57.2,DEGREES F,8,MG/L
06/24/2010,0,FEET,73.5,DEGREES F,8.6,MG/L
06/24/2010,5,FEET,72.8,DEGREES F,8.6,MG/L
06/24/2010,10,FEET,72.6,DEGREES F,8.4,MG/L
06/24/2010,15,FEET,70.8,DEGREES F,8.6,MG/L
06/24/2010,20,FEET,66.5,DEGREES F,8.2,MG/L
06/24/2010,25,FEET,60.4,DEGREES F,7.5,MG/L
06/24/2010,30,FEET,57.9,DEGREES F,5.8,MG/L
07/09/2010,0,FEET,80.4,DEGREES F,7.8,MG/L
07/09/2010,5,FEET,80,DEGREES F,8,MG/L
07/09/2010,10,FEET,79.1,DEGREES F,8,MG/L
07/09/2010,15,FEET,78,DEGREES F,7.8,MG/L
07/09/2010,20,FEET,75.3,DEGREES F,7.7,MG/L
07/09/2010,25,FEET,68.3,DEGREES F,5.9,MG/L
07/09/2010,30,FEET,64.7,DEGREES F,5.8,MG/L
07/17/2010,0,FEET,78.2,DEGREES F,7.8,MG/L
07/17/2010,5,FEET,77.3,DEGREES F,7.2,MG/L
07/17/2010,10,FEET,77,DEGREES F,7.6,MG/L
07/17/2010,15,FEET,77,DEGREES F,7.2,MG/L
07/17/2010,20,FEET,73.9,DEGREES F,6.8,MG/L
07/17/2010,25,FEET,63.5,DEGREES F,6,MG/L
07/17/2010,30,FEET,59.3,DEGREES F,2.6,MG/L
08/12/2010,0,FEET,83.1,DEGREES F,7.3,MG/L
08/12/2010,5,FEET,81.3,DEGREES F,7.6,MG/L
08/12/2010,10,FEET,80.2,DEGREES F,7.6,MG/L
08/12/2010,15,FEET,78.6,DEGREES F,6.8,MG/L
08/12/2010,20,FEET,76.8,DEGREES F,3.2,MG/L
08/12/2010,25,FEET,67.2,DEGREES F,1,MG/L
08/12/2010,30,FEET,61.1,DEGREES F,.5,MG/L
09/05/2010,0,FEET,70.1,DEGREES F,7,MG/L
09/05/2010,5,FEET,69.9,DEGREES F,7.1,MG/L
09/05/2010,10,FEET,69.8,DEGREES F,7,MG/L
09/05/2010,15,FEET,69.6,DEGREES F,7.1,MG/L
09/05/2010,20,FEET,69.6,DEGREES F,6.6,MG/L
09/05/2010,25,FEET,69.4,DEGREES F,6.3,MG/L
09/05/2010,30,FEET,63.1,DEGREES F,3,MG/L
09/19/2010,0,FEET,63.1,DEGREES F,,
09/19/2010,5,FEET,63.1,DEGREES F,,
09/19/2010,10,FEET,63.3,DEGREES F,,
09/19/2010,15,FEET,62.7,DEGREES F,,
09/19/2010,20,FEET,62.6,DEGREES F,,
09/19/2010,25,FEET,62.4,DEGREES F,,
09/19/2010,30,FEET,62.2,DEGREES F,,
10/08/2010,0,FEET,59,DEGREES F,9,MG/L
10/08/2010,5,FEET,58.8,DEGREES F,9,MG/L
10/08/2010,10,FEET,58.6,DEGREES F,9.2,MG/L
10/08/2010,15,FEET,58.4,DEGREES F,9.2,MG/L
10/08/2010,20,FEET,58.2,DEGREES F,8.8,MG/L
10/08/2010,25,FEET,57.9,DEGREES F,8.8,MG/L
10/08/2010,30,FEET,57.9,DEGREES F,7.8,MG/L
10/15/2010,0,FEET,59.3,DEGREES F,9.1,MG/L
10/15/2010,5,FEET,58.4,DEGREES F,9,MG/L
10/15/2010,10,FEET,58.2,DEGREES F,9,MG/L
10/15/2010,15,FEET,58.1,DEGREES F,8.9,MG/L
10/15/2010,20,FEET,57.9,DEGREES F,9,MG/L
10/15/2010,25,FEET,57.9,DEGREES F,9.1,MG/L
10/15/2010,30,FEET,57.5,DEGREES F,9.1,MG/L
05/07/2011,0,FEET,50.3,DEGREES F,9.9,MG/L
05/07/2011,5,FEET,50.1,DEGREES F,10.5,MG/L
05/07/2011,10,FEET,49.8,DEGREES F,11.1,MG/L
05/07/2011,15,FEET,49.4,DEGREES F,11.1,MG/L
05/07/2011,20,FEET,47.1,DEGREES F,11.1,MG/L
05/07/2011,25,FEET,46.7,DEGREES F,11,MG/L
05/07/2011,30,FEET,46,DEGREES F,11,MG/L
06/03/2011,0,FEET,64.2,DEGREES F,8.9,MG/L
06/03/2011,5,FEET,63.3,DEGREES F,9,MG/L
06/03/2011,10,FEET,63.1,DEGREES F,9.2,MG/L
06/03/2011,15,FEET,62.9,DEGREES F,9.2,MG/L
06/03/2011,20,FEET,60.8,DEGREES F,9.2,MG/L
06/03/2011,25,FEET,52.1,DEGREES F,9.1,MG/L
06/03/2011,30,FEET,50.5,DEGREES F,8.4,MG/L
06/30/2011,0,FEET,74.4,DEGREES F,7.8,MG/L
06/30/2011,5,FEET,73.9,DEGREES F,7.9,MG/L
06/30/2011,10,FEET,73.4,DEGREES F,8,MG/L
06/30/2011,15,FEET,73.2,DEGREES F,8,MG/L
06/30/2011,20,FEET,66,DEGREES F,7.8,MG/L
06/30/2011,25,FEET,55.7,DEGREES F,6.8,MG/L
06/30/2011,30,FEET,52.5,DEGREES F,6.4,MG/L
07/13/2011,0,FEET,78.2,DEGREES F,7.6,MG/L
07/13/2011,5,FEET,78.4,DEGREES F,7.8,MG/L
07/13/2011,10,FEET,78.2,DEGREES F,8,MG/L
07/13/2011,15,FEET,78,DEGREES F,8.2,MG/L
07/13/2011,20,FEET,65.6,DEGREES F,8.2,MG/L
07/13/2011,25,FEET,58.4,DEGREES F,6,MG/L
07/13/2011,30,FEET,53.4,DEGREES F,5.2,MG/L
08/16/2011,0,FEET,76.6,DEGREES F,7.8,MG/L
08/16/2011,5,FEET,76.6,DEGREES F,7.8,MG/L
08/16/2011,10,FEET,76.6,DEGREES F,7.9,MG/L
08/16/2011,15,FEET,76.2,DEGREES F,7.8,MG/L
08/16/2011,20,FEET,72.1,DEGREES F,7.4,MG/L
08/16/2011,25,FEET,61.8,DEGREES F,4.1,MG/L
08/16/2011,30,FEET,55.2,DEGREES F,1.8,MG/L
09/09/2011,0,FEET,77,DEGREES F,7.4,MG/L
09/09/2011,5,FEET,73.4,DEGREES F,7.8,MG/L
09/09/2011,10,FEET,72.1,DEGREES F,7.8,MG/L
09/09/2011,15,FEET,71.4,DEGREES F,7.8,MG/L
09/09/2011,20,FEET,70.8,DEGREES F,7.4,MG/L
09/09/2011,25,FEET,64.7,DEGREES F,5.6,MG/L
09/09/2011,30,FEET,55.7,DEGREES F,2,MG/L
05/19/2012,0,FEET,65.4,DEGREES F,9,MG/L
05/19/2012,5,FEET,65.3,DEGREES F,8.9,MG/L
05/19/2012,10,FEET,65.1,DEGREES F,9.1,MG/L
05/19/2012,15,FEET,65.1,DEGREES F,9.1,MG/L
05/19/2012,20,FEET,65.1,DEGREES F,9.6,MG/L
05/19/2012,25,FEET,55.2,DEGREES F,9.5,MG/L
05/19/2012,30,FEET,53.6,DEGREES F,8.6,MG/L
06/10/2012,0,FEET,75,DEGREES F,7.6,MG/L
06/10/2012,5,FEET,74.8,DEGREES F,7.7,MG/L
06/10/2012,10,FEET,74.6,DEGREES F,8.2,MG/L
06/10/2012,15,FEET,69.2,DEGREES F,8.2,MG/L
06/10/2012,20,FEET,66.5,DEGREES F,8.5,MG/L
06/10/2012,25,FEET,60.6,DEGREES F,8.2,MG/L
06/10/2012,30,FEET,56.1,DEGREES F,5.3,MG/L
06/30/2012,0,FEET,80.4,DEGREES F,8.1,MG/L
06/30/2012,5,FEET,78,DEGREES F,8,MG/L
06/30/2012,10,FEET,76.8,DEGREES F,8.2,MG/L
06/30/2012,15,FEET,74.4,DEGREES F,8.4,MG/L
06/30/2012,20,FEET,68.3,DEGREES F,7.3,MG/L
06/30/2012,25,FEET,62.4,DEGREES F,3.7,MG/L
06/30/2012,30,FEET,57.2,DEGREES F,2,MG/L
07/11/2012,0,FEET,81.6,DEGREES F,8,MG/L
07/11/2012,5,FEET,81.6,DEGREES F,8,MG/L
07/11/2012,10,FEET,81.5,DEGREES F,8.2,MG/L
07/11/2012,15,FEET,76.6,DEGREES F,8.6,MG/L
07/11/2012,20,FEET,69.4,DEGREES F,8.6,MG/L
07/11/2012,25,FEET,62.6,DEGREES F,3.8,MG/L
07/11/2012,30,FEET,57.5,DEGREES F,2.1,MG/L
08/17/2012,0,FEET,73.7,DEGREES F,7.7,MG/L
08/17/2012,5,FEET,73.2,DEGREES F,7.8,MG/L
08/17/2012,10,FEET,72.8,DEGREES F,7.7,MG/L
08/17/2012,15,FEET,72.6,DEGREES F,7.7,MG/L
08/17/2012,20,FEET,71.9,DEGREES F,7.6,MG/L
08/17/2012,25,FEET,64.7,DEGREES F,5.1,MG/L
08/17/2012,30,FEET,57.5,DEGREES F,.8,MG/L
09/14/2012,0,FEET,68.1,DEGREES F,7.4,MG/L
09/14/2012,5,FEET,68,DEGREES F,7.4,MG/L
09/14/2012,10,FEET,67.8,DEGREES F,7.6,MG/L
09/14/2012,15,FEET,67.8,DEGREES F,7.4,MG/L
09/14/2012,20,FEET,67.6,DEGREES F,7.4,MG/L
09/14/2012,25,FEET,67.4,DEGREES F,7,MG/L
09/14/2012,30,FEET,58.6,DEGREES F,2.5,MG/L
05/10/2013,0,FEET,53,DEGREES F,9.4,MG/L
05/10/2013,5,FEET,49.6,DEGREES F,9.5,MG/L
05/10/2013,10,FEET,42.4,DEGREES F,10.1,MG/L
05/10/2013,15,FEET,40.8,DEGREES F,10.1,MG/L
05/10/2013,20,FEET,40.4,DEGREES F,10.2,MG/L
05/10/2013,25,FEET,39.9,DEGREES F,9.6,MG/L
05/10/2013,30,FEET,39.9,DEGREES F,8.6,MG/L
06/01/2013,0,FEET,64.9,DEGREES F,9.2,MG/L
06/01/2013,5,FEET,64.2,DEGREES F,9.4,MG/L
06/01/2013,10,FEET,63.9,DEGREES F,9.7,MG/L
06/01/2013,15,FEET,62.4,DEGREES F,9.8,MG/L
06/01/2013,20,FEET,50.7,DEGREES F,10,MG/L
06/01/2013,25,FEET,47.1,DEGREES F,10.2,MG/L
06/01/2013,30,FEET,45.3,DEGREES F,10.6,MG/L
06/21/2013,0,FEET,72.6,DEGREES F,8.3,MG/L
06/21/2013,5,FEET,72.1,DEGREES F,8.6,MG/L
06/21/2013,10,FEET,71,DEGREES F,8.6,MG/L
06/21/2013,15,FEET,67.8,DEGREES F,8.8,MG/L
06/21/2013,20,FEET,57.2,DEGREES F,9.6,MG/L
06/21/2013,25,FEET,51.4,DEGREES F,10.8,MG/L
06/21/2013,30,FEET,47.6,DEGREES F,10.8,MG/L
07/03/2013,0,FEET,79.1,DEGREES F,8.7,MG/L
07/03/2013,5,FEET,79.1,DEGREES F,8.6,MG/L
07/03/2013,10,FEET,75.9,DEGREES F,8.7,MG/L
07/03/2013,15,FEET,72.8,DEGREES F,8.9,MG/L
07/03/2013,20,FEET,59.7,DEGREES F,9.9,MG/L
07/03/2013,25,FEET,52.8,DEGREES F,10.2,MG/L
07/03/2013,30,FEET,49.4,DEGREES F,8.8,MG/L
08/15/2013,0,FEET,75.2,DEGREES F,8.9,MG/L
08/15/2013,5,FEET,73.4,DEGREES F,8.9,MG/L
08/15/2013,10,FEET,72.6,DEGREES F,8.9,MG/L
08/15/2013,15,FEET,72.5,DEGREES F,8.8,MG/L
08/15/2013,20,FEET,67.2,DEGREES F,8.4,MG/L
08/15/2013,25,FEET,55.2,DEGREES F,7.9,MG/L
08/15/2013,30,FEET,50,DEGREES F,1.7,MG/L
09/13/2013,0,FEET,73.4,DEGREES F,8.5,MG/L
09/13/2013,5,FEET,72.5,DEGREES F,8.4,MG/L
09/13/2013,10,FEET,71.4,DEGREES F,8.4,MG/L
09/13/2013,15,FEET,71,DEGREES F,8.4,MG/L
09/13/2013,20,FEET,69.6,DEGREES F,7.8,MG/L
09/13/2013,25,FEET,57,DEGREES F,6.4,MG/L
09/13/2013,30,FEET,51.6,DEGREES F,1,MG/L
05/17/2014,0,FEET,52,DEGREES F,11.2,MG/L
05/17/2014,5,FEET,,,11.2,MG/L
05/17/2014,10,FEET,,,11.2,MG/L
05/17/2014,15,FEET,,,11.4,MG/L
05/17/2014,20,FEET,,,12,MG/L
05/17/2014,25,FEET,,,13,MG/L
05/17/2014,30,FEET,,,11.1,MG/L
06/21/2014,0,FEET,73.2,DEGREES F,8.7,MG/L
06/21/2014,5,FEET,70.8,DEGREES F,9,MG/L
06/21/2014,10,FEET,69.8,DEGREES F,9.2,MG/L
06/21/2014,15,FEET,68.5,DEGREES F,8.7,MG/L
06/21/2014,20,FEET,58.1,DEGREES F,9.6,MG/L
06/21/2014,25,FEET,52.5,DEGREES F,9.8,MG/L
06/21/2014,30,FEET,50.1,DEGREES F,9,MG/L
07/25/2014,0,FEET,76.8,DEGREES F,8.4,MG/L
07/25/2014,5,FEET,76.8,DEGREES F,8.4,MG/L
07/25/2014,10,FEET,76.4,DEGREES F,8.5,MG/L
07/25/2014,15,FEET,75.9,DEGREES F,8.5,MG/L
07/25/2014,20,FEET,66.5,DEGREES F,8.7,MG/L
07/25/2014,25,FEET,54.8,DEGREES F,9.8,MG/L
07/25/2014,30,FEET,51.2,DEGREES F,4,MG/L
08/22/2014,0,FEET,75,DEGREES F,8.4,MG/L
08/22/2014,5,FEET,75,DEGREES F,8.4,MG/L
08/22/2014,10,FEET,75,DEGREES F,8.4,MG/L
08/22/2014,15,FEET,75,DEGREES F,8.2,MG/L
08/22/2014,20,FEET,69.6,DEGREES F,7.6,MG/L
08/22/2014,25,FEET,57.3,DEGREES F,8.3,MG/L
08/22/2014,30,FEET,51.9,DEGREES F,5.1,MG/L
09/25/2014,0,FEET,65.4,DEGREES F,9.4,MG/L
09/25/2014,5,FEET,64.2,DEGREES F,9.5,MG/L
09/25/2014,10,FEET,63.8,DEGREES F,9.5,MG/L
09/25/2014,15,FEET,63.1,DEGREES F,9.2,MG/L
09/25/2014,20,FEET,62.6,DEGREES F,8.6,MG/L
09/25/2014,25,FEET,62.4,DEGREES F,8.4,MG/L
09/25/2014,30,FEET,54.6,DEGREES F,2.8,MG/L
10/10/2014,0,FEET,54.6,DEGREES F,9.7,MG/L
10/10/2014,5,FEET,54.3,DEGREES F,9.8,MG/L
10/10/2014,10,FEET,53.9,DEGREES F,9.7,MG/L
10/10/2014,15,FEET,53.9,DEGREES F,9.4,MG/L
10/10/2014,20,FEET,53.9,DEGREES F,9.4,MG/L
10/10/2014,25,FEET,53.9,DEGREES F,9.4,MG/L
10/10/2014,30,FEET,53.9,DEGREES F,9.2,MG/L
05/21/2015,0,FEET,59.7,DEGREES F,9.4,MG/L
05/21/2015,5,FEET,58.5,DEGREES F,9.7,MG/L
05/21/2015,10,FEET,57.5,DEGREES F,9.9,MG/L
05/21/2015,15,FEET,57.3,DEGREES F,10,MG/L
05/21/2015,20,FEET,56.8,DEGREES F,10,MG/L
05/21/2015,25,FEET,50.9,DEGREES F,8.8,MG/L
05/21/2015,30,FEET,49.8,DEGREES F,8.3,MG/L
05/30/2015,0,FEET,65.6,DEGREES F,9.6,MG/L
05/30/2015,5,FEET,65.4,DEGREES F,9.6,MG/L
05/30/2015,10,FEET,64.7,DEGREES F,9.7,MG/L
05/30/2015,15,FEET,60,DEGREES F,9.8,MG/L
05/30/2015,20,FEET,57,DEGREES F,9.8,MG/L
05/30/2015,25,FEET,51.9,DEGREES F,8.4,MG/L
05/30/2015,30,FEET,49.8,DEGREES F,6,MG/L
06/26/2015,0,FEET,76.8,DEGREES F,8.8,MG/L
06/26/2015,5,FEET,74.4,DEGREES F,8.9,MG/L
06/26/2015,10,FEET,74.1,DEGREES F,9,MG/L
06/26/2015,15,FEET,70.8,DEGREES F,9,MG/L
06/26/2015,20,FEET,60,DEGREES F,8.9,MG/L
06/26/2015,25,FEET,54.5,DEGREES F,5.5,MG/L
06/26/2015,30,FEET,51.2,DEGREES F,3,MG/L
07/17/2015,0,FEET,77.7,DEGREES F,8.2,MG/L
07/17/2015,5,FEET,76.4,DEGREES F,8.5,MG/L
07/17/2015,10,FEET,75.9,DEGREES F,8.7,MG/L
07/17/2015,15,FEET,73,DEGREES F,7.4,MG/L
07/17/2015,20,FEET,62.4,DEGREES F,6.5,MG/L
07/17/2015,25,FEET,54.6,DEGREES F,2.9,MG/L
07/17/2015,30,FEET,51.6,DEGREES F,.6,MG/L
08/17/2015,0,FEET,79.4,DEGREES F,8.4,MG/L
08/17/2015,5,FEET,78.9,DEGREES F,8.6,MG/L
08/17/2015,10,FEET,77.9,DEGREES F,8.4,MG/L
08/17/2015,15,FEET,75.5,DEGREES F,8.6,MG/L
08/17/2015,20,FEET,66.2,DEGREES F,6.3,MG/L
08/17/2015,25,FEET,55.9,DEGREES F,1.6,MG/L
08/17/2015,30,FEET,51.9,DEGREES F,.9,MG/L
09/25/2015,0,FEET,69,DEGREES F,8.3,MG/L
09/25/2015,5,FEET,67.8,DEGREES F,8.4,MG/L
09/25/2015,10,FEET,67.6,DEGREES F,8.4,MG/L
09/25/2015,15,FEET,67.4,DEGREES F,8.4,MG/L
09/25/2015,20,FEET,67.4,DEGREES F,8.2,MG/L
09/25/2015,25,FEET,62.4,DEGREES F,2.4,MG/L
09/25/2015,30,FEET,53,DEGREES F,.3,MG/L
05/05/2016,0,FEET,56.1,DEGREES F,10,MG/L
05/05/2016,5,FEET,55.7,DEGREES F,10,MG/L
05/05/2016,10,FEET,55.7,DEGREES F,10.4,MG/L
05/05/2016,15,FEET,55.5,DEGREES F,10.5,MG/L
05/05/2016,20,FEET,52.5,DEGREES F,10.5,MG/L
05/05/2016,25,FEET,50,DEGREES F,10.6,MG/L
05/05/2016,30,FEET,46.9,DEGREES F,9.2,MG/L
06/24/2016,0,FEET,74.8,DEGREES F,8.3,MG/L
06/24/2016,5,FEET,74.6,DEGREES F,8.2,MG/L
06/24/2016,10,FEET,74.4,DEGREES F,8.1,MG/L
06/24/2016,15,FEET,72.8,DEGREES F,8.2,MG/L
06/24/2016,20,FEET,60.6,DEGREES F,9.1,MG/L
06/24/2016,25,FEET,54.3,DEGREES F,6.5,MG/L
06/24/2016,30,FEET,51.6,DEGREES F,3.8,MG/L
07/25/2016,0,FEET,80.8,DEGREES F,7.7,MG/L
07/25/2016,5,FEET,,,7.9,MG/L
07/25/2016,10,FEET,,,8,MG/L
07/25/2016,15,FEET,,,8.1,MG/L
07/25/2016,20,FEET,,,8.1,MG/L
07/25/2016,25,FEET,,,6.6,MG/L
07/25/2016,30,FEET,,,3.6,MG/L
08/26/2016,0,FEET,74.4,DEGREES F,7.6,MG/L
08/26/2016,5,FEET,74.1,DEGREES F,7.6,MG/L
08/26/2016,10,FEET,73.9,DEGREES F,7.6,MG/L
08/26/2016,15,FEET,73.9,DEGREES F,7.5,MG/L
08/26/2016,20,FEET,73.7,DEGREES F,7.5,MG/L
08/26/2016,25,FEET,61.5,DEGREES F,3.8,MG/L
08/26/2016,30,FEET,54.6,DEGREES F,1.6,MG/L
09/15/2016,0,FEET,70.5,DEGREES F,8,MG/L
09/15/2016,5,FEET,,,8,MG/L
09/15/2016,10,FEET,,,8,MG/L
09/15/2016,15,FEET,,,8,MG/L
09/15/2016,20,FEET,,,7.9,MG/L
09/15/2016,25,FEET,,,8,MG/L
09/15/2016,30,FEET,,,1.4,MG/L
10/02/2016,0,FEET,66.5,DEGREES F,,
10/06/2016,0,FEET,64.6,DEGREES F,,
05/05/2017,0,FEET,55.2,DEGREES F,9.9,MG/L
05/05/2017,5,FEET,52.5,DEGREES F,9.9,MG/L
05/05/2017,10,FEET,51.6,DEGREES F,10,MG/L
05/05/2017,15,FEET,50.3,DEGREES F,10,MG/L
05/05/2017,20,FEET,49.8,DEGREES F,10,MG/L
05/05/2017,25,FEET,48.9,DEGREES F,10,MG/L
05/05/2017,30,FEET,48.5,DEGREES F,9.6,MG/L
06/05/2017,0,FEET,68.9,DEGREES F,8.6,MG/L
06/05/2017,5,FEET,68.3,DEGREES F,8.9,MG/L
06/05/2017,10,FEET,67.4,DEGREES F,8.9,MG/L
06/05/2017,15,FEET,62.9,DEGREES F,9,MG/L
06/05/2017,20,FEET,58.2,DEGREES F,9.2,MG/L
06/05/2017,25,FEET,53.7,DEGREES F,9.2,MG/L
06/05/2017,30,FEET,51.9,DEGREES F,7.8,MG/L
06/29/2017,0,FEET,69.6,DEGREES F,8,MG/L
06/29/2017,5,FEET,69.6,DEGREES F,8.2,MG/L
06/29/2017,10,FEET,69.2,DEGREES F,8,MG/L
06/29/2017,15,FEET,69.2,DEGREES F,7.8,MG/L
06/29/2017,20,FEET,65.4,DEGREES F,8,MG/L
06/29/2017,25,FEET,56.6,DEGREES F,7.6,MG/L
06/29/2017,30,FEET,53.6,DEGREES F,3.2,MG/L
07/28/2017,0,FEET,78.8,DEGREES F,7.7,MG/L
07/28/2017,5,FEET,78.4,DEGREES F,8,MG/L
07/28/2017,10,FEET,77.5,DEGREES F,7.8,MG/L
07/28/2017,15,FEET,76.4,DEGREES F,8,MG/L
07/28/2017,20,FEET,69.8,DEGREES F,8.1,MG/L
07/28/2017,25,FEET,60.2,DEGREES F,6.1,MG/L
07/28/2017,30,FEET,55.2,DEGREES F,1.4,MG/L
09/21/2017,0,FEET,68.7,DEGREES F,7.8,MG/L
09/21/2017,5,FEET,68.3,DEGREES F,7.9,MG/L
09/21/2017,10,FEET,68,DEGREES F,8.1,MG/L
09/21/2017,15,FEET,68,DEGREES F,8.1,MG/L
09/21/2017,20,FEET,67.6,DEGREES F,7.8,MG/L
09/21/2017,25,FEET,66.5,DEGREES F,6.6,MG/L
09/21/2017,30,FEET,59.1,DEGREES F,1.2,MG/L
10/13/2017,0,FEET,57.8,DEGREES F,,



Start Date,Fieldwork Comment
07/10/1987,Slight hazy sun.  1 1/2" of rain the last two nights.    
08/06/1998,Hazy- 10% clouds.  N wind 5-10 mph. 1" rain on 8/4. air 75 degrees.  Water temp. 76 degrees.    
08/20/1998,5% clouds- wind 10 mph.- 80 degrees.  5" rain in last 2 weeks. Water temp. 76 degrees.    
08/30/1998,5% clouds- wind 5 mph- 78 degrees.  Water temp. 76 degrees.    
09/08/1998,5% clouds- wind 5 mph- 75 degrees.  Water temp. 74 degrees.    
09/25/1998,40% clouds- wind 15 mph- 65 degrees. water temp. 68 degrees.    
10/10/1998,30% clouds wind 5 mph. 60 degrees. water temp. 60 degrees.    
04/30/1999,Clear sky. calm. sunny. 70 F. 1 pair loons arrived 3 weeks ago. no boat traffic yet. water temp 64 F.    
05/20/1999,Partly cloudy. wind approx. 12 mph.  Air temp 68 F. 1 pair loons. not a lot of boat traffic. water temp 62 F.    
06/17/1999,Clear sky. some small clouds. air temp 72 F. winds 5 mph. water temp 68 F.    
07/10/1999,More than average boat traffic.  Very little wind. air temp 78 F. many people enjoying the lake this week. water temp 74 F.    
07/29/1999,Unusually hot (86 F) and humid (80%) day.  Dew point 72. 5 mph wind.  Sunny.  Several loons + ducks.  No boat traffic. clear. water temp 84 F.    
08/31/1999,Air temp 70 F.  50% clouds.  Windy (12 mph).  Geese are flocking.  It's been a very warm summer. water temp 74 F.    
09/24/1999,Air temp 60 F.  Wind 8 mph.  Clear skies. adult loons are gone.  Geese flocking.  Very little boat traffic. water temp 64 F.    
10/10/1999,20% clouds.  Air temp 64 F.  Winds @ 5 mph.  No boat traffic. Baby loons still on lake. Water temp 56 F.    
05/04/2000,Partly cloudy skies- no traffic on lake yet- air temperature is 85 degrees- water temperature is 60 degrees- loons arrived on 4/4- and saw baby geese.    
06/17/2000,50% clouds- slight breeze- air temperature is 65 degrees- water temperature is 72 degrees- few people on lake- and baby ducks and geese around.    
07/14/2000,10% cloud cover- 5 mph breeze- air temperature is 80 degrees- water temperature is 76 degrees- only one loon seen lately- and had 8" of rain on 7/8.    
08/07/2000,40% cloud cover- loons did not breed this year- too many jet skies- water temperature is 78 degrees- and air temperature is 84 degrees.    
09/07/2000,Windy - 10 mph- 20% cloud cover- air temperature is 70 degrees- water temperature is 70 degrees- and don't see any baby loons.    
10/08/2000,Clear sky- wind 7 mph- water temperature is 66 degrees- air temperature is 64 degrees- and lots of scum on lake today. it's been windy this year.  Loons have stopped having babies on our lake- lots of boat traffic this year- drive very close to shoreline.    
05/18/2001,Air temp 70 F- Water temp 65 F.  15% cloud cover.  Very little traffic on lake.    
06/09/2001,Air temp 75 F.  Water temp 68 F.  Still not a lot of lake traffic.  25% clouds.  5 mph breeze.    
07/02/2001,High boat traffic.  More boats on lake than in previous years - increased jet skis.  Loons not mating.  Air temp 78 F.  Water temp 74 F.    
07/29/2001,Air temp 85 F.  Water temp 78 F.  Partly cloudy.  No breeze.  A lot of boat traffic.  3 new homes on lake.    
10/16/2001,Partly cloudy- breezy.  Air temp 50 F.  Water temp 50 F.  Geese flocking.  Migratory birds on lake.    
05/13/2002,Air temperature is 65 degrees- water temperature is 62 degrees- slight breeze- partly cloudy- and no traffic on lake yet.    
06/12/2002,Air temperature is 70 degrees- water temperature is 70 degrees- clear sky- not a lot of lake traffic yet - it's been too cool.    
07/09/2002,Air temperature is 65 degrees- water temperature is 78 degrees- breezy at 5 mph- partly cloudy- no breeding loons- too much traffic.    
08/01/2002,Water temperature is 78 degrees- air temperature is 90 degrees- partly cloudy- 7 mph breeze- very hot August and rainy- much boat traffic.    
08/25/2002,Air temperature is 82 degrees- water temperature is 75 degrees- partly cloudy- slight breeze- and lots of rain this year - above average.    
09/28/2007,Millions of freshwater jellyfish in the water.  Sunny- no wind.  No boats.  Water temp 64 F.  Air temp 70 F.  Beautiful day.
10/12/2007,No wind. Broken clouds with some sun. No wind.  No boats.  Water temp 56 F.  All the jellyfish are gone.
05/18/2008,Wind 10 mph out of West.  Ice out of lake on 0423.  Air temp is 55.  Surface water temp is 55.  Two loons are back again this year.
06/14/2008,Sunny- ligth clouds and wind about 10 mph.  Has been raining for two weeks and lake has risen about 2.5 inches over that time.  No boat traffic.
06/20/2008,Bright- sunny day with light breeze.  Lake has a lot of the yellow floating debris from the trees.  We have only seen one loon for the last several days now.
07/14/2008,Bright sunny day- clear sky- wind 10-15 mph- no boats.  2 loons plus their recent baby loon.
08/07/2008,Clear day- very light breeze.  No boat traffic.  Baby loon still on the back of its mother.
08/17/2008,Very light breeze.  Bright- sunny day.  No boat traffic.  Baby loon is growing quite fast considering its very late start.
08/30/2008,Bright sunny day.  Wind about 5 mph.  No boat traffic.  All 3 loons close by.
09/12/2008,Clear day- no wind- no boats. Young loon getting bigger. Clear day- no wind- no boats. Young loon getting bigger.
10/02/2008,Sunny day- light breeze- no boat traffic.  Two baby loons still on the lake.
10/11/2008,Gray and overcast.  Light wind.  No boat traffic.  Two baby loons still on the lake.  Very small fresh water jellyfish seen on west end of lake about 2 feet under the surface.  About the diameter of a little finger.
10/17/2008,Bright day.  Light breeze.  No boat traffic.   No jellyfish to be seen anywhere on the lake.  Both baby loons are still present.  this will be the last entry for the year.
04/25/2009,Partly cloudy- wind about 10 mph.  Water temp at 51 F.  Both loons on the the water.  Two eagles soaring also.
05/08/2009,Sunny with wispy clouds. Wind from the west around 10 mph.  Ice out this year on April 7th.  Water temp at 59 F.  Both loons on the water.
05/17/2009,Bright sunny cloudless day with wind abut 10 mph out of the southwest.  Surface temp of the water is 62 F.  2 loons on the water.  No boat traffic.  When testing the secchi- I had to extend all of the line plus most of my arm and could still see the disk clearly.  Recorded at 30+ feet!  I have never seen the water better than this.
05/23/2009,Sunny- clear with light wind around 8 mph.  More boat traffic than normal.  Surface water temp at 62 F.  Two loons on the water.
06/11/2009,Partly cloudy and light wind from west around 10 mph.  One loon on the water.  Lake has a lot of the yellow particles from the pine trees on it and the water is noticeably greenish.  No boat traffic.
06/12/2009,Bright sunshine- a few wispy clouds.  Light breeze out of the west around 5 mph.  One loon on the water.  A little boat traffic.  
06/23/2009,Beautiful sunny day.  Light wind of 5-7 mph.  Two loons on the water.  No sign of a baby loon.  No boat traffic.
07/18/2009,
Cool and overcast.  Light wind about 5 mph.  No boat traffic.  Two loons on the water.  Surface water temperature at 67 F.
07/19/2009,Bright sunny day.  Very light breeze.  Two loons on the water.  No boat traffic.
08/06/2009,Sunny skies with light puffy clouds.  Wind at 5 to 7 mph.  No boat traffic.  One loon in the area.
08/21/2009,Overcast with a light wind around 8 to 10 mph.  Both loons present.
08/30/2009,Sunny days with light clouds.  Wind light around 4-5 mph.  No boat traffic.  Both loons present.
09/04/2009,Bright sunshine.  No wind.  No boat traffic.  Water surface temp 72 F.  Two loons on the lake.
09/11/2009,Sunny day with wind between 5 and 10 mph.  No boat traffic.  Two loons in the area.
09/18/2009,Bringt sunny day.  Wind at about 5 mph.  No boats.  No loons around.  Water surface temp at 71 F.
10/17/2009,Clear day- light wind around 5 to 8 mph.  No boat traffic.  The loons have left.  Looked to see if freshwater jellyfish present but did not see any.
04/11/2010,First reading for 2010.  Ice out very early this year -- March 28th.  Bright sunny day- no clouds- slight breeze 5 mph.  No boat traffic.  Have heard the loons but have not seen them on the lake yet.
05/02/2010,Sunny day with winds around 15 mph.  Very little boat traffic.  Water surface temp at 55 F  No loons to be seen today.
05/15/2010,Beautiful clear day.  No clouds- no wind and bright sunshine.  No boat traffic.  One loon on the lake.
05/28/2010,Beautiful sunny day.  Wispy clouds and a very light breeze at about 3 mph.  Small amount of boat traffic.  No loons visible.  The surface of the lake is warming up.
06/05/2010,Overcast with sprinkles of rain.  Wind around 5 mph  This is the first satellite day but it will probably be too cloudy for a reading.  No boat traffic.  The loon is on the nest.
06/24/2010,Beautiful day for testing.  Bright sunshine- wispy clouds and almost no breeze.  No boat traffic.  The loon is still on her nest and has been there for most of the month.  
07/09/2010,Beautiful day- 83 degrees with a breeze around 10-12 mph.  Bright and sunny with no clouds.  Some boat traffic.  The loon pair had one baby loon.  Born on June 29.  Unfortunately it disappeared two days later.
07/17/2010,Beautiful clear day- bright and sunny- no clouds- and not a breeze.  No boat traffic.  Three loons on the lake.
08/12/2010,Beautiful sunny day.  Light breeze from the southwest at 5 mph.  Blue sky with a few puffy clouds.  No boat traffic.  One loon in the area.
09/05/2010,Beautiful clear day- no clouds- light breeze at 5 to 8 mph.  Some boat traffic.  No loons to be seen.
09/19/2010,Clear skies- light breeze at 3-5 mph.  No traffic- and one immature loon on the lake.
10/08/2010,Beautiful day.  Bright sunshine- no clouds in the sky.  71 degrees.  Wind about 5 mph from the southwest.  No boat traffic.  No loons on the lake.
10/15/2010,Beautiful fall day. Bright sun- no clouds- no wind.  No boat traffic.  This will be my last entry for 2010.
05/07/2011,First testing for 2011.  Ice out late- on April 12th.  Water up over fall of last year.  This year we will also be sampling for chlorophyll and phosphorus.  Two loons on the lake.  They were late in coming also.  Sunny day with breeze about 10 mph.  Temperature in the 60's.
06/03/2011,Sunny with puffy clouds but wind in excess of 15 mph.  No boat traffic.  Saw one loon this morning- but have seen three together on the lake the past week.
06/30/2011,Beautiful sunny day with scattered clouds.  Wind around 12-15 mph.  Small amount of boat traffic.
07/13/2011,Sunny day with puffy white clouds.  Wind out of the east around 7-8 mph.  No boat traffic.  One loon in the area.
08/16/2011,Nice day- partially sunny and winds around 8 mph.  No boat traffic.  Two loons onthe water.
09/09/2011,Bringt sunny day.  No wind- no boat traffic.  Two loons on the lake.
05/19/2012,Bright sunshine with winds about 10 mph.  No loons seen today but a pair is back and hopefully preparing a nest.  No boat traffic.
06/10/2012,Bright sunny hot day. Wind at 10-15 mph when I started sampling but was 25 mph+ by the time I was done.  Considerable boat traffic.  Two loons present since their failed nesting attempt ended near the end of May.
06/30/2012,Sunny- warm day with some thin clouds. Wind at 5 mph.  Some boat traffic.  No loons seen on the lake today.
07/11/2012,Bright sunny morning.  No clouds and wind around 8 mph.  No boat traffic.  No loons in sight but can hear them calling periodically.
07/21/2012,Bright clear day.  Some boat traffic.  Slight breeze.  Two loons in the area.
08/17/2012,Beautiful sunny day with a clear sky.  Winds arund 10 mph.  No boat traffic.  One loon in the area.
09/04/2012,Partly cloudy- slight breeze.  Boat traffic present.
09/14/2012,Cloudless bright day.  Breeze from northwest around 7 mph.  No boat traffic.  One loon in the area.  Very small (3/8") freshwater jellyfish can be seen in the lake.
05/10/2013,First test of the year.  Ice out on May 2nd.  Bright s;unny afternoon.  Light breeze.  One loon heard on lake on May 5th.  Two loons on lake today.
06/01/2013,Overcast morning.  Very little breeze.  No boat traffic.
06/21/2013,Sunny afternoon with partial clouds.  Light breeze around 5 mph.  Some boat traffic.  Two loons on the lake after a failed nesting attempt.
07/03/2013,Bright sunny late afternoon.  No clouds.  Very light breeze.  Lot of boat traffic.
08/15/2013,Blue sky and puffy white clouds in the late afternoon.  Wind around 8-10 mph.  Some boat traffic.  3 loons together on the lake.
09/13/2013,Bright clear afternoon.  No clouds and no breeze.  No boat traffic.  One loon on the lake.  The lake has dropped 12.5 inches from its high in the spring.
10/10/2013,Sunny afternoon.  Clear skies- Wind arund 10 mph.  No boat traffic.  Loons are gone.  This will be the last entry for 2013.
05/17/2014,The ice went out of Lake Viola on April 28th.  The day is partly cloudy with winds around 10 mph.  2 loons are on the lake but haven't shown any indication of nesting yet.  No boat traffic.  Temperature data missing as my temperature monitor needs replacing. 
06/21/2014,Bright sunny day. Winds around 8 to 10 mph.  Some boat traffic.
07/25/2014,Totally overcast.  Light breeze at 5 mph. No boat traffic.
08/22/2014,Completely overcast.  Wind about 5-8 mph.  A little boat traffic.  No loons in the area.
09/25/2014,Beautiful clear day with bright sunshine.  Winds at 2-5 mph.  No boat traffic.  No loons present on the lake.
10/10/2014,Most cloudy with light wind around 5 mph.  No boat traffic.  No loons.  This will be the last testing of Lake Viola for 2014.
04/17/2015,Ice out on March 29th.  
05/21/2015,Clear blue sky.  Wind around 10 mph.  No boat traffic.  No loons.  Beautiful day.
05/30/2015,Beautiful clear day.  Light breeze.  The pine pollen that was all over the lake is pretty well gone and the lake is much clearer.  No boat traffic.
06/26/2015,Clear bright day- no clouds.  A light breeze- 2-3 mph.  No boat traffic.  6 loons on the lake -- 2 parents with 2 new chicks- and two under younger birds on the other end of the lake.
07/07/2015,Clear evening. Bright sunshine with no wind. No boat traffic. Two adult loons plus one chick.
07/17/2015,Partly cloudy.  Winds around 6 mph. No boat traffic.  Two loons plus chick on west end and two single loons on east end of lake.
08/17/2015,Cloudy day with breeze around 5 mph.  No traffic.  Loon and chick on the lake.
09/03/2015,Clear sunny day with light breeze. No boat traffic. Loon and chick on the lake.
09/25/2015,Partly sunny with breeze about 8 mph.  No boat traffic.  Freshwater jellyfish still suspended over deep water on west end.  Thermocline normally around 17 feet is gone- indicating lake is starting to mix. One loon adult and one chick still on the lake.
10/04/2015,Partly cloudy day. Almost no wind. The freshwater jellyfish are still suspended over deep water.  No boat traffic.  Surface water temperature has dropped to 62 F.  One loon chick still on the lake.
10/22/2015,This will be the last test for the year.  Bright sunny day. No wind. No boat traffic.  Surface temp down to 53 F.  Signs the lake is equalizing in temp.  The freshwater jellyfish are gone now.  No loons present.
04/13/2016,First testing of the year.  Ice went out very early this year- on March 25th.  Two loons back on the lake April 4th.  Today is sunny- no clouds- and wind at about 10 mph.
04/23/2016,Sunny day.  Light wind at around 5 mph.  No boat traffic.  One loon in sight.  Surface temp is now 54.5 F- up from 49 F two weeks ago.
04/29/2016,Sunny day with almost no clouds.  Wind around 7 mph.  No boat traffic.  Two loons on the lake.
05/05/2016,Bright sunny day with slight clouds.  Wind around 8 mph.  No boat traffic.  No loons in sight.
05/30/2016,Partly cloudy with wind around 7 or 8 mph.  Some boat traffic. One loon on east end of lake.
06/24/2016,Bright sunny morning with light wispy clouds.  Breeze out of southeast around 5 mph.  Some boat traffic.  Two loons on lake.
07/09/2016,Clear bright sunny day.  Wind around 5 mph.  A little boat traffic. Two loons on the lake.
07/25/2016,Sunny day with puffy clouds.  Wind around 8 to 10 mph.  No boat traffic.  My temperature monitoring instrument stopped working so no temp by depth data.
08/14/2016,Sunny evening.  No wind.  One loon in the area.  No boat traffic.
08/26/2016,Beautiful clear day. No wind. Lake is like glass.  Some boat traffic.  One loon in the area.
09/15/2016,Totally overcast day.  Wind 5-8 mph.  No boat traffic.  No loons in the area.  The freshwater jellyfish showed up on the lake about two weeks ago.  Found them in deep water and also the shallow bay near the public launch.  No temperature readings as my temperature probe unit stopped working.
10/02/2016,Bright sunny day.  No wind.  Water is like glass.  No boat traffic.  Loons are gone. Freshwater jellyfish are gone also.
10/06/2016,Sunny day with light wispy clouds.  Breeze at 3 to 4 mph.  No boat traffic.  No loons.  No jellyfish.  This will be the last entry for 2016.
04/21/2017,First day of testing in 2017.  Ice out on March 28th.  Two loons back on lake on April 4th.  Today- sunny day with wispy clouds.  Breeze at 6-8 mph.  Surface water temp at 52 F.  No boat traffic.  Two loons by point.  The lake really looks healthy.
05/05/2017,Great day to test! Bright sun- wispy clouds.  Breeze ranging from 2 mph to gusts of 10 mph.  No boat traffic. One loon in the area.
06/05/2017,Beautiful sunny clear day.  Very light breeze around 4-5 mph.  No boat traffic.  No loons to be seen- although they do have a nest this year.
06/29/2017,Totally overcast day.  Wind about 10 mph.  No boat traffic.  One loon in the areal.
07/28/2017,Beautiful sunny day with wispy clouds.  Breeze around 3-5 mph.  Some boat traffic.  2 loons in the area.
09/09/2017,Sunny day.  Light breeze.  No boat traffic.
09/21/2017,Bright sunny afternoon.  Wind out of the southeast at 12 to 15 mph.  No boat traffic.  No loons to be seen.
10/13/2017,Cloudy day.  Breeze 5 to 8 mph.  No boat traffic.  One juvenile loon.  This will be the last entry for the year.  Lake seems to be clear on the surface but murkier deeper.  I suspect some inversion is starting.  Cloudy day.  Breeze 5 to 8 mph.  No boat traffic.  One juvenile loon.  This will be the last entry for the year.  Lake seems to be clear on the surface but murkier deeper.  I suspect some inversion is starting.




Start Date,Group Name,Project Name
07/10/1987,James Ornberg,Citizen Lake Monitoring - Water Quality - Viola Lake - Deep Hole
08/06/1998,Sandra Brusewitz,Citizen Lake Monitoring - Water Quality - Viola Lake - Deep Hole
08/20/1998,Sandra Brusewitz,Citizen Lake Monitoring - Water Quality - Viola Lake - Deep Hole
08/30/1998,Sandra Brusewitz,Citizen Lake Monitoring - Water Quality - Viola Lake - Deep Hole
09/08/1998,Sandra Brusewitz,Citizen Lake Monitoring - Water Quality - Viola Lake - Deep Hole
09/25/1998,Sandra Brusewitz,Citizen Lake Monitoring - Water Quality - Viola Lake - Deep Hole
10/10/1998,Sandra Brusewitz,Citizen Lake Monitoring - Water Quality - Viola Lake - Deep Hole
04/30/1999,Sandra Brusewitz,Citizen Lake Monitoring - Water Quality - Viola Lake - Deep Hole
05/20/1999,Sandra Brusewitz,Citizen Lake Monitoring - Water Quality - Viola Lake - Deep Hole
06/17/1999,Sandra Brusewitz,Citizen Lake Monitoring - Water Quality - Viola Lake - Deep Hole
07/10/1999,Sandra Brusewitz,Citizen Lake Monitoring - Water Quality - Viola Lake - Deep Hole
07/29/1999,Sandra Brusewitz,Citizen Lake Monitoring - Water Quality - Viola Lake - Deep Hole
08/31/1999,Sandra Brusewitz,Citizen Lake Monitoring - Water Quality - Viola Lake - Deep Hole
09/24/1999,Sandra Brusewitz,Citizen Lake Monitoring - Water Quality - Viola Lake - Deep Hole
10/10/1999,Sandra Brusewitz,Citizen Lake Monitoring - Water Quality - Viola Lake - Deep Hole
05/04/2000,Sandra Brusewitz,Citizen Lake Monitoring - Water Quality - Viola Lake - Deep Hole
06/17/2000,Sandra Brusewitz,Citizen Lake Monitoring - Water Quality - Viola Lake - Deep Hole
07/14/2000,Sandra Brusewitz,Citizen Lake Monitoring - Water Quality - Viola Lake - Deep Hole
08/07/2000,Sandra Brusewitz,Citizen Lake Monitoring - Water Quality - Viola Lake - Deep Hole
09/07/2000,Sandra Brusewitz,Citizen Lake Monitoring - Water Quality - Viola Lake - Deep Hole
10/08/2000,Sandra Brusewitz,Citizen Lake Monitoring - Water Quality - Viola Lake - Deep Hole
05/18/2001,Sandra Brusewitz,Citizen Lake Monitoring - Water Quality - Viola Lake - Deep Hole
06/09/2001,Sandra Brusewitz,Citizen Lake Monitoring - Water Quality - Viola Lake - Deep Hole
07/02/2001,Sandra Brusewitz,Citizen Lake Monitoring - Water Quality - Viola Lake - Deep Hole
07/29/2001,Sandra Brusewitz,Citizen Lake Monitoring - Water Quality - Viola Lake - Deep Hole
09/12/2001,Sandra Brusewitz,Citizen Lake Monitoring - Water Quality - Viola Lake - Deep Hole
10/16/2001,Sandra Brusewitz,Citizen Lake Monitoring - Water Quality - Viola Lake - Deep Hole
05/13/2002,Sandra Brusewitz,Citizen Lake Monitoring - Water Quality - Viola Lake - Deep Hole
06/12/2002,Sandra Brusewitz,Citizen Lake Monitoring - Water Quality - Viola Lake - Deep Hole
07/09/2002,Sandra Brusewitz,Citizen Lake Monitoring - Water Quality - Viola Lake - Deep Hole
08/01/2002,Sandra Brusewitz,Citizen Lake Monitoring - Water Quality - Viola Lake - Deep Hole
08/25/2002,Sandra Brusewitz,Citizen Lake Monitoring - Water Quality - Viola Lake - Deep Hole
09/28/2007,Jim Cook- Mary Cook,Citizen Lake Monitoring - Water Quality - Viola Lake - Deep Hole
10/12/2007,Jim Cook- Mary Cook,Citizen Lake Monitoring - Water Quality - Viola Lake - Deep Hole
05/18/2008,Jim Cook- Mary Cook,Citizen Lake Monitoring - Water Quality - Viola Lake - Deep Hole
05/28/2008,Jim Cook- Mary Cook,Citizen Lake Monitoring - Water Quality - Viola Lake - Deep Hole
06/14/2008,Jim Cook- Mary Cook,Citizen Lake Monitoring - Water Quality - Viola Lake - Deep Hole
06/20/2008,Jim Cook- Mary Cook,Citizen Lake Monitoring - Water Quality - Viola Lake - Deep Hole
07/14/2008,Jim Cook- Mary Cook,Citizen Lake Monitoring - Water Quality - Viola Lake - Deep Hole
08/07/2008,Jim Cook- Mary Cook,Citizen Lake Monitoring - Water Quality - Viola Lake - Deep Hole
08/17/2008,Jim Cook- Mary Cook,Citizen Lake Monitoring - Water Quality - Viola Lake - Deep Hole
08/30/2008,Jim Cook- Mary Cook,Citizen Lake Monitoring - Water Quality - Viola Lake - Deep Hole
09/12/2008,Jim Cook- Mary Cook,Citizen Lake Monitoring - Water Quality - Viola Lake - Deep Hole
10/02/2008,Jim Cook- Mary Cook,Citizen Lake Monitoring - Water Quality - Viola Lake - Deep Hole
10/11/2008,Jim Cook- Mary Cook,Citizen Lake Monitoring - Water Quality - Viola Lake - Deep Hole
10/17/2008,Jim Cook- Mary Cook,Citizen Lake Monitoring - Water Quality - Viola Lake - Deep Hole
04/25/2009,Jim Cook- Mary Cook,Citizen Lake Monitoring - Water Quality - Viola Lake - Deep Hole
05/08/2009,Jim Cook- Mary Cook,Citizen Lake Monitoring - Water Quality - Viola Lake - Deep Hole
05/17/2009,Jim Cook- Mary Cook,Citizen Lake Monitoring - Water Quality - Viola Lake - Deep Hole
05/23/2009,Jim Cook- Mary Cook,Citizen Lake Monitoring - Water Quality - Viola Lake - Deep Hole
06/11/2009,Jim Cook- Mary Cook,Citizen Lake Monitoring - Water Quality - Viola Lake - Deep Hole
06/12/2009,Jim Cook- Mary Cook,Citizen Lake Monitoring - Water Quality - Viola Lake - Deep Hole
06/23/2009,Jim Cook- Mary Cook,Citizen Lake Monitoring - Water Quality - Viola Lake - Deep Hole
07/18/2009,Jim Cook- Mary Cook,Citizen Lake Monitoring - Water Quality - Viola Lake - Deep Hole
07/19/2009,Jim Cook- Mary Cook,Citizen Lake Monitoring - Water Quality - Viola Lake - Deep Hole
08/06/2009,Jim Cook- Mary Cook,Citizen Lake Monitoring - Water Quality - Viola Lake - Deep Hole
08/21/2009,Jim Cook- Mary Cook,Citizen Lake Monitoring - Water Quality - Viola Lake - Deep Hole
08/30/2009,Jim Cook- Mary Cook,Citizen Lake Monitoring - Water Quality - Viola Lake - Deep Hole
09/04/2009,Jim Cook- Mary Cook,Citizen Lake Monitoring - Water Quality - Viola Lake - Deep Hole
09/11/2009,Jim Cook- Mary Cook,Citizen Lake Monitoring - Water Quality - Viola Lake - Deep Hole
09/18/2009,Jim Cook- Mary Cook,Citizen Lake Monitoring - Water Quality - Viola Lake - Deep Hole
10/17/2009,Jim Cook- Mary Cook,Citizen Lake Monitoring - Water Quality - Viola Lake - Deep Hole
04/11/2010,Jim Cook- Mary Cook,Citizen Lake Monitoring - Water Quality - Viola Lake - Deep Hole
05/02/2010,Jim Cook- Mary Cook,Citizen Lake Monitoring - Water Quality - Viola Lake - Deep Hole
05/15/2010,Jim Cook- Mary Cook,Citizen Lake Monitoring - Water Quality - Viola Lake - Deep Hole
05/28/2010,Jim Cook- Mary Cook,Citizen Lake Monitoring - Water Quality - Viola Lake - Deep Hole
06/05/2010,Jim Cook- Mary Cook,Citizen Lake Monitoring - Water Quality - Viola Lake - Deep Hole
06/24/2010,Jim Cook- Mary Cook,Citizen Lake Monitoring - Water Quality - Viola Lake - Deep Hole
07/09/2010,Jim Cook- Mary Cook,Citizen Lake Monitoring - Water Quality - Viola Lake - Deep Hole
07/17/2010,Jim Cook,Citizen Lake Monitoring - Water Quality - Viola Lake - Deep Hole
08/12/2010,Jim Cook,Citizen Lake Monitoring - Water Quality - Viola Lake - Deep Hole
09/05/2010,Jim Cook,Citizen Lake Monitoring - Water Quality - Viola Lake - Deep Hole
09/19/2010,Jim Cook,Citizen Lake Monitoring - Water Quality - Viola Lake - Deep Hole
10/08/2010,Jim Cook,Citizen Lake Monitoring - Water Quality - Viola Lake - Deep Hole
10/15/2010,Jim Cook,Citizen Lake Monitoring - Water Quality - Viola Lake - Deep Hole
05/07/2011,Jim Cook,Citizen Lake Monitoring - Water Quality - Viola Lake - Deep Hole
05/07/2011,Jim Cook- Mary Cook,Citizen Lake Monitoring - Water Quality - Viola Lake - Deep Hole
06/03/2011,Jim Cook,Citizen Lake Monitoring - Water Quality - Viola Lake - Deep Hole
06/30/2011,Jim Cook,Citizen Lake Monitoring - Water Quality - Viola Lake - Deep Hole
06/30/2011,Jim Cook- Mary Cook,Citizen Lake Monitoring - Water Quality - Viola Lake - Deep Hole
07/13/2011,Jim Cook,Citizen Lake Monitoring - Water Quality - Viola Lake - Deep Hole
07/13/2011,Jim Cook- Mary Cook,Citizen Lake Monitoring - Water Quality - Viola Lake - Deep Hole
08/16/2011,Jim Cook,Citizen Lake Monitoring - Water Quality - Viola Lake - Deep Hole
08/16/2011,Jim Cook- Mary Cook,
09/09/2011,Jim Cook,Citizen Lake Monitoring - Water Quality - Viola Lake - Deep Hole
05/19/2012,Jim Cook,Citizen Lake Monitoring - Water Quality - Viola Lake - Deep Hole
06/10/2012,Jim Cook,Citizen Lake Monitoring - Water Quality - Viola Lake - Deep Hole
06/10/2012,Jim Cook- Mary Cook,
06/30/2012,Jim Cook,Citizen Lake Monitoring - Water Quality - Viola Lake - Deep Hole
07/11/2012,Data Collectors,Citizen Lake Monitoring - Water Quality - Viola Lake - Deep Hole
07/11/2012,Jim Cook,Citizen Lake Monitoring - Water Quality - Viola Lake - Deep Hole
07/21/2012,Jim Cook,Citizen Lake Monitoring - Water Quality - Viola Lake - Deep Hole
08/17/2012,Jim Cook,Citizen Lake Monitoring - Water Quality - Viola Lake - Deep Hole
09/04/2012,Jim Cook,Citizen Lake Monitoring - Water Quality - Viola Lake - Deep Hole
09/14/2012,Jim Cook,Citizen Lake Monitoring - Water Quality - Viola Lake - Deep Hole
05/10/2013,Jim Cook,Citizen Lake Monitoring - Water Quality - Viola Lake - Deep Hole
05/11/2013,Data Collectors,Citizen Lake Monitoring - Water Quality - Viola Lake - Deep Hole
06/01/2013,Jim Cook,Citizen Lake Monitoring - Water Quality - Viola Lake - Deep Hole
06/21/2013,Jim Cook,Citizen Lake Monitoring - Water Quality - Viola Lake - Deep Hole
06/21/2013,MIRIAH COOK,Citizen Lake Monitoring - Water Quality - Viola Lake - Deep Hole
07/03/2013,Jim Cook,Citizen Lake Monitoring - Water Quality - Viola Lake - Deep Hole
08/15/2013,Jim Cook,Citizen Lake Monitoring - Water Quality - Viola Lake - Deep Hole
09/13/2013,Data Collectors,Citizen Lake Monitoring - Water Quality - Viola Lake - Deep Hole
09/13/2013,Jim Cook,Citizen Lake Monitoring - Water Quality - Viola Lake - Deep Hole
10/10/2013,Jim Cook,Citizen Lake Monitoring - Water Quality - Viola Lake - Deep Hole
05/17/2014,Jim Cook,Citizen Lake Monitoring - Water Quality - Viola Lake - Deep Hole
06/21/2014,Data Collectors,Citizen Lake Monitoring - Water Quality - Viola Lake - Deep Hole
06/21/2014,Jim Cook,Citizen Lake Monitoring - Water Quality - Viola Lake - Deep Hole
07/25/2014,Jim Cook,Citizen Lake Monitoring - Water Quality - Viola Lake - Deep Hole
07/25/2014,Jim Cook- Mary Cook,Citizen Lake Monitoring - Water Quality - Viola Lake - Deep Hole
08/22/2014,Data Collectors,Citizen Lake Monitoring - Water Quality - Viola Lake - Deep Hole
08/22/2014,Jim Cook,Citizen Lake Monitoring - Water Quality - Viola Lake - Deep Hole
09/25/2014,Jim Cook,Citizen Lake Monitoring - Water Quality - Viola Lake - Deep Hole
10/10/2014,Jim Cook,Citizen Lake Monitoring - Water Quality - Viola Lake - Deep Hole
04/17/2015,Jim Cook,Citizen Lake Monitoring - Water Quality - Viola Lake - Deep Hole
05/21/2015,Jim Cook,Citizen Lake Monitoring - Water Quality - Viola Lake - Deep Hole
05/30/2015,Jim Cook,Citizen Lake Monitoring - Water Quality - Viola Lake - Deep Hole
06/26/2015,Jim Cook,Citizen Lake Monitoring - Water Quality - Viola Lake - Deep Hole
07/07/2015,Jim Cook,Citizen Lake Monitoring - Water Quality - Viola Lake - Deep Hole
07/17/2015,Data Collectors,Citizen Lake Monitoring - Water Quality - Viola Lake - Deep Hole
07/17/2015,Jim Cook,Citizen Lake Monitoring - Water Quality - Viola Lake - Deep Hole
08/17/2015,Data Collectors,Citizen Lake Monitoring - Water Quality - Viola Lake - Deep Hole
08/17/2015,Jim Cook,Citizen Lake Monitoring - Water Quality - Viola Lake - Deep Hole
09/03/2015,Jim Cook,Citizen Lake Monitoring - Water Quality - Viola Lake - Deep Hole
09/25/2015,Jim Cook,Citizen Lake Monitoring - Water Quality - Viola Lake - Deep Hole
10/04/2015,Jim Cook,Citizen Lake Monitoring - Water Quality - Viola Lake - Deep Hole
10/22/2015,Jim Cook,Citizen Lake Monitoring - Water Quality - Viola Lake - Deep Hole
04/13/2016,Jim Cook,Citizen Lake Monitoring - Water Quality - Viola Lake - Deep Hole
04/23/2016,Jim Cook,Citizen Lake Monitoring - Water Quality - Viola Lake - Deep Hole
04/29/2016,Jim Cook,Citizen Lake Monitoring - Water Quality - Viola Lake - Deep Hole
05/05/2016,Jim Cook,Citizen Lake Monitoring - Water Quality - Viola Lake - Deep Hole
05/30/2016,Jim Cook,Citizen Lake Monitoring - Water Quality - Viola Lake - Deep Hole
06/24/2016,Data Collectors,Citizen Lake Monitoring - Water Quality - Viola Lake - Deep Hole
06/24/2016,Jim Cook,Citizen Lake Monitoring - Water Quality - Viola Lake - Deep Hole
07/09/2016,Jim Cook,Citizen Lake Monitoring - Water Quality - Viola Lake - Deep Hole
07/25/2016,Data Collectors,Citizen Lake Monitoring - Water Quality - Viola Lake - Deep Hole
07/25/2016,Jim Cook,Citizen Lake Monitoring - Water Quality - Viola Lake - Deep Hole
08/14/2016,Jim Cook,Citizen Lake Monitoring - Water Quality - Viola Lake - Deep Hole
08/18/2016,Jim Cook,Citizen Lake Monitoring - Water Quality - Viola Lake - Deep Hole
08/26/2016,Jim Cook,Citizen Lake Monitoring - Water Quality - Viola Lake - Deep Hole
09/15/2016,Jim Cook,Citizen Lake Monitoring - Water Quality - Viola Lake - Deep Hole
10/02/2016,Jim Cook,Citizen Lake Monitoring - Water Quality - Viola Lake - Deep Hole
10/06/2016,Jim Cook,Citizen Lake Monitoring - Water Quality - Viola Lake - Deep Hole
04/21/2017,Jim Cook,Citizen Lake Monitoring - Water Quality - Viola Lake - Deep Hole
05/05/2017,Jim Cook,Citizen Lake Monitoring - Water Quality - Viola Lake - Deep Hole
06/05/2017,Jim Cook,Citizen Lake Monitoring - Water Quality - Viola Lake - Deep Hole
06/29/2017,Jim Cook,Citizen Lake Monitoring - Water Quality - Viola Lake - Deep Hole
07/28/2017,Jim Cook,Citizen Lake Monitoring - Water Quality - Viola Lake - Deep Hole
07/28/2017,ZANA SIJAN,Citizen Lake Monitoring - Water Quality - Viola Lake - Deep Hole
09/09/2017,Jim Cook,Citizen Lake Monitoring - Water Quality - Viola Lake - Deep Hole
09/21/2017,Jim Cook,Citizen Lake Monitoring - Water Quality - Viola Lake - Deep Hole
10/13/2017,Jim Cook,Citizen Lake Monitoring - Water Quality - Viola Lake - Deep Hole
